complaint_text,label
"May utang sa kompanya(Patrick Foods product), dating taga Barangay Quipot lumipat sa Barangay San Jose. Perang inutang sa kompanya.",Money/Debt Disputes
Dumulog sa tanggapan ng Barangay si Gng. Rowena Canale upang isumbong Lonrey Umali gawa ng mga chat niya sa anak kong si Maribel Canale. Ang mga chat niya ay mga bastos. Nais ko siyang makausap at ng malinawan at maitanong sa kanya kung bakit sya ang chachat ng ganon sa anak ko.,Neighbor Disputes
"Dumulog sa tanggapan ng barangay si Jay-R. Bayani upang idulog ang reklamo kay G. Danny Moog sa hindi niya pagtupad sa kanilang usapan sa pagbabayad ng utang. Ayon sa napagkasunduan ay magbibigay ng 20k at magsisimula ang pagbibigay noong katapusan ng Enero 2022, pero hanggang ngayon ay wala pang naibabayad. Wala ding pasabi kung ano na ang nangyayari.",Money/Debt Disputes
"Dumulog sa tanggapan ng Brgy si Gng. Mary Grace Brual upang ireklamo si ""Popolo"" Jayson Maliglig dahil sa pagbabanta nito sa kanyang anak na si Alwynn Brual na papatayin at laging sabi ay siya ay gaganti. Palaging di umano ay may dalang ice pick si ""Popolo"". Minsan nagpangita sa covered court ay hinayaan ni “Popolo” ng icepick ang kanyang anak na si Alwynn.",Neighbor Disputes
Dumulog sa tanggapan ng Barangay si G. Rolando Cudro upang isumbong si G. Agrifino Reyes at ang kanyang pamangkin na si Johnrec De Alday sa pagbabanta. May dala silang samurai kawit/gulok. Kapag nalalasing ay pinapalabas ako ng aking bahay dahil ako daw estranghero lamang at ako ay papatayin. Maraming beses na itong nangyayari dilang 1 o 4 na beses.,Petty Criminal Offenses
"Dumating sa tanggapan ng Barangay si Gng. Maricel Silang upang idulog si Gng. Sheryll Silang. Ayon sa kanya may utang si Sheryll sa kanya na 107k bilang benta sa kanyang baboy. Ngunit sinabi ni Sheryll na binigyan na siya nito ng 107k. Pero hindi po totoo na nagbayd na siya sa akin. Ako po ay nahiling na makasama sa muli nilang paghaharap sa July 19, 2022 sa ganap na ika - 10 ng umaga sa tanggapan ng Punong Barangay.",Money/Debt Disputes
"Dumulog sa tanggapan si G. Leonardo Pana upang isumbong si Danny Salud may panatirang sulat sa Barangay Bignay, Sariaya, Quezon, tungkol sa usapang pag-aayos ng lupa pero inabot na ng 6 na taon ay meron na po kaming naibigay na pera. Nais po naming mabawi ang mga perang aming naibayad sa kanya at wala man siyang nagawa.",Property Disputes
"Dumulog sa tanggapan si G, Orlando Osmillo upang muling magharap sa Barangay sila ni Edmerson Perez ukol sa kanilang usapin/alitan noong nakaraan. Sa kadahilanang inutusan sila ng Judge ng muling paghaharap sa Barangay.",Neighbor Disputes
Dumulog sa tanggapan si G. Rommel Carandang upang ireklamo ang kanyang mga kapatid na sina Elsie at Ronnel Carandang para ialis ang o maglagay siya ng kanilang ding ding. Sapagkat idinikit na lang niya ang kanilang bahay sa pader ng aming bahay. Ganon din ang pagpapalipat ng kanilang deposito na nakalagay sa tapat ng aming bahay.,Property Disputes
"Dumulog sa tanggapan ng Barangay si Gng. Perla Dagli para ireklamo si Alexander dahil sinuntok ni Alexander si Noah Dagli dahil sa gulatan daw sa motor sa kalsada. Noong Agosto 21, 2022.",Petty Criminal Offenses
"Dumulog sa tanggapan ng Barangay si Gng Teresa Mercado upang ireklamo si Gng Judith Sandoval dahil sa paghaharang at pagtatangal ng daan ng kanyang kapatid na si Michelle Franco. Ganon din ang parating at paririnig ng kung anu-ano sa kanila lalo’t higit sa kanyang kapatid.Pinagbantaan din ni Kimberly ang kanyang anak na si Ashley na sasaksakin. Ang hiling din niya ay makalampas ang mag asawa ni MIchelle sa daan papunta sa kanilang sariling bahay at tumira doon. Gusto rin niyang makuha ang pautang niyang karne kay Gng. Judith Sandoval na halagang 10,000 piso.",Money/Debt Disputes
"Dumulog sa tanggapan ng Barangay si Dison Wagan Maliglig upang isumbong ang nangyari sa kanya noong September 10, 2022 ng hapon. Nagiinom sila sa kasalan, kukuha siya ng tubig at pinalo siya sa batok ng bote ng emperador ni Armando Salcedo. Tapos umuwi na po siya.",Petty Criminal Offenses
"Dumulog sa tanggapan ng Barangay si G. Dionisio Reyes upang ireklamo si Engr. Castillo Reyes, dahil pinasukatan ni Ernesto Castillo at tinanggal ang bakod ng lupang pinangangalagaan niya. Ayon sa kanya. Engr. Ernesto Castillo siya ang tagapamahala ng ng lupa ng kanyang kapatid na si Horasio Castillo na mismong may-ari ng lupa. Subalit wala naman siyang maipakitang dokumento na siya ang may-ari ng lupang iyon. Andon si Kapitan kasama ang mga Barangay Tanod at hindi niya itinitigil ang pagbabaklas ng bakod at pagsusukat. SInabi pa ni Engr. Castillo na “walang bisa ang Board of Chairman at Korte”",Property Disputes
"Dumulog sa tanggapan ng Barangay si Gng. Nida Maldo upang idulog ang nangyari sa kanyang anak na si Edwin. Ayon sa kanya, sinabi ni “Nelia” na nanilip daw ang kanyang anak na si Edwin sa batang si Kate. Ayon pa kay Nelia, kitang kita niya na si Edwin ang naninilip at ilang beses daw niyang nakikitang “nagsasalsal” at sa bahay nila nakaharap. Umimik pa si Nelia na kaya di nakikialam si Ipoy ay tutuktukan na lang daw niya pag nakasalubong. Kaya siya ay nangangamba para sa kaligtasan ng kanyang anak na si Edwin.",Petty Criminal Offenses
"Dumulog sa tanggapan ng Barangay si Gng. Myrna Dela Rosa Vergara sapat na gulang naninirahan at may pahatirang sulat sa Barangay Isabang, Lucena City. Para ireklamo ang kanyang asawa na si Edwin Vergara dahil sa hindi pagbibigay ng suporta sa kanyang mga anak at pagdadala ng ibang babae sa kanilang bahay sa Barang San Jose, Tiaong, Quezon. Nais nyang makaharap ang kanyang asawa para sustento at maipa-ban sila ng kanyang kinakasama. Ayon sa kanya kinukunsinte ng kanyang mga kapatid ang kanyang asawa kaya nakakatira sa kanilang bahay",Family Matters
Dumulog sa tanggapan ng Barangay si Gng. Demetria U. Reyes upang ipagbigay alam na ang kanyang Senior ID ay nagamit ng ibang tao upang magpakabit ng telepono sa PLDT. Ayon sa kanya mag aapply sana siya sa PLDT ngunit sabi sa kanya ay meron siyang existing account na may balance o utang kaya na blocklist siya sa PLDT. Siya ay nababahala sapagkat baka kung saan saan pa magamit ang pangalan niya / Senior ID. Ang pagtataka lang po pati niya ay hawak niya ang kanyang Senior ID. Paanong nahawakan ng taong iyon ang kanyang ID o kopya ng kanyang ID,Money/Debt Disputes
Dumulog sa tanggapan ng Barangay si Gng. Maria Teresa Plata upang humiling na makaharap si Gng. Sheryll Silang sa barangay. Ayon sa kanya meron pagkakautang si Sheryll sa kanila noong March 2022. Nagkaroon sila ng kasunduan sa pagitan nilang dalawa subalit hindi tumupad si Sheryll sa kanilang usapan.,Money/Debt Disputes
"Ayon kay G. Ramil Robles pinakyaw nila ng 24k ang sinturis nila G. Delio Moog. Pero noong Disyembre 29, nagpunta sila para mamuti ay wala ng bunga at ito ay naipapakyaw na sa iba.",Money/Debt Disputes
"Dumulog sa tanggapan ng Barangay si Gng. Evangeline Manalo Baticuas upang isalaysay ang nangyari sa bahay ni Maribel Maldo na kanyang pinangangalagaan. Ayon sa kanya pinasok ang bahay nila noonf Dec. 31 ng gabi. Natagpuan nilang sira ang mga door lock at haluhog ang mga gamit sa kabinet. Bago pa nangyari ang pamamasok lagi silang nawawalan ng bibe at pabo. Nais din nilang bakuran ang daan sa tabi nila, sapagkat wala naman silang binibigay na right of way sa daang iyon. Bilang o upang mabawasan ang kanilang pangamba, sa nawawala at sa nangyari sa kanilang bahay. Meron namang dadaanang daan ang mga dating dumadaan pati mga sasakyan 4 wheels at mga motor",Petty Criminal Offenses
Dumulog sa tanggapan ng Barangay si Gng. Melinda de Alday upang idulog ang problema tungkol sa bagong bayaw na si Ramil Go. Ayon sa kanila ay umulit na naman sa pang bubully sa kanyang anak na si Johnreck. SI Johnreck ay batang 16 yrs old at medyo late ang pag-iisip. Nahingi sila ng tulong sa Barangay upang makaharap si Rolly Go.,Family Matters
"Dumulog sa tanggapan ng Barangay si G. Dominggo Bathan, representative ng Tiaong Water District para ireport ang 2 butas na abang para lagyan ng poste. Ayon sa kanya ay nabasag ang tubo ng tubig sa mga hukay na nabanggit.",Money/Debt Disputes
"Dumulog sa tanggapan ng Barangay si Gng Erlinda isabedra, manugang ni Angelina Isabedra, upang isalaysay ang nangyari sa kanya. Nakatayo siya sa may bahay malapit sa Barangay Hall, Dumaan si Ronel “Dame” Atienza at Leordeline Atienza sinabihan siya “putang ina nyong mag bianan kami daw ay umuwi na” magkakamatayan daw ngayong maghapon pag di tumigil",Money/Debt Disputes
"Dumulog sa tanggapan ng Barangay si Gng Teresa Mercado upang isalaysay ang nangyari sa kanyang asawa. Ayon sa kanya inutusan niya ang kanyang asawa na si Narciso Mercado na maghanap ng bulaw kasama ni Jose Silang. Papunta sila dapat ng Cabay diretso San Isidro. Doon sila nagtagpo sa kubo ni kuya Jose Silang, Paglabas nila doon ayon sa nakakita di umano kinuha sila ng mga pulis at nakilala ang driver na si Gabby Manalo. Nangyari ang insidente humigit kumulang 1:30 ng hapon. Ayon parin sa nakasaksi ay hindi naka uniporme ang mga di umanoy pulis.",Family Matters
"Dumulog sa tanggapan ng Barangay si G. Francisco Calabia at Engr. Castillo kasama si Barangay Florencio Monticer upang isalaysay ang nangyari kanina sa kanilang lupa. Ayon kay G. Francisco “Isko”, nagpa traktora sila sa lupain ni Engr. Castillo, ngayong ika - 27 ng Pebrero, humigit kumulang sa ika - 9 ng umaga. Habang nag tatraktora ay iniharang ang motor ng anak ni Boy Reyes kasama si Konsehal Leo at pinatitigil ang pagtatraktora, at pag itutuloy ay buhay ang kapalit sabi ni “Boy” Dionisio Reyes.",Property Disputes
"Dumulog sa tanggapan ng barangay si Rolly S. Angay upang ipagbigay alam na ang ang motor ay kanyang binayaw kawasaki single series BC175J model 2019 chasis no. BC175J - BB42741 Engine No. BC175A EBC0985 kay G. Leonel Jaca delas Santos may pahatirang sulat sa Lot 20 Block 8 Sunrise Village Brgy. Baguio Tayabas City Quezon sa halagang Tatlumpong Libong Piso. (₱30,000.00)",Property Disputes
Dumulog sa tanggapan ng Barangay si John Mark Curit sapat na gulang naninirahan at may pahatirang sulat sa Barangay San Jose Tiaong Quezon upang isumbong ang ginagawang pananakot sa text o chat ng kanilang dating stepfather na ni Rolly Francisco taga Bugnaw Tiaong Quezon,Neighbor Disputes
"Dumulog sa tanggapan ng Barangay si Maribel Maldo sapot sa gulang, naninirahan at may pahatirang sulat sa purok Centro Brgy San Jose Tiaong Quezon upang idulog ang kanyang problema. May tumawag daw po sa kanya ang knayang Tiyo si Aporcino Maldo ang sabi ay kailangan ko daw pong umuwi at may nagsabi na ipinapapatay ko daw po si kuya George, ang inutusan ko daw po ay si Ramon Magundayao. Magbabayad daw po ako/siya ng 30k.",Money/Debt Disputes
Ayon kay Dante at asawang Alicia Reyes ipinagsakalat daw ni Gerry na kalbit daw niya si Rolly Cuadro. “Kinukulit pa si Alice” ito ang salitang nagmula kay Gerry kay Edilito De Alday Reyes.,Neighbor Disputes
Dumulog sa tanggapan si G. Dionisio Reyes upang isumbong si Arnel Boy Reyes dahil binantaan ako na ako daw ay mapapalibing sa lupaing aking sinasaka.,Property Disputes
"Dumulog sa tanggapan ng Barangay si G. Bernardo Rivera at Gng. Julieta Reyes upang isalaysay ang nangyari noong ika-11 ng Agosto 2023. Ayon sa kanila, nalaman ni Punong Opo si Julieta na nawawala ang kanyang mga gamit gaya ng I.D. SSS ATM, 2 passbook dala ni Rolando Sampaga. Umalis na si Rolando na dala ang mga nasabing nawawala. Hiling ko lang po wag na syang makapunta dito sa atin/sa amin.",Property Disputes
"Dumulog sa tanggapan ng Barangay si G. Marimar Gonzales taga Cassandra, Quipot upang idulog ang nangyari sa kanila kaninang umaga. Ayon sa kanya, nakatigil ang sidecar ng maggugulay na pagmamay-ari ni Reynaldo Silang. At nasabitan niya ng bubong ng kanyang sidecar ni Reynaldo ng kanyang sidecar at nahagip ang isa niyang customer na si Roselle Casabal. May pasa ang kanyang kanang binti. Ako po ay humihingi ng dispensa sa kanila. Anuman pong mangyari ay handa naman po akong makipag tulungan.",Property Disputes
"Dumulog sa tanggapan ng Barangay si G. Joel Lawag sapat na gulang at may pahatirang sulat sa Barangay Lumingon, Tiaong Quezon upang ireklamo si G. Marcelo Barrecena ukol sa kanyang pagkakautang.",Money/Debt Disputes
Dumulog sa tanggapan ng Barangay si Gng. Judith Sandoval sapagkat ang kontador niya ng Meralco ay nabasag dahil sa aksidenteng pagtumba ng kawayan.,Neighbor Disputes
"Dumulog sa tanggapan ng Barangay si Gng. Mylene Moog upang ipatala na pumasok sa aming bakuran si Leonel Vergara alas 7 ng gabi at may dalang kutsilyo. Hindi naman namin alam kung anong gagawin, sa takot ko ay tumakbo na ako paloob at tumawag ng barangay.",Petty Criminal Offenses
Dumulog sa tanggapan ng Barangay si G. Ronato Gahuman at isinalaysay ang nangyari sa kanila noong ika-31 ng Marso 2024 sa ganap na humigit kumulang ika-7 ng gabi. Ayon sa kanya nagwala si Leonil Vingua at nasipa ang motor na ginagawa ng kunyang anak at kanyang inawat si Leonil. Hanggang sa ng inawat niya ay tumakbo na si Leonil at hindi na niya alam kung saan nagpunta.,Family Matters
Dumulog sa tanggapan ng Barangay si G. Ronnel Malabanan para bawiin ang kanyang sinabi / blotter noong ika-7 ng Abril 2024 tungkol kila Delio Moog at Mailyn Moog.,Property Disputes
"Dumulog sa tanggapan ng Brgy si G. Melucio Portas Sr. 70 yrs old, lalaki, kasal, may pahatirang sulat sa Purok Centro, Brgy San Jose T.Q. upang idulog ang lumang sumbong tungkol kay G. Rey Alvin Soriano, sapat na gulang may pahatirang sulat sa Purok Gitna-Centro San Jose T.Q. Multicab ni G. Melucio ay ipinakontrata ng 41k. ng makalas ay nag pabili ng presa less than 15k. Kinuha ang makina ng multicab sa bahay nila noong mahigit isang linggo na. Dinala ni G. Melucio sa talyer ni Rey Alvin. Nang maayos niyan ayaw ikabit ang makina kaya gusto niyang makausap si Rey Alvin sa Brgy.",Family Matters
"Dumulog sa tanggapan ng Barangay si G. Melvin Portes Jr., 36 yrs old, naninirahan at may paninirahang sulat sa Purok Grotto Brgy. San Jose upang ireklamo si G. Reniel Soriano, Kap. Roderick Soriano, dahil sa ang ginawa nila kay Melvin. Kabilang sa mga ito ang oral defamation, emotional damage at psychological distress at economical damages. Ganun din ang psychological trauma. Humihiling siya na makaharap ang mga nabanggit sa tanggapan ng barangay.",Neighbor Disputes
"Dumulog sa tanggapan ng Barangay si G. Gil Martinez upang idulog ang reklamo nila kay G. Sergani Sandoval. Ayon sa kanya, kumuha ng pera si Sergani Sandoval sa samahan ng irrigators halagang 50,000, at simula noong nakuha ay hindi nagbabayad ng interest.",Money/Debt Disputes
Si Dumolog ang tanggapan Barangay si Raven Bianca upang idulog ang problema nya sa nagsgas na motor na minamaneho nina Kian De Chaves at Andrey Barcelona. Nais niyang makausap ang mga magulang ng bata upang pag usapan ang nasabing problema.,Property Disputes
Dumolog sa tanggapan ng Brgy si Gng Lory Ayono dahil sa madalas na pananigaw ng kanyang hipag at ang huli ay ang kanyang biyenan na may dalang itak. Nais niyang makaharap sa Barangay at magkaroon ng maayos na usapan.,Family Matters
Dumulog sa tanggapan ng barangay si Gng. Beverly Cuala upang idulog si Gng. Noraida Centeno sa mga sinasabing kung anu-anu. Si Delia Diaz at si Apple Barcelona ang pinagsasabihan ng kung anu-anu. Paninirang puri ang kanilang ginagawa. Gusto ko siyang makaharap ng personal sa barangay.,Neighbor Disputes
Dumulog sa tanggapan ng Brgy si Marites Onera upang isumbong ang nangyari sa kanyang anak na si Warren at Ramon Magundayao tungkol sa mga shabu. Pinagsabihan daw di umano ni Dado ang anak na si Ramon at ang sabi ay pag nakita niya si Warren ay papatayin niya. Hindi ko alam ang kanyang kinatatakutan si Dado. Hindi ko alam kung ano ang ikinagalit nya sa anak ko.,Petty Criminal Offenses
Dumulog sa tanggapan si Jaina Maliglig gawa ng kanyang bayaw na si Jayson Maliglig dahil naniningil ng utang ng kanyang kapatid ay may dalang itak. Kami ay natatakot sa kanya.,Money/Debt Disputes
"(Nov. 25, 2024) Dumulog sa tanggapan ng Brgy. sina Mr. and Mrs. Ronald Vergara at Myla Vergara, upang ireklamo si G. Rogelio Barcelona pareho silang taga-Purok Sinturisan. Sa kadahilanang may pinutol si Mr. Vergara na puno ng Aratiles na sakop ng kanyang alagaan, dahil dito nagalit si Mr. Barcelona at nang magka salubong sila ay sinabihan nya ito ng sa susunod na magputol ulit ng puno ay papatayin nya ito.",Property Disputes
Dumulog sa tanggapan ng Brgy. si Gng. Eugenia Barcelona upang isambong si Gng. Myla Vergara pawang nasa sapat na galang nanirahan sa purok Sintorisan Brgy. San Jose T.Q.. ayon sa kanya ay totoo siya ay minura at dinuro ni Gng. Myla Vergara kaya siya ay gustong makaharap sa barangay. Na kahit nasa loob ng pamamahay ay tuloy ang panduduro sa kanya.,Property Disputes
Dumulog sa tanggapan ng Barangay si Gng. Maricel Hermosa upang ipatala ang nangyari sa kanya kanina. Habang siya ay naglalakad ay nasabitan siya ng tricycle na minamaneho ni Reniel Soriano. Naapektuhan ang kanyang dalawang paa na naging sanhi ng pamamaga at pagkapilay.,Property Disputes
"Dumulog sa tanggapan ng Barangay si Syra Reyes, 13 taong gulang upang ireklamo sina Roy Anonuevo at Noriel Gonzalo. Ayon sa kanya siya ay hinipuan ngunit sa katagalan ay hindi na niya matandaan kung kailan. Nalaman na lamang ng mga magulang nito dahil sinabi sa kanila ng kanyang teacher. Ang mga tinutukoy na mga lalaki ay pawang mga pinsan nila.",Property Disputes
"Dumulog sa tanggapan ng Barangay si Gng. Nancy Reyes upang ipagbigay alam na ang kanyang magtitrinda ng pares sa Bay Laguna na si Jonnel Umali ay tinangay ang benta ng kanilang paresan na nagkakahalaga ng p10,000 piso noong ika - Feb. 18, 2025 mga 6:00 am. Wala na siyang paramdam hindi nasagot sa tawag at chat. Sa ngayon ay hindi nila alam kung saan natuloy si Jonnel Umali.",Neighbor Disputes
"Dumulog sa tanggapan ng Barangay si Edison Reyes upang ipatala na ang kanyang nagtitinda sa parisan na si Jonnel Umali ay tinangay ang benta ng kanilang paresan na nagkakahalaga ng 15,000.",Property Disputes
"Dumulog sa tanggapan ng barangay si Gng. Flora Silang sapat na gulang naninirahan sa Purok Siturisan Brgy. San Jose T.Q. Ayon sa kanya ay noong ika-9 ng Abril habang sila ay papuntang bayan ganap humigit kumulang ika-2 ng hapon sakay sakay sa tricycle ni G. Nomer Reyes ay nakasalubong ang tricycle ni “Ising” kaya umiwas, nahulog sa gutter at bumangga sa poste sa tapat ni Tacio. Kaya siya ay napabitin at nakalikar ng tricycle kaya napilot ang litid ng kanyang braso ng kanan.",Money/Debt Disputes
Dumulog sa tanggapan ng Brgy. si kagawad Dominador Brad sapagkat ayon daw sa kapatid ni “Popolo” na si Daisy mahilig na sinibi ng kanyang kapatid na papatayin daw siya habang nag hahasa ng gulok. Sa oras na iyon na sinabi ni Daisy sa kanya ay kaharap sila kuya Larry at kuyal Ronnel. Sinubukan nilang kausapin at pinuntahan sa kanila subalit di makausap ng ayos at naghahasa ng gulok.,Petty Criminal Offenses
Dumulog sa tanggapan ng Brgy. si Gng. Ariene Macaraig sapat sa gulang may parating sulat sa Purok Centro Brgy. San Jose. Tungkol sa kanyang taya at sa kubrador na si Miguel at kabo na si Karen De Chavez. Ayon sa kanya ay tinamaan siya sa 10x37 ng tumbok 40 pero ang sabi ay sahod 10. wala naman maipakita lastilyas. Nagsalita rin sa kanya ang masamama at mga bastos na salita si Karen De Chavez. Kaya nais niyang makausap sa barangay ang mga taong nabanggit.,Contract Disputes
Dumalog sa tanggapan ng Barangay si Niklon Sandoval upang hilingin na makaharap sina wendell at Stephanie ukol sa perang pinalabas niya sa mag asawa. Ayon sa kanya ay may 4 na buwan ng di nag bibigyan hanggang sa hindi na rin sila nirereplyan sa mga chat.,Neighbor Disputes
"Dumulog sa tanggapan ng Brgy si G. Edwin Perez sapat sa gulang naninirahan at may parating sulat sa Mangahan San Jose T.Q. Ayon sa kanya nabantaan ni Cris cuala mga tanghali akala nya magpapatiba siya. Nang makita ni Aris ay Papalo. Sinita niya ay masama daw ang tingin ang sabi pa ay nangunguha daw sa gabi. Kaya pala dina nakakaabot ng bunga ng saging sila Edwin Perez. MALAYA Nagsadya sa tanggapan ng Barangay Malaya si _ taga Barangay Taytay upang ipaalam na nasagi ni _ ang kanilang dalawang motor noong July 9, 2025 ganap na ika 12:40 pasado sa Barangay Taytay. At ito ay natumba, nagkausap kami na ipa estimate ang magagastos at babayaran na lamang nya, ngunit noong sinabi ko na ang estimation ay 3,500.00 ay hindi nya kayang bayaran lahat. Aambag lang sya pero hindi nya kayang lahat. ________________________________________________________ Nagsadya sa tanggapan ng Barangay Malaya si _, lalake taga Brgy Taytay Nagcarlan, Laguna upang ipaalam na nagkaroon sila ng alitan sa may Ermita ng Taytay at siya ay sinuntok ni _ sa may mukha at di niya ito masyadong maigalaw. ________________________________________________________ Nagsadya sa tanggapan ng Barangay Malaya si _ upang ipaalam na may natitirang balanse pa ang mga ipinagsusumbong sa kanilang tindahan. ________________________________________________________ Nagsadya sa tanggapan ng Barangay Malaya si _ – representative ng DALI EVERYDAY GROCERY / manager upang ipaalam na nagpost ng video si _ ukol sa Modus ng mga cashier at binanggit ang pangalan ng grocery ng Dali. ________________________________________________________ Nagsadya sa tanggapan ng Barangay Malaya si _ upang ipaalam na si _ ay hindi sumunod sa kasunduan kung kaya’t nais ko siyang makausap. ________________________________________________________ Nagsadya sa tanggapan ng Barangay Malaya si _ upang ipaalam na hindi nababayaran ang mga nabanggit na ipinagsusumbong. ________________________________________________________ Nagsadya sa tanggapan ng Barangay Malaya si _ upang Ipadala na noong April 15, 2026 _ ganap na 9:30 ng gabi sa kanilang barracks nangyari ang pananakit sa kanya ni _ ayon sa kanya ay may pangyayaring di nya sinasadyang mapatay ang ilaw sa may kusina na ilaw pala sa manukan at ito doon nagdulot ng pagkagalit ng ipinagsusumbong. Pinuntahan sya nito at may dalang samurai na patalim na may tubo. Si _ nagtamo ng pasa sa kaliwang mata pamamaga dulot ng pagkakahampas ng tubo. ________________________________________________________ Nagsadya sa tanggapan ng Barangay Malaya ang si _ upang ipaalam na may naka-jumper sa kanilang linya ng kuryente. Yung kanilang carwash ay nakakabit sa kanilang linya, since 2023 at ngayon lang nila napatunayan. ________________________________________________________ Nagsadya sa tanggapan ng Barangay Malaya si _ upang ipaalam na nagbenta ng motor si _ sa kanyang anak na si _ (minor de edad) sa halagang 20,000.00 at ang papel na pinakita ay xerox lang. ________________________________________________________ Nagsadya sa tanggapan ng Barangay Malaya ang si [unclear] upang ipaalam na hindi natupad sa pangako si _. Ang kanyang nakuhang pera ay halagang 5,000.00 (Limang libong piso) na ngayon ay umabot na sa 10,500.00. Nakuha ang pera noong Oktubre 7, 2025 at ang nasa usapan ay after 2 weeks ibabalik ang pera, ngunit hindi pa din binibigay ang nakuhang pera. ________________________________________________________ Nagsadya sa tanggapan ng Barangay Malaya ang si _ upang ipaalam na gusto nyang kunin ang kanyang motor kina _ ngunit hinihingian ng 15,000.00. Ang motor ay bigay sa kanya ng kanyang kapatid. ________________________________________________________ Nagsadya sa tanggapan ng Barangay Malaya ang mag asawang _ at _ upang mapag-usapan ang pagtubos sa nakasangla na kendihan at ang mga utang sa bawat isa. ________________________________________________________ Nagsadya sa tanggapan ng Barangay Malaya si _ upang ipaalam ang problema tungkol sa motor na ipinaayos sa mekanikong si _. Nakapagbigay na siya ng pera na nagkakahalaga ng 9,500.00 ng paunti-unti dahil sa pangakong ipapaayos at bibilhing pyesa ng motor ngunit nakalipas na ang isang buwan ay hindi parin naisasayos ang nasabing sasakyang motor na barako. ________________________________________________________ Nagsadya sa tanggapan ng Barangay Malaya si _ upang ipaalam na kahapon namimili ng manok sila kay _ at bigla syang kinompronta na sya ang tinuturo na nagnakaw ng CDI ng motor nila sabi daw ng mga bata. Biglang naglabas ng itak at pinagbantaan na tatagain sya. At nung isang araw may nagsabi sa kanya na hinahanap daw sya ni _ may dala din itong itak at lasing. ________________________________________________________ Nagsadya sa tanggapan ng Barangay Malaya si _ upang ipaalam na, tinanong nya si _ kung sya ang kumuha ng yero sa banlat nila at may nakapagsabi kasi sa kanya. At kung ano-ano na ang sinabi sa kanya. Kahit daw mag kamatayan. Tas sinabi pang siarualo sya. May bakod na kasi yung lupa nila at lagi ding napunta dun si _ kaya sabi din nya na wag ka na dyan pumasok at wala ka naming baboy dyan. Kanina ito naganap ika-20, 2026 ganap na 9:00 ng umaga. ________________________________________________________ Nagsadya sa tanggapan ng Barangay Malaya si _ upang ipaalam na napost na naman sa Social Media si _ tungkol sa kanilang napag-usapan noong nakaraang araw. ________________________________________________________ Nagsadya sa tanggapan ng Barangay Malaya si _ upang ipaalam na kabilang si _ sa nanakit sa kanya noong July 4, 2025 pagkatapos ng Basketball. At nalaman na ito ay kinabukasan kaya pala daw siya binugbog ay dahil sa inakbayan raw niya si Juliet at ito ay pawang walang katotohanan sapagkat may saksi naman siya. ________________________________________________________ Nagsadya sa tanggapan ng Barangay Malaya si _ upang ipaalam na sinakal siya ni _ – kinakasama ni _, kagabi ika-15 ng Hunyo, 2025 ganap na 11:00 pasado ng gabi. Hinatid niya si _ dito sa Malaya dahil pinahatid ng boss nila dahil gabi na, nakita nilang naglalakad ang asawa nito kina kuya _ kung kaya’t doon na rin nya ibinaba si _. Tapos bigla na lang siyang sinakal at tinanong kung ka-ano ano niya ang asawa ni_. Tatlong beses sinakal si _habang tinatanong kung ka-ano ano nya si _, ang sabi niya ay pinahatid lang ng boss dahil gabi na. Tsaka lang siya pinalis. ________________________________________________________ Nagsadya sa tanggapan ng Barangay Malaya si _ upang ipaalam na nais niyang makausap si _ tungkol sa sustento. ________________________________________________________ Nagsadya sa tanggapan ng Barangay Malaya si _ upang ireklamo si _ tungkol sa anak nitong si _. Ayon sa pangyayari kaninang umaga, June 26, 2025 sa ganap na ika-7:30 ng umaga. Nagkasalubong si _ at nagkaroon ng maliit na usapan sa paglilinaw sa nangyaring panananakit ng anak ni _ na si _– _ years old. Ngunit ito ay humantong sa pagtatalo at di pagkakaunawaan na naging dahilan ng pagtulak ni Nano kay Roselyn sa kaniyang balikat. Irinereklamo din ang pagbabanta ni _ sa asawa ni _ na si _ na aantayin at sila ang magharap at ika nya ay sila ay sila ang magsakitan o magpatayan. ________________________________________________________ Nagsadya sa tanggapan ng Barangay Malaya ang magkakapatid upang ipaalam na hindi tumutupad sa usapan sina _ ukol sa lupang pagmamay-ari nina _. ________________________________________________________ Nagsadya sa tanggapan ng Barangay Malaya si _ upang ipaalam na nakaupo lang siya ng biglang lumapit si _ at biglang naghahamon si _ ng away. At bigla siyang sinuntok nito at pinagtulungan siya ng tatlong tao na si _. ________________________________________________________ Nagsadya sa tanggapan ng Barangay Malaya sina _ upang iparating na, lumagpas ang pagpuputol ng puno ng niyog, mag ta-tatlong linggo na ang nakalilipas. ________________________________________________________ Nag sadyang si _ para ireklamo si _ tungkol sa isinangla ang kanikang kotse sa halagang isang daang libong piso isuzu 4x4. Ang napagusapan nila ay ipapalit ang motor ni _ sa pinag - sanglaan. Hanggang sa ibenta na ang motor ni _, inabot na ang 2 taon pero hindi parin nakikipag - usap sa kanya. Inilipat pa kay tommy yung kanyang motor shop pero wala manlang napabalik sa kanya kahit na magkano. Nung inilipat namna kay _ yung mga pyesa kay _ nabigyan naman sya sa halagang 1500. ________________________________________________________ Nagsabi si tanggapan ng Malaya si _ ipang ipaalam na hindi pa din nilalagay ng poste ang kanilang linya ng kuryente. ________________________________________________________ Noong ika-19 ng Marso 2025, ganap na ika 12:06 ng tanghali ay nagkaroon ng aksidente sa may Purok 1 tricycle na pagmamay-ari ni _ na taga Abo, Nagcarlan Laguna at motor ni _ dahilan para masaktan itong si _. ________________________________________________________ Nagsadya sa tanggapan ng Barangay Malaya si _ upang ipaalam na, nagsangla ng motor noong Abril, 2025 sa halagang 3,000.00, ang sabi ay isang linggo lang. Tapos kinuha ng motor noong June 13, 2025 sa kanilang bahay, ang andon lang ay yung anak niyang menor de edad, dapat ay hinintay muna nya ako bago kinuha ang motor. ________________________________________________________ Nagsadya sa tanggapan ng Malaya si _ upang ipaalam na ninakaw ang kanyang tanim na saging na lakatan naying ika-14 ng mayo ganap na ika-12 ng tanghali sa Brgy Banago. Nakilala ang isang na si _ at may kasama pa itong isa. ________________________________________________________ Nag sadyang si _ para ireklemo si _. Dinala ni _ Pinsan ni _ ang motor kay _ para ipagawa ang kaso pinagpapalitan ang pyesa. ________________________________________________________ Nagsadya sa tanggapan ng Malaya si _ upang idulog na pinagbibintangan ang kanyang tatay na si _ na hindi daw ibinaba sa mismong school ng banilad ang mga anak nina _ kung kayat ang mga ito ay hinabol ng aso habng naglalakad papuntang school ng Banilad. Noong sila ay nagpunta sa Brgy hall ng Banilad upang i pareview ang cctv ay ihinatid naman ni _ sa school ng Banilad ang mga bata. ________________________________________________________ Nagsadya sa tanggapan si _ upang ipaalam na hindi nakikipagusap si _tungkol sa nakuha nyang pera. Ito ay nagkakahalaga ng 10,000. ________________________________________________________ Nagsadya sa tanggapan ng Malaya si _ upang ipatawag ang pamilya ni _ sapagkat hinarangan nila ang right of way ng mga may ari ng lupa. ________________________________________________________ Nagsadya sa tanggapan ng malaya si _ upang ipaalam na pinagbantaan siya ni _ sapagkat nautang ito sa tindahan nya ng napakaaga, nang hindi nya ito mapagbigyan ay nag init ang ulo at sya ay pinag bantaan. Kayat kung ano man ang mangyare sa kanyang masama ay ito ang unang maigigng suspect. ________________________________________________________ Nagsadya sa tanggapan si _ upang ipaalam na ginawang basurahan ang kanilang lupa at may nag hukay ng daluyan ng tubig na marumi at sa lupa nila mismo napunta kung kayat ang baho ng amoy dito noong sila ay napunta. ________________________________________________________ Nagsadya sa tanggapan ang representative ni _ upang ipaalam na sinira ang bakod nina _ na matatagpuan sa purok 2 Brgy malaya nagcarlan laguna. Ilang beses na din itong nangyayari kahit binigyan naman ng daang tao ang mga nakatira sa likod ng kanilang lupain. ________________________________________________________ Nadatnan sa _ at madaming sinasabi tungkol sa kanya na hindi dapat doon sabihin. Ito ay padalawang beses nang nangyayare at ayoko ng dumating pa sa pangatlo kayat nais ko sya makausap. ________________________________________________________ Dumulog sa tanggapan ng SB si _ upang makausap si _ hinggil sa overlapping na lupa na nabili ni _. DATAGAN - NICS Nagtungo sa Tanggapan ng Punong Barangay ang mag-asawang sina",Petty Criminal Offenses
"ang paghuli at pagsasabi ni —. at nati nilang mag-uusap sa Pebrero 2023, ganap na ika- 8 ng hapon. Bilang patunay ay kapuwa sila lumagda sa ibaba ng kanilang pahayag ito.",Neighbor Disputes
", may sapat na gulang, taga Purok 6, Brgy. Captain Alberto Ofeci, Lupon, upang ireklamo si",Property Disputes
", may sapat na gulang, taga Purok 3, ng barangay Dagatan, Quezon sa salang pananakit/pambubugbog sa kanya, bukod pa rito ay nagsasabi na si — ay laging naiinis sa kanya. Hindi matatapos na kaugnayan ni – at si – sa lalong madaling panahon sa harap ng Punong Barangay.",Petty Criminal Offenses
4:00 pm Nagtungo sa himpilan ng Punong Barangay ang mag-asawang — at — upang ireklamo si — sa salang pagpasok sa kanilang bahay at kinakaladkad ang kanilang mga gamit. Nang makausap na harap ng Punong Barangay ay - ay tinatanggi ang pangyayari. Bilang patunay ay lumagda ang dalawang nagreklamo sa Punong Brgy.,Family Matters
"Nagtungo sa Tanggapan ng Punong Brgy. si –, may sapat na gulang, taga Purok 6, Brgy. Captain Alberto Oficiar, Lupon, upang ireklamo si — , may sapat na gulang, taga Purok 3, ng Barangay Dagatan, Quezon sa salang pananakit / pambubugbog sa kanya. Hindi matatapos na kaugnayan ni – at si – sa lalong madaling panahon sa harap ng Punong Barangay.",Petty Criminal Offenses
"Reklamo ni – laban kay – ng kanilang pagtatalo at pananakit, sila ay nag-usap na rin. Umamin si – na siya ay gumawa nito, at ipinangakong hindi na uulitin pa iyan, at kung sakaling mangyari man ay pananagutin na siya ng pulis at desisyon na ni – ang reklamo.",Family Matters
"Nagtungo sa Tanggapan ng Punong Barangay si – upang ireklamo na ang kanyang nasasakupang ka-bahayan, bakuran at namamahay natitira lang ay tapunan na lamang at ang lahat ng kanyang gamit ay ninakaw at wala na sa kanyang tahanan. Ang nasabing kanyang ari-arian ay paalaga lamang ni – , — ay taga purok 4 ng Barangay Dagatan, Quezon.",Petty Criminal Offenses
"Umpisa ng lupa ni – at – at – at –, ay pinagkasundo na sila ay pinababayaran nina –, na may-ari ng nasabing lupa, sa halagang labing (10) libo (₱1,000.00) na taon-taon.",Property Disputes
"Ireklamo: alitan at usap pananalapi kay — Nagtungo sa Tanggapan ng Punong Barangay si –, may sapat na gulang, taga purok 3 ng Barangay na ito, upang ireklamo si –, sa salang alitan at usap ng kabayaran o pananalapi. Napag-usap subalit hindi na maayos o kung madaanan pa harap ng Punong Barangay ay inirereklamo sa lalong madaling panahon.",Money/Debt Disputes
"Nagtungo sa Tanggapan ng Punong Barangay si –, may sapat na gulang, taga Purok 4, upang ireklamo si –, sa salang pambabanta sa buhay at paggugulo kay — sinabing ""patayin"" si –. Ito ay ipinahayag lamang ni – na sa tuwing kung may magkausap kay – ay palaging inaaway at tinutuligsa.",Neighbor Disputes
"Nagtungo sa Tanggapan ng Punong Barangay si –, may sapat na gulang, taga Sityo San Cristobal, San Pablo City, upang ireklamo ang pamilya o ang mga kaanak na kabilang kina – at pati –, sa salang paghahatol ng Libel Case.",Family Matters
"Nang makaharap ang magkabilang panig: – tapat na tinalakay ang usapin at habang panahon ay magkakaunawaan na si –. Hinaharap na kabayaran at pananagutan ni – , ito ay sa lalong madaling panahon.",Money/Debt Disputes
"Sa sinumang kinauukulan, Nagtungo sa Tanggapan ng Punong Barangay si –, may sapat na gulang, taga Sitio Dagatan, Dolores, Quezon upang ireklamo si –, taga purok 15 ng Barangay na ito, sa pananagutan ng hindi pagbabayad ng utang noong Marso 2022, at hanggang ngayon ay ayaw pa rin niyang pagbayaran at hindi na rin nakikipag-usap (ng ₱9,000.00). Nang makaharap sa harap ng Punong Barangay si – ay lalong nagtanggol, paninindigan.",Money/Debt Disputes
"Nagtungo sa Tanggapan ng Punong Barangay si –, taga Magsasay, Quezon, upang mag-follow up ng kaso, na narehistro sa Barangay Mambog, Magsasay, Quezon. Bilang patunay ay lumagda si – sa ibaba ng kasulatang matapos ang follow-up na ito.",Contract Disputes
"Pag-uusap ng magkabilang panig nina – at –, sa naganap na pangyayari noong Abril 23, 2023, ganap na ika-7:00 hanggang 7:30 ng umaga. Pumunta ang biktima sa kanilang tirahan ni – at hinamon ng labanan, si – at tinanong si –. At nakatugon hindi nila magkagalit, at nais magkaunawaan. At ang paghahamon ni – ay hindi matatanggap na may mangyayaring masama magpahanggang kay –, kaya naiwan upang humingi ng paumanhin si –, at tulungan din si – na kung maaari ay tulungan si – kay — sa oras ng pagpapakita. Sa dulo ay pumayag at lumagda sila kapwa na nasa ibaba ng kasulatang ito, kasama ang mga saksi.",Property Disputes
"Ako si –, dalawampu’t tatlong taong gulang, isang taong may mabuting kalooban at marunong magtiis sa anumang pagsubok. Mayroon akong hinihintay na bagay na dapat sana ay naibigay na noon pa man, ngunit hanggang ngayon ay hindi pa rin natutupad at nauwi lamang sa pangako. Ilang beses ko na itong hiningi at hiniling na maibalik o maayos, ngunit kung hindi mo kayang ibalik, maaari namang ipalit o ibigay ang katumbas nito. Nilinaw ko na ang lahat ng usapin at hinati nang pantay ang dapat na mapunta sa bawat isa. Kung hindi pa rin ito maayos at nais mong sumuko o umatras, sabihin mo lamang nang malinaw kung kaya mo ba o hindi. Kapag hindi mo ito nagawa sa loob ng dalawang buwan, mapipilitan kaming gawin ang nararapat at palitan ang dapat matupad ayon sa ating pinagkasunduan.",Contract Disputes
Nagtungo sa Tanggapan ng Punong Barangay si– upang magreklamo kay -. Humingi ng paumanhin si – kay – at tinanggap naman ni –,Property Disputes
"Nag-usap si – at –, tungkol sa naging problema nilang dalawa, at inamin at tinanggap kani-kaniyang mali at humingi ng paumanhin sa isa’t isa. Humingi ng paumanhin si - kay – at tinanggap naman ni – ang paghingi ng paumanhin at nangangakong hindi na mauulit ang pangyayaring nag-away sila.",Neighbor Disputes
Nag-usap at nagkasundo ang parehong panig tungkol sa pagtapon ng basura.,Neighbor Disputes
"Nagtungo sa Tanggapan ng Punong Barangay si – may sapat na gulang, taga Sitio Tabak, upang ireklamo ang mag-asawang - at ang kanyang asawang – sa salang pagbabanta, na kung ano-ano na binabalaan po sa araw na darating. Nang makaharap si –, ang mag-asawang – ay lalong nagtanggol panahon. Bilang patunay ay lumagda si – sa ibaba ng nilalaman nito.",Neighbor Disputes
"Nagtungo sa Tanggapan ng Punong Barangay si – , may sapat na gulang, taga Purok 3, ng Barangay na ito, upang ireklamo si – sa salang hindi pagbabayad ng natira niyang utang, tinanggihan niyang panagutan ang pagkakautang kay –. Nang makaharap sa harap ng Punong Barangay si – ay lalong nagtanggol panahon.",Money/Debt Disputes
"Mayo 1, 2023 Nag-usap sina - at -, nagkasundo na humingi ng paumanhin sa isa’t isa, at kung wala nang mag-uusap at pag-aaway. Nagpunta si - sa nakatakdang oras at iskedyul.",Neighbor Disputes
"Mayo 1, 2023 Nagtungo sa Tanggapan ng Punong Barangay si -, may sapat na gulang, taga purok ito, upang ireklamo si -, sa salang ninakaw kay - (kapital) na nagkakahalaga ng halagang apat na libo at banta sa buhay ni -. Nang makaharap sa harap ng Punong Barangay ay lalong nagtanggol panahon.",Petty Criminal Offenses
"Mayo 9, 2023 Kasunduan sa pagitan nina -, may-ari at gumagawa ng sidecar, at -, na bumili ng nasabing sidecar na nagkakahalaga sila ng: Tinatantiya at binabayaran ang sidecar na nakakabit sa motor ni -, at napagkasunduan na lamang ng dalawang panig na babayaran ni- kay - ang halagang ₱21,000.00, na waring kabuuan ng sidecar.",Family Matters
"Mayo 20, 2023 Ako si -, edad 34, nakatira sa San Isidro, Dolores, Quezon, ay nagpapatotoo na noong ika-27 Abril 2023, ako ay pumunta dito upang humingi ng tulong kay - dahil sa hindi ko makayanan ang kanyang masasamang salita at pananakit sa akin. Noong ika-08 Abril 2023, napilitan akong lumayas mula sa aming tahanan dahil ayaw ko nang magkaroon ng gulo at hindi ko na rin makayanan ang kanyang mga ginagawa sa akin, at masasabing napilitan akong lumayo upang hindi na kami magkita at wala nang masamang mangyari pa sa aming dalawa, at patunayang hindi ko masingit o mapagtiisan ang kanyang sinasabi.",Neighbor Disputes
"Mayo 26, 2023 Pag-uusap sa pagitan nina - at mag-asawa, at si - at si - , tungkol sa lupa na ginagamit nina at may kinalaman si -, dahilan at para hinihingi ang kaukulang bayad, kung ito ay may may-ari na. Sa nasabing usapan ay ipinahayag ni - at - na wala nang mag-aaway, pagkatapos ay gumawa ng kasunduan.",Property Disputes
"Nag-usap nang personal sina - at ni -, tungkol sa pag-aari at paggamit ng lupa na pag-aari at kanya rin ni -. Dito ay napagkasunduan nina -. at ni - na kung sino man ang may taniman at itatanim sa lupang pag-aari ni at kanyang anak ni - ay ititigil na lamang ni -. At kung may gusto pa ay gagawan at lalagda sila kapwa sa ibaba ng kasunduang ito.",Property Disputes
"Nag-usap ang Tagapamagitan ng Punong Barangay kasama sina - at -, ukol sa usaping pag-aari at hangganan ng lupa. Ayon kay -, na ang lupang tinatamasa at ginagamit ni - ay sakop at pag-aari ni -, at ayon kay - ay totoo at siya ay umuupa lamang dito, at ayon din kay -, na ang sinasabing lupa ay sakop at pag-aari ni -, at wala siyang alam ukol dito at walang preno rito. Tuloy-tuloy ang pagpapaliwanagan nina - at -, at ayon kay - ay wala siyang utang na loob, at kung ano man ang nasa isip ay huwag na lamang pag-usapan. Ayon kay -, na nais niyang malaman kung may karapatan pa si - sa nasabing lupain. Ayon kay -, na ang titulo ng lupa ay nasa pangalan ni -, at kung sakaling mapatunayan ni -, ay gagawin na lamang ang kaukulang ayos at tinitiyak ni - na hindi na magkakaroon ng gulo.",Property Disputes
"Napagkasunduan nina - at -, tungkol sa usaping lupa at sa pag-aari nina - at -, na pinagtibay nila upang malaman ang pagkakalagyan ng lupain. Napagtuunan na ang batayan na ayon kay - ay ang lupang sakop ni -, ayon din naman kay -, ay sakop at sukat at - ay nagpahayag na - ay kanyang sakop at tinatamasa. At naging hiling ni - na huwag na lamang magkainitan at wala nang gulo, at walang nangyaring labanan at magkakaroon ng bawal pang usapan. Wala nang ibang hilingan o bawal na gawain.",Property Disputes
"Nagtungo sa Tanggapan ng Punong Barangay si -, may sapat na gulang, taga Candelaria, Quezon, at ng TGC Credit Corporation, upang ireklamo si -, taga Candelaria, Quezon, na hindi nagbabayad ng utang na halagang ₱4,000.00 at hindi nakatupad. Nais makausap at harapin ng Punong Barangay si -, upang maayos ang kanilang pagkakaunawaan.",Money/Debt Disputes
"Nagharap sa Punong Barangay si -, may sapat na gulang, nakatira sa Purok 2, -, -, upang ireklamo si -, dahil sa kanyang mga gawang labag sa kaugalian at nakakahiya. Sinasabing si - ay nagkakalat ng mga kwentong hindi totoo at nakasasakit, na nagdulot ng gulo at abala kay -, at narinig umano na sinabi ni - na wala raw karapatan si - na magsalita o mag-utos, at may mga masasakit na salitang binitawan din laban kay -. Dagdag pa rito, sinasabing pumunta rin si - at ang anak nito sa tirahan ni -, sumigaw at nagbanta, at labis na ikinatakot ni -. Nang pagharapin sa harap ng Punong Barangay, sinabi ni - na ayaw na niyang makipag-ugnayan o makipag-usap pa kay -. Bilang patunay ay lumagda si - sa ibaba upang kumpirmahin ang nilalaman nito.",Neighbor Disputes
"Reklamo / Pagsusumbong: Hindi pagbabayad ng utang na umabot sa halagang ₱4,000.00 (Apat na libo) Patungo sa Tanggapan ng Punong Barangay si -, may sapat na gulang, taga Oriental, Mindoro, upang ireklamo si -, dahil sa hindi pagbabayad ng utang na halagang ₱4,000.00. Nais makaharap at harapin ng Punong Barangay si -, upang maayos ang kanilang pagkakaunawaan.",Money/Debt Disputes
"Sa sinumang kinauukulan, Nagharap sa Punong Barangay si -, may sapat na gulang, nakatira sa -, -, upang iulat na siya ay naaksidente at nabangga ng sasakyang minamaneho ni -, nakatira rin sa -, sa hangganang daan sa pagitan ng - at -, bandang ika-7:30 ng gabi, na nagdulot ng kanyang pagkasugat. Ang pangyayari ay naganap sa Purok 1, -, -.",Property Disputes
"Nagtungo sa tanggapan ng punong barangay si -, residente ng barangay -, polomolok, south cotabato, upang ipagbalita na siya ay binangga ng trisikel, ang trisikel ng pampanga, na minamaneho ng minor. nabanggit din na nagkakasundo ang magkatapatan sa isa dahil sa pahilis, wala namang dahilan na nangyari. batas barangay kami ay nakapagtatakda sa ibaba nito.",Property Disputes
"nagtungo sa tanggapan ng punong barangay si -, may sapat na gulang, taga sityo sabang, upang ireklamo o ihain ang reklamo laban kay -, taga batangas, at kasama rin nito si -, taga -, dasmariñas, cavite. ngayon ay ipinagbigay-alam ni - na wala silang intensyong manggulo o manakit kay - at ang hangad lamang ay maayos ang usapin at kasunduan sa pagitan nila at ni -.",Neighbor Disputes
"nagtungo sa tanggapan ng punong barangay ang magulang nina - at - at ang kanilang anak na si -, upang kausapin at ayusin ang usapin ukol sa batang si - at kanyang kaibigan na si -",Family Matters
"sa sinumang kinauukulan: nagtungo sa tanggapan ng punong barangay si -, upang ireklamo si -, dahil sa hindi pagbabayad ng utang na halagang isandaan piso. ayon kay -, naipagbigay-alam umano na nakinabang na at nakinabang din si -, subalit hindi pa rin nababayaran ni - at ng kanyang asawa ang utang kay -. bilang patunay ay nilagdaan ni - ang akto ng pagsusulim na ito.",Money/Debt Disputes
"nagtungo sa tanggapan ng punong barangay si gng. helen cocio-toribio, may sapat na gulang, taga brgy. san mateo, orion, bataan, upang ireklamo si g. chris alvin leonardo at/on cocoy sa pagbabayada ng motor kay gng. helen cocio-toribio sa halagang 9,000.00 (siyam na libong piso) panalang-pilipino, nitong pebrero, 2023. at nangakong ibabalik ang nabanggit na pera, hinirang-pinunan at binabayaran noong pebrero 2023, ayon sa pinagkasunduan. at noong june 10, 2023 ay nabatitaan ni gng. helen cocio-toribio na natatamasa ang motor na tinatanggap, (ayon pa rin sa motor). nais makaharap ni gng. helen cocio-toribio si g. chris alvin leonardo at/on cocoy na lalong mapag-usapan at hanapin sa harap ng punong barangay. bilang patunay ay nilagdaan ni gng. helen cocio-toribio sa ibaba ng sumbong/reklamo ito.",Contract Disputes
"nagtungo sa tanggapan ng punong barangay si -, may sapat na gulang, taga -, laguna, at nakatira sa -, upang isumbong si -, taga -, binan, laguna. ayon kay -, hiningan umano siya ng pera at pinangakuan na babalik din ito, subalit hindi na naibalik at hindi rin nakikita si -. sinasabing umutang din ito ng paninda at iba pang bagay, at may mga salitang masakit na binitawan at pananakit. ang pinakamahalagang hiling ni - ay makausap si - sa barangay upang maitama ang ginawa ni -. bilang patunay ay nilagdaan ni - ang ibabang reklamo ito.",Money/Debt Disputes
"usapin tungkol sa aksidente na naganap noong nakaraang linggo, dito sa tapat lamang ng aming tirahan, sa puno 8 ng barangay dagatan nangyari umano na ang sasakyan ni - ay nakabangga o nakasagasa sa isang maliit na bata na naglalakad sa gilid ng daan, sinasabing ito ay walang kasama at ibinigay kay edencio anaya nang pahintulot ni -. napagkasunduan na magkapareha (magkasundo) sina - at - at ang kanilang mga kasama. si - at -. bilang patunay ay nilagdaan nila ito kapwa sa ibaba ng kasulatan ito.",Contract Disputes
"sa sinumang kinauukulan, nagtungo sa tanggapan ng punong barangay si -, taga tbc credit corp. at condelaria quezon, upang ireklamo si -, dahil sa hindi pagbabayad ng kanyang utang na hinihingi-tulog sa nasabing credit corp. nais makaharap at harapin ng punong barangay ang dalawang panig. bilang patunay ay nilagdaan ni - ng tbc credit sa ibaba ng reklamo ito.",Money/Debt Disputes
"ito po ay unang patawag kay - ng tgc na dinaluhan ni - upang makaharap subalit di hiningi dumating si - kaya napagkasunduan narito na sa vitay kruz, sa ganap na 9:00 am ito po ay ipag-uulang pag-uusap sa brgy.",Contract Disputes
"Nauugnay sa usapan nina g. - at -, kasama si g. -, umano ay walang naging kasunduan at walang naayos na usapin kaya sa hulyo 28, 2023 ay ipinagbigay-alam para kay -. napagkasunduan na mag-uusap muli sila sa pagtatapos ng ika-15 araw, kung kailan sa agosto 28, 2023 ulit sila mag-uusap, ganap na ika-10:00 ng umaga.",Contract Disputes
"Nagtungo sa tanggapan ng punong barangay si -, may sapat na gulang, taga -, upang ireklamo at ihain ang kanyang reklamo. ayon sa kanyang sinabi, humahantong ito sa gabi at nakita niya si -, kilala rin sa pangalan na taga batangas, kung saan lumampas ang gabi at alingawngaw na sumandal at nagpapakilala ng kanyang sarili at ang reklamo kay -, at filalo na ang kanyang kinuha na manote ng alyas debot. kaya lamang ay ina-alam ni - ang lahat ng ito na binibigay niya sa barangay, namayani ang pagpapaputok ng baril at ang pagkakalam ng sugat. bilang patunay ay nilagdaan ni - sa ibaba ng nilalaman ng pahayag na ito.",Petty Criminal Offenses
"Nagtungo sa tanggapan ng punong barangay si -, may sapat na gulang, upang ipaalam ang nangyari sa kanyang tricycle na siniraan at sinuntok at kanya rin inaway ng nabanggit humigit kumulang alas syete ng gabi, ni -, ayon kay - ay nabasag ang salamin ng kanyang tricycle. gusto lang makasapul ni - si -.",Petty Criminal Offenses
Kaugnay ng naipit at naisumbong ni - laban kay - at napagkasundo sila na ipapagawa ang tricycle (salamin). bilang patunay ay nilagdaan silang lahat sa ibaba nito.,Contract Disputes
"Nagtungo sa tanggapan ng punong barangay si -, taga -, upang maglahad ng kanyang hinaing. Ipinabatid niya na may utang sa halagang 480 (apat na raan at walumpu) piso si - sa kanya, na binigyan daw nito ng pangakong babayaran ito sa pamamagitan ng dalawang libong pisong halaga na ipapadala kay - na nasa bangko, subalit hanggang ngayon ay wala pa ring natatanggap na pera. Nakalagay din sa ulat ang numerong 09054589687 at ang tirahan sa -, Calamba, Laguna. Noong agosto 6, 2023, ganap na ika-12:30 ng hapon ay kanilang pinagkasunduan na ilagay ito sa talaan.",Money/Debt Disputes
"Nagtungo sa tanggapan ng punong barangay sina - at -, upang maglahad ng kanilang hinaing tungkol kay -, na nakatira rin sa nasabing barangay, dapitan, batangas. Ipinabatid nila na may naganap na hindi pagkakaunawaan at pagnanais na makausap si - upang ayusin ang usapin. Napagkasunduan na ipapatawag si - at dapat ay magpakita ito sa harap ng punong barangay sa takdang oras at araw. Kung hindi ay saka lamang isusulong ang nais nilang hakbang at paghahain ng sumbong ayon sa naaayon sa batas.",Contract Disputes
"inaangkin ng bawat panig na sila ang tunay na may-ari at may karapatan sa nasabing lupa, at nagtatalo ukol sa tamang sukat at sakop nito na nagiging sanhi ng hidwaan.",Property Disputes
"Ako po si -, nagsusulat at nagtungo sa tanggapan upang maghain ng reklamo laban kay -. Sinasabi ko po na sa kabila ng kanyang pag-uugali at hindi maayos na pakikitungo sa akin, labis po akong nasasaktan at nagdudulot ito ng matinding hirap at pangamba sa aking kalooban. Itinatanim ko po sa aking isipan na ipinagkaloob siya ni -, ngunit tila wala po akong magawa kundi ang lumayo at umiwas sa kanya upang hindi na magkaroon pa ng mas masama pang pangyayari. Gayunpaman, sa kabila nito ay mayroon pa rin po siyang ginagawa na nakakasakit at tila uri ng panggigipit. Sa pagkakataong ito po, ito ay aking inihahayag at nais ko pong humingi ng tulong at pansin ng punong barangay. At hinihiling ko po na ipatawag po sa lalong madaling panahon at malaman kung ano ang dapat gawin dito at ayusin ang nangyari. Naganap ito humigit kumulang alas 6:00 hanggang 6:30 ng gabi (8-9-23).",Property Disputes
"Nag-usap sina - at -, at napagkasundo ng lubusan ang lahat ng kanilang alisan o away. Si - ay lumagda para kay -, at wala nang anumang hinaing o reklamo ang isa’t isa mula ngayon. Ito ay kalooban at pagpayag ng bawat panig, at nilagdaan bilang patunay ng pagkakaisa at pagwawakas ng usapin sa ibaba nito.",Contract Disputes
"Nag-usap sina - at -, tungkol sa lupa na sinasabing pag-aari ni -, na ibinenta daw nito sa halagang ₱80,000.00, ngunit sa paglipas ng panahon ay nabaliktad at sinasabing utang daw pala ito, at sa halip ay babayaran lamang ng ₱90,000.00 bilang kabayaran. Napagkasunduan na halagang ₱95,000.00 lamang ang ibabayad (8-18-2023) at wala nang ibang babayaran kundi ang nasabing halaga. Ang unang bayad ay ₱50,000.00, at ang natitirang ₱45,000.00 ay babayaran sa loob ng limang buwan, at hindi na magkakaroon ng dagdag o tubo pa rito. Ang pag-uusap ay tapos na, kalakip na pagkakasundo at wala nang ibang isasama o idadagdag pa, at wala nang ibang hihingin kundi ang napagkasunduang halagang ₱95,000.00.",Money/Debt Disputes
"Nag-usap ang mga nakatira sa lupang pag-aari at nabibili nina - at -, kaugnay ng paghahanda at pagsasaayos ng lupain. Ayon kay -, hindi pa nalilinisang mabuti ang lupang bahagi at hindi pa maayos ang pagkakahati at pagkakalagay nito. Mayroong mga nakatira rito na inaangkin at sinasabing kanila na ang ilang bahagi, at ayon naman sa iba ay bahagi ito ng daluyan at dito dapat ilaan at ilagay. Dahil dito, napagkasunduan nilang magpatawag at mag-usap ang mga bahagi at may kinalaman dito upang ayusin at matukoy ang tamang hangganan at magkaroon ng malinaw na pagkakaintindihan. Ayon kay -, hiniling nilang magkaroon ng pagpupulong at pag-uusap upang malaman ang lahat ng dapat ayusin. Nabatid din nila na ayon sa mga nakatira at sa may-ari, ibinebenta lamang o ipinapalit ang lupang tinirikan nito, at nabayaran na nang buo ayon sa kasunduan.",Property Disputes
"Nagtungo si - sa tanggapan ng punong barangay upang ibalita at maghain ng reklamo laban kay -, na ayaw makipag-ayos o tumupad sa pangakong utang mula pa noong nakaraang panahon. Hindi pa rin nakababayad ng halagang 5000 piso hanggang ngayon, at hinihiling na makausap ito sa lalong madaling panahon.",Money/Debt Disputes
"Sept 6, 2023 Nagtungo si - sa tanggapan ng punong barangay upang ibalita at igiit na makausap sina - at -, dahil sa masamang tunggalian at pagtrato nila kay - at sa kanyang anak na nasa pangangalaga niya. Hinihiling ko po na makausap sila sa lalong madaling panahon dito sa tanggapan ng barangay.",Family Matters
"Sept 9, 2023 ""BLOTTER"" SIX (4) Personnel of NAGCARLAN MPS, Laguna, PPO led by PSSG - / -, Asst. Team Leader coordinated with Brgy. Chairwoman - / - for the review of CCTV footage in relation to the investigation of Nagcarlan PNP regarding the shooting incident transpired at Brgy. Silangang Kabuhayan, Nagcarlan, Laguna pursuant to RA 10173, Section 12 (E).",Property Disputes
"Sept. 11, 2023 Nag-usap sina - at -, tungkol sa lupang pagmamay-ari ni -, na pinagtitibayang ibalik kay -. Ayon kay -, handang ibigay at ibalik ni - ang lahat ng ibinigay at inihabilin ni - sa kanya. Ayon naman kay -, ibabalik at isasauli na lamang niya ang lahat ng gamit at bagay na mula kay -. Bilang patunay ay kapwa sila lumagda sa ibaba nito.",Property Disputes
"Sept 11, 2023 Nagreklamo: -, sinasabing pinutol ang kabilang bakod at na walang pahintulot ni -. Sa sumunod na kaganapan: Nagtungo sa tanggapan ng punong barangay si -, may sapat na gulang, taga-sitio Galang, upang ipaalam na sa kanyang bakuran ay biglang pinutol at tinanggal ang bahagi ng bakod nang walang paalam o abiso man lang, at ito ay labis na nakapagdulot ng takot at pangamba sa kanyang kalooban.",Property Disputes
"Sept. 19, 2023 Nagtungo sa tanggapan ng punong barangay si -, upang ireklamo si -, dahil hindi malaman ang tunay na dahilan kung bakit nagkagalit sila. Sinasabing ayaw niyang malaman ng iba ang dahilan at ayaw rin niyang magpaliwanag, ngunit nabalitaan na niyang kasapi daw si - at si -, at mayroon daw sinasabing hindi magandang ginawa si - kay -, ngunit nang tanungin ay itinanggi naman ito ni -. Sinabi naman ni - na kahit ano pa man ang sabihin o isumbong ni - ay hindi siya naniniwala rito. Nais makausap si - dito sa tanggapan ng punong barangay.",Property Disputes
"Nagtungo sa tanggapan ng punong barangay si -, may sapat na gulang, taga-Purok -, upang ireklamo si - at -, dahil sa ginawa nitong pananakot at pambabato sa kanyang tahanan at pamilya, na lubos na nakababahala at nakakatakot. Hindi malaman ang dahilan kung bakit ito ginawa, at nais na makausap sa harap ng punong barangay ang mga nasasangkot upang malinawan at magkaroon ng tamang pagkakaunawaan.",Neighbor Disputes
"Nagtungo sa tanggapan ng punong barangay si -, may sapat na gulang, taga-Purok 4, -, upang ireklamo si -, dahil noong ika-10 hanggang ika-11 ng buwang ito, bandang alas-10:45 ng umaga, ay nakarinig at narinig niyang sinasabi at ipinapahayag ng nasasakdal ang mga salitang nakasasakit at labis na nakapagdudulot ng kahihiyan sa kanyang pagkatao at pangalan. Ayon sa nagsumbong, kahit na hindi naman siya nakikipagtalo o gumagawa ng anumang masama, ay patuloy pa rin siyang pinag-uusapan at binibintangan ng mga bagay na hindi naman totoo at labis na nakapagpapahirap sa kalooban niya. Sinasabing pati ang kanyang pamilya ay nadadamay at napapahiya rin sa mga sinasabi at ikinakalat na balita ng inereklamo. Nais lamang ng nagrereklamo na malinawan ang lahat at matigil na ang ganitong gawain at pananalita laban sa kanya.",Property Disputes
"- Nagtungo sa tanggapan ng punong barangay si -, taga -, upang ireklamo si -, na may utang at pananagutan sa kanya. Sila ay nagkasundo na babayaran na lamang ni - ang halagang ₱9,000.00, bilang kabayaran at pagsasauli ng utang. Sila ay nagkaroon na ng kasunduan at katiyakan na bayaran ang halagang ₱9,000.00, at ito ay magiging ganap at tapos na sa pagitan nila.",Money/Debt Disputes
"Nagkaroon ng pagtatalo at hindi pagkakaunawaan sa pagitan nina - at - dahil sa usapin ng lupang pagmamay-ari at hangganan. Ayon kay -, sinasabing may karapatan at bahagi siya sa lupang inaangkin naman ni -, ngunit ayaw itong paunlarin o ibigay ng kabilang panig. Sa kabilang banda, iginiit naman ni - na malinaw at matagal na niyang pag-aari ang lupang pinag-aawayan at wala nang karapatan ang sinumang iba pa rito. Matapos ang masinsinang pag-uusap at paglilinaw, napagkasunduan nilang makipagkasundo at magkaroon ng malinaw na hangganan at hatian, ayon sa nakasaad at nakatala sa batas at dokumento. Sila ay nangakong igagalang at susundin ang napagkasunduan at hindi na muling magkakaroon ng anumang hidwaan o alitan ukol dito.",Property Disputes
"Oct 17, 2023 Nagtungo sa tanggapan ng Punong Barangay si -, upang ipaalam at ireklamo sina - at -, dahil sa kanilang hindi pagkakaunawaan at madalas na pakikipag-away at pagtatalo sa isa’t isa. Nag-usap ang magkabilang panig sa harap ng mga kinatawan, at nagkaroon ng paglilinaw at pagpapaliwanag. Sinabi ni - na hindi naman niya ninanais na magkaroon ng gulo, at handa siyang makipagkasundo. Sinabi naman ni - na mula ngayon ay iiwas na siya sa anumang bagay na magiging sanhi ng gulo.",Neighbor Disputes
"Ako po si -, nagnanais po ako kay - at -, at nakatakas po akin at naghabol po ng apat na katao. Sinasabing po ang aking dalawa ay -, at pati ang aking dalawang bata na sina - at -, ay pinaghahabol, pati ang motor ko, dalawang kulay ay pining itim at piring kulay pula. At nagbabanta pa ng papatayin daw po kami ni - kapag nagkakalabuan po kami, pati sinisiraan aming inuupahang bahay.",Neighbor Disputes
"Nagtungo sa tanggapan ng punong barangay si -, upang ireklamo si -, sa pagwawakas ng kanilang pagsasama, pati na ang mga kagamitan nito. Nais niyang makausap si - sa lalong madaling panahon upang malaman kung ano ang dapat gawin at ayusin.",Property Disputes
"Nagtungo sa tanggapan ng punong barangay si -, may sapat na gulang, upang ipaalam na pumasok ang ibang tao sa kanilang tahanan at kumuha at naglabas ng mga gamit at kagamitan nang walang paalam at walang pahintulot. Ayon sa kanya, walang nawawalang malalaking gamit, ngunit may mga maliliit na bagay at pera na nawala at hindi na matagpuan. Nangyari ito noong gabi ng ika-22 hanggang ika-26 ng Oktubre 2023, habang sila ay wala sa bahay. Bilang patunay ay nilagdaan niya ito sa ibaba ng ulat na ito.",Petty Criminal Offenses
"Oktubre 5; at pagkakita ng dalawang kaukulang (hindi tunay) na CCTV noong Nobyembre 12, 2023 Nagtungo sa tanggapan ng punong barangay si -, may sapat na gulang, upang ipaalam at ireklamo ang mga sumusunod na pangyayari: noong Setyembre 2, 2023, nawala ang kanyang motor; noong Oktubre 5, 2023, naputol at tinanggal ang nakakabit na PPK nito; at noong Nobyembre 12, 2023, nakita ang dalawang CCTV na napatunayang hindi tunay o peke. Ipinahayag niya na mula pa noong Setyembre 2, 2023, ay patuloy na niyang inaalam at sinusubukang alamin ang nangyari, at humihingi ng tulong at pansin mula sa tanggapan ng punong barangay upang mabigyang-linaw at solusyon ang mga nasabing pangyayari. DAGATAN ​ JAN. 3 2024 Ayon kay _ na sa kanya ang mga bata, at ayon kay _ ay subukan ang isang taon na mamalagi sa kanya at dito muna sa Dagatan papasukin at ayaw pumayag ng magkabilang panig sa kani-kanilang desisyon, kung kayat lalapit sila sa VAWC station upang makuha ang bata sa tamang paraan, at para sa assistance; at sa huli ay nagdesisyon ang magkabilang panig na idaan na lamang sa tamang proseso ang lahat. Bilang patunay ay lalagda sa ibaba nito ang magkabilang panig.",Family Matters
"​ Habang nag-uusap sina [Complainant 1] at [Complainant 2], ay biglang nagpakita ng baril si G. [Respondent]. At kung sakaling may mangyayari na hindi maganda sa mag-asawa, ay si G. [Respondent] ang unang pananagutin.",Petty Criminal Offenses
"Nag-usap ang magkabilang panig na sina [Party 1] at ang pamilya ng [Party 2], tungkol sa lupang ipapasukat ng mga [Party 2]. Nag-usap sila tungkol sa pagpapasukat ng lupa, at ang sagot ng [Party 1] ay ikokonsulta muna sa kanyang magulang tungkol sa pasukat.",Property Disputes
"​ Usapin sa lupang pag-aari ni [Owner] na ibinebenta. Ay nagkasundo na 600 sq. meters ang ibinigay ni [Owner] at ang 100 square meters ay parang inireward, at ito ay bilang kapalit sa mga ifinammit na niyog ni G. [Party]. At ang mga Rambutan ay namumunga na, na may bilang na mahigit na 70 punong Rambutan na namumunga, ay babayaran sa halagang ₱1,000. Kada puno, 'yong namumunga lamang ang babayaran ng ₱1,000 — ang 70 punong namumunga. At ang mga iba pang halaman ay hindi na pinababayaran pa.",Property Disputes
"​ Sa sinumang kinauukulan, Nagtungo sa Tanggapan ng Punong Barangay si Kagawad [Official], may sapat na gulang na taga-Purok 4 ng Barangay na ito, upang ipaalam na ang mga manok na panabong ni G. [Owner] ay nawala o ninakaw — anim (6) na pinasong manok na panabong. Ang insidente ay nangyari sa pagitan ng alas-2:00 at alas-2:30 ng madaling-araw noong Enero 16, 2024. Kanyang ipinaalam ang bagay na ito para sa kabatiran ng lahat.",Petty Criminal Offenses
"​ Muling pag-uusap nina Mam [Party A], Gng. [Party B], Gng. [Party C], at G. [Party D] — tungkol sa lupang pinag-uusapan na pag-aari ni G. [Owner] na nabili nina G. at Gng. [Buyer], sa kanyang anak na si [Child]. - Muling ipinatawag ang mga nasabing personalidad upang muling mag-usap. Sinabing muli ni Gng. [Party C] na 'yon ay sa kanila, na binigay kay G. [Party E]. - Ayon kay G. [Party A] na sa tagal nang panahon na inaayos ang titulo ng lupa, sa dahilang wala silang [papel] na pinanghahawakan. - Binili nina G. at Gng. [Buyer] kina [Seller 1] at [Seller 2] sa pag-aakalang CLOA ang lupa, at may Deed of Sale na may pirma ni Judge [Name]. - Nagpaliwanag si G. [Party A] tungkol sa lupang kanilang binili sa [family]. - Ayon kay G. [Party A], aantayin ang taga-Agrarian within (1) week; then after 1 week na 'di dumating ang Agrarian ay ipapasukat na nila. - Kung after na maipasukat, at may mapatutunayang papel ang mga [family] bilang katibayan na kanila nga 'yung lupang nabili ni G. at Gng. [Buyer], ay muling pag-uusapan sa Barangay.",Property Disputes
"​ Tanggapan ng Punong Barangay. Nagtungo sa Punong Barangay ang mga batang sangkot, kasama ang mga magulang nina: - [Minor 1] – 17 years old - [Minor 2] – 14 years old; [Parent/Father] - [Minor 3] – 16 years old; [Parent/Mother] - [Minor 4] aka ""[alias]"" – [age] years old; [Parent/Mother] Sangkot sa pagnanakaw ng motor sa Butakin 2.",Petty Criminal Offenses
"​ Pinapatunayan na si [Borrower] ay nagbigay na halagang ₱1,000 piso sa collector ng (2) Zillions of Vision Lending Corporation na si [Collector]. At sa kasalukuyan ay may utang na loan at balanse sa halagang ₱7,581. Patunay na nagbigay si [Borrower] ng ₱1,000 piso at may matitira pa na ₱4,581 na balanse, at babayaran ni [Borrower] sa loob ng apat na buwan at kalahati.",Money/Debt Disputes
"​ Nag-usap sa harap ng Punong Barangay sina [Party 1], at ang mga Kagawad na sina [Official 1] at [Official 2], tungkol sa mga pangyayari noong January 26, 2024 — tungkol sa manok na diumano'y may ninakaw na manok, at 'yung ninakawan ng 11 manok, at ang nagpost na labing-11 manok. - Nag-usap sila na at nagpaliwanagan nangyaring pangyayari noong [petsa] tungkol sa manok. - Nag-usap din tungkol sa mga posts sa Facebook. - Nagka-ayos ang bawat panig tungkol sa pangyayaring ito.",Petty Criminal Offenses
"​ Sa sinumang kinauukulan, Nagtungo sa Tanggapan ng Punong Barangay sina [Complainant 1] at [Complainant 2], may sapat na gulang, taga-Brgy. [__] Poblacion, Ataminos, Laguna, upang kausapin si Gng. [Respondent 1] na asawa ni [Respondent 2], upang mapag-usapan ang perang nakuha ni G. [Respondent 2] sa halagang 100k. Ayon kay Gng. [Respondent 1] na asawa ni G. [Respondent 2], ay nagkausap nga si [Respondent 2] at Gng. [Other] na 'yung 100k na nakuha ni [Respondent 2] ay ilalabas sa kabuuang 400k na nakuha nina [Complainant 1] at [Complainant 2]; na si [Respondent 2] ang siyang may pananagutan sa ₱100k na nakuha doon sa kabuuang 400k.",Money/Debt Disputes
"​ February 2024 Sa sinumang kinauukulan, Nagtungo sa Tanggapan ng Punong Barangay si [Complainant], may sapat na gulang, may asawa, taga-Sitio Labak ng Brgy. na ito, upang ireklamo si [Respondent], taga-Sitio Labak, may asawa, sa kanyang pagbabanta, pagpetsahera at pagsuntok sa likod ni G. [Respondent] kay [Complainant]. Nais makausap ni G. [Complainant] si G. [Respondent] sa harap ng Punong Barangay sa lalong madaling panahon.",Neighbor Disputes
"​ Sa sinumang kinauukulan, Nagtungo sa Tanggapan ng Punong Barangay si Gng. [Complainant 1] upang ireklamo si Gng. [Respondent], tungkol sa pagbabalik ng original title kay [Name]. Nais maka-usap sa harap ng Punong Barangay sa lalong madaling panahon.",Property Disputes
"Nagtungo sa tanggapan ng Punong Barangay si [Complainant] na taga-Super Bike Center upang humingi ng pahintulot na makausap si [Respondent] sa lalong madaling panahon, kung maaari ay bukas 2-20-24 ganap na 2:00 PM, dahil sa kinuhang motor.",Property Disputes
"Nagtungo sa Tanggapan ng Punong Barangay si [Person] upang ipaalam na isinoli na ang mag-ina ni [Mother], kasama ang baby, sa kanila.",Property Disputes
"​ ​ Nag-usap sa harap ng Punong Barangay sina Mrs. [Party 1] (guro ng [__] National High School) at si Kag. [Official], taga-Purok 3, Brgy. Dagatan, Dolores, Quezon, tungkol sa diumano na sabi-sabi daw ni Kon. [Official] tungkol kay Mam [Party 1]. Sila ay maayos na nag-usap tungkol sa usapin. Humingi ng pasensya ang magkabilang panig sa isa't-isa, at tinanggap naman nila ang paghingi ng pasensya.",Neighbor Disputes
"​ No date Sa sinumang kinauukulan, Nagtungo sa Tanggapan ng Punong Barangay si G. [Complainant] upang ireklamo si G. [Respondent] dahil sa pagsugod at pagsakal sa kanya. Ayon kay [Complainant], nagsimula 'yong ang kanyang 'di pagkakaunawaan sa nangyaring manok dahil umano siya ay pinagbibintangan ni G. [Respondent] na ninanakaw ang itlog ng kanyang inaalingang manok na nangingitlog sa tungkong lutuan ni G. [Complainant]; nagkaroon sila ng mataas na sitaan at doon na sumugod sa harapang bahay ni G. [Complainant], si G. [Respondent] at siya ay armang sasakalin ngunit ito ay nailag niya at kamay niya ang tinamaan ng kutsilyo.",Petty Criminal Offenses
"​ Nag-usap sila tungkol sa pagpapasukat ng kani-kanilang lupa nina [Party 1] at [Party 2]. Nag-usap sila at ang sabi ni [Party 3], anak ng may-ari ng lupa, na nataas ang presyo ng lupa; at ayon sa kanila ay ang halaga ng lupa ay ₱180/sq.m., at ang dulog ay sana ay mapasukatan na hanggang Abril 2024. At kung lumampas ng Abril 2024 at 'di pa naayos na ay dadagdagan na ulit ang presyo ng lupa, at monthly na ang taas ng presyo ng lupa: ₱20/sq.m./month.",Property Disputes
"Sa sinumang kinauukulan, Nagtungo sa Tanggapan ng Punong Barangay ang mag-asawang G. [Complainant] at [Complainant spouse] upang ireklamo sina [Respondent] at ang pamilya nito sa walang Oral Defamation and Harassment. Nais makausap sa harap ng Punong Barangay ang mga taong nabanggit sa lalong madaling panahon.",Neighbor Disputes
"​ Sa sinumang kinauukulan, Nagtungo sa Tanggapan sina [Party 1] at ang larawan ng kanyang asawa, tungkol sa lupang iniwan ng kanilang ama (biyenan) ni [Party 1]. - Nagpaliwanagan ang bawat isa na kanila, upang maintindihan ang lahat. - Ang direksyon ng magkakapatid ay ibenta; at kung sakali na ibenta ay ayaw ibenta ni [Party 1] ang kabahagi ng kanyang asawa na namayapa na; at 'yun po ay depende sa pag-uusapan nila. - At sa huli, ay kung may magandang usapan ay papayag siya, subalit dapat ay may kasunduan ang bawat isa.",Property Disputes
"​ Nag-usap sina G. [Party 1] at [Party 2], at [Party 3], tungkol sa lupang kinatatayuan ng bahay ng mga [Party 2], sa dahilang dadaanan ito ng main na proyekto ng gobyerno – DPWH. - Kakausapin 'yung may-ari ng kabilang lupa tungkol sa kanilang bahay bago sumapit ang Lunes, Marso 11, 2024.",Property Disputes
"​ Pag-uusap sa pagitan ni Mr. [Party 1], may sapat na gulang, Assessor ng Dolores Municipal Hall, at ni G. [Party 2], foreman ng gagawin Farm-to-Market Road na matatagpuan sa Sitio Labak, Brgy. Dagatan, Dolores, Quezon. Ayon kay G. [Party 1] ay nabatian niya na pinutol na ang mga puno ng Rambutan (o pinulay) ang mga puno. Ayon pa rin sa kanya ([Party 1]) na baka mahaprusa 'yung may-aring lupa kung saan nakatanim ang mga Rambutan. Nais ni G. [Party 1] na mayron ang mga papel lalo't ang lupa ng Estado bago makumpirahan ang FMR. Ayon kay G. [Party 2] na wala siyang alam sa suspensyon ng project na FMR sa Sitio Labak, Brgy. Dagatan, Dolores, Quezon. - Ipinaalam naman ni G. [Party 1] sa may-aring lupa na si [Party 3] na dapat ay pupuntahan muna ni G. [Party 3] ang lupa niyang dadaanan ng FMR para kung saan ito idadaan ang kalsada. Dapat puntahan ang mga punong Rambutan.",Property Disputes
"​ Nagharap sina pamilya [Party 1], kasama si [Party 2], at ang pamilya ni [Party 3], sa daan na diumano ay siyang magiging daan patungo sa lupa ng mga [Party 1] — 'yung mas malaki ang daan sa bandang ilaya, subalit wala namang naka-site kung alin ang daan na puwede nilang daanan (Right of Way). - Ang nais ng kabilang panig [Party 1] kung alin at ano ang dapat gawin para sa lupang daanan. - Nagtanong ang taga-pagsabi ng [Party 1], kung puwedeng ibigay ang daang 2 sq.m. sa kabilang lugar, at dadaan sa harap ng bahay ng mga [Party 4]. Sa dahilang payag na ang [Party 4] sa mga lupang daan na sila dadaan. - Ayon sa anak ni Gng. [Party 5] ay magtatanong muna sila sa abogado para sa legal na usapin, at muli ay mag-uusap sila sa harap ng Punong Barangay bukas (March 14, 2024), 9:00 AM. At muli ay iginiit ng mga [Party 5] na may pending case pa ang lupang pinag-uusapan o ang lupang dadaanan.",Property Disputes
"​ Pag-uusap sa pagitan nina [Party 1] at [Party 2], na: Ayon kay Gng. [Party 1] na nagtiwala siya kay [Party 2] noon pang 2023, na sa ngayon ay may balance ₱6,280 (mula utang); at si [Party 2] ay puro ""parang ako"" ang sinasabi, sa mag-aaway, na magbabayad siya. Ayon kay [Party 2] ay walang talaga siyang ibabayad sa panahon ngayon, at ayon kay [Party 2], ay hintayin lamang ang kanyang pag-aalis at magbabayad talaga siya sa kanyang utang. Ayon kay [Party 1] na sana ay bago umalis si [Party 2] ay mabayaran muna ang utang; at ayon kay [Party 2] ay wala talaga, sapagkat 'di pa nakabayad, at wala talaga siyang mapagkukunan.",Money/Debt Disputes
"​ Nagharap sa Tanggapan ng Punong Barangay si G. [Party 1] at Gng. [Party 2], may mga sapat na gulang, upang pag-usapan ang reklamo ni G. [Party 1] kay Gng. [Party 2] na: Diumano ay kung anu-ano raw ang mga sinasabi ni [Party 1] tungkol kay Mrs. [Party 3], ngunit ang lahat ay itinanggi ni G. [Party 2]. Hiling ni G. [Party 1] kay Gng. [Party 2] na bawiin ang sinabi kay Gng. [Party 3], at hiling pa rin na huwag na huwag nang magsumbong ng kung anu-ano kay Gng. [Party 3].",Property Disputes
"​ Sa sinumang kinauukulan, Nagtungo sa Tanggapan ng Punong Barangay si G. [Complainant], may sapat na gulang, taga-Purok 3, Brgy. Dagatan, Dolores, Quezon, upang ireklamo si [Respondent], taga-Purok 5 ng Barangay Dagatan, Dolores, Quezon, may sapat na gulang, na walang pag-liko ng hindi nagflash (signal) sa may kanto patungong school, na kani-kani ang oras ay humigit-kumulang 8:19 ng umaga, habang siya ay paliko-paitaas ng dumating ang motor ni [Respondent], na hindi nagflash kung siya ay dederetso o liliko. Sa dahilang walang flasher, biglang liko ng motor ni [Respondent], at doon bumangga sa motor ni [Respondent] si [Complainant], at bumagsak si G. [Complainant] dahilan sa pagkabangga.",Property Disputes
"​ Ako po si [Complainant], may sapat na gulang at naninirahan sa Lungsod ng Lucena, ay dumudog sa tanggapan ng Barangay Dagatan upang maghain ng reklamo sa mga taong sumusunod: Sa kasong pagnanakaw at pagbili ng nakaw na mga items: 1) 10 sakong semento 2) 6 penolec na nagkakahalaga ng ₱210.00 bawat sako ng semento at ₱650.00 bawat piraso ng penolec. At eto pagnanakaw at pagbili ng nakaw ay naganap noong nakaraang linggo, March 26, 2024. Ako po ay humihingi ng aksyon na dito sa tanggapan ng Barangay Dagatan na mabigyan ng kalutasan ang usapin na ito.",Petty Criminal Offenses
"​ No date Ako si [Complainant], may sapat na gulang, taga-Dagatan, Dolores, Quezon, naghain ng reklamo kay [Respondent], sa kasong tagkang pagnanakaw. Nahuli ko na pulit na bumubukbok ay tuwarto to inagang ko ang mga henok nyang mga sust ng bahay ko.",Petty Criminal Offenses
"​ Sa sinumang kinauukulan, Nagtungo sa Tanggapan ng Punong Barangay si G. [Complainant], may sapat na gulang, taga-Brgy. Palagaran, Tiaong, Quezon, upang ireklamo si [Respondent] aka Don [alias] sa walang pagnanakaw ng 2 battery ng truck.",Petty Criminal Offenses
"​ Sa sinumang kinauukulan, Nagtungo sa Tanggapan ng Punong Barangay si [Complainant], may sapat na gulang, taga-Sitio Galong. Katimala ni G. [Respondent], upang ipaalam na ang kanilang bakuran ay pinasok noong ika-16 ng Abril, 2024, humigit-kumulang 10:00 ng gabi. Kita niya na may taong pumasok at ang mga aso ay nagtahulan, at ikinabukasan ay bawan ang mga punta ng niyog.",Property Disputes
"​ Nagtungo sa Tanggapan ng Punong Barangay si [Complainant], 25 taong gulang, mag-asawa, naninirahan sa Purok 1, Brgy. Dagatan, Dolores, Quezon, upang sampahan ng reklamo ang kanyang Ama, [Respondent], sa balang pagkabantang papatayin ang kanyang Ina na si [Mother]. Na ngayon ang oras na ika-12:00 ng tanghali ay dumating si [Respondent], sa bahay ng kanyang Ina, na itinanong kay [Mother] kung siya ay tatanggayin ([Respondent]) pa. Ang sagot ni [Mother] ay ""Hindi Na."" Biglang nagwala si [Respondent], at pinagbantaan si [Mother] na papatayin. Subalit inawat ng isang anak na lalaki ni [Respondent] na si [Son]. - Bago umalis si [Respondent] ay nagbanta pa na ""BABALIKAN AS PAPATAYIN si [Mother].""",Family Matters
"April 2024 Nagtungo sa Tanggapan ng Punong Barangay si [Representative] (in behalf of [Debtor], kapatid ni [Minor]) upang magbayad ng halagang ₱10,000 para sa motor na sinakyanan ni [Minor] na ito ay maaksidente. Ang motor na ang may-ari ay si [Owner] na taga-Sto. Tomas, Batangas. Bilang patunay ay lalagda sa ibaba nito ang mga taong nabanggit. Nagbayad ng sa Motor: [Representative] (in behalf of [Debtor]) Tumanggap ng bayad in behalf of [Owner]: [Receiver]",Money/Debt Disputes
"​ Nagtungo sa Tanggapan ng Punong Barangay si [Complainant] upang isumbong o ireklamo si [Respondent], sa dahilang sinaktan ni [Respondent] ang inang si [Complainant]. Nagharap silang mag-ina sa harap ng Punong Barangay upang ayusin ang nasabing sumbong. Ngunit [crossed out text] — muli ay nagpareanda ang mga nagtatapon.",Petty Criminal Offenses
"​ Sa sinumang kinauukulan, Nagtungo na Tanggapan ng Punong Barangay si Gng. [Complainant], may sapat na gulang, taga-Brgy. Bunoy, Dolores, Quezon, upang ireklamo ang mag-amang [Respondent 1] at ang anak na si [Respondent 2]. Kahapon ang oras ay humigit-kumulang alas-5:00 ng hapon, nang si Gng. [Complainant] ay pumunta sa lupa ng kanyang inang si Gng. [Owner], tiningnan ang site sa inardong lupa; dahil may mga hayop na nandoon, tulad ng mga manok, kambing at aso; at ina-advice niya ni [Respondent 1] na puki-alisan ang mga hayop; ang sabi ng mag-ama ay sa kante ra lang mag-usap; at habang [Respondent 2] sinasabi niya iyon ay vini-videoan nga ako na walang consent.",Property Disputes
"Sa sinumang kinauukulan, Nagtungo sa Tanggapan ng Punong Barangay si [Complainant], may sapat na gulang, may asawa, taga-Purok 3 ng Brgy. Dagatan, Dol. Quezon, upang ipaaalam na si G. [Respondent] ay primero bantaan ang buong pamilya na papatayin, noong May 18, 2024. Kaya ipinaalam ang sumbong na ito upang kung sakaling may mangyaring harm sa kanilang pamilya, ay si G. [Respondent] ang unang tatanungin.",Neighbor Disputes
"Ako si [Complainant], 15 taong gulang, naninirahan sa Brgy. [__], San Benito, Alaminos, Laguna, palita ay nagtungo sa tanggapan sa Punong Barangay ng Dagatan, Dolores, Quezon para sabihin na ang totoo na ako ay kusang-loob at hindi pinilit at hindi tinatakot na sumama kay [Person], 14 taong gulang, na taga-Santa Monica, San Pablo City.",Neighbor Disputes
"Sa sinumang kinauukulan, Nagtungo sa Tanggapan ng Punong Barangay si [Complainant] aka [alias], may sapat na gulang, upang sampahan ng reklamo ang mga sumusunod: [Respondent 1], [Respondent 2], [Respondent 3] aka [alias], sa walang panggugulpi kagabi, nang ang oras ay humigit-kumulang alas-10:30 ng gabi, biglang lumapit ang barkada nhan kay [Complainant], at ginulpi sa 'di alam na dahilan.",Property Disputes
"Nag-usap ang mga guro ng DTCES at ang mga magulang ng mga batang sangkot sa paninira ng school ng PTCE, pagpasok sa mga rooms at paninira ng mga CCTV camera. Nag-usap sila tungkol sa nasirang CCTV camera at mga padlock. Napag-usapan na halor 60k ang iba magagastos sa repair at sa mga kastuwareng iba ang ibabalikatin ng mga magulang. Napagkasunduan na sa June 24, 2024, dapat ay intact ang perang kabayaran para sa magiging kastuwarean ng mga nasira.",Money/Debt Disputes
"Sa sinumang kinauukulan, Nagtungo sa Tanggapan ng Punong Barangay si [Complainant] upang ireklamo si [Respondent]. Sa dahilan ng paninira [by Respondent] kana sa kanila, ganap na alas-9:10 ng umaga sa dahilan ng di-pagkakaunawaan sa pagpick ng parallero. Ayon pa kay G. [Complainant], may isang Dagdag na ipinasak sila at nagabullyan na bago ang sumundang at muli silang nagato; at nang si G. [Respondent] ay dumating at tinigilab ang daan niya sa pagkakaroon sila ng kaunting salitaan at ilang mainggit na nilang parello ay biglang tinigilan siya ni G. [Respondent]; sa barangayan sa Purok 3, at muli silang nagato at nang walang daiya nitsong sinuntok ngato — nagtungo si G. [Complainant] sa Brgy. Hall, upang ireklamo si G. [Respondent]. Nang gutasan makahrap ito sa harapan ng Punong Brgy.",Petty Criminal Offenses
"Sa sinumang kinauukulan, Nagtungo sa Tanggapan ng Punong Barangay si [Complainant] upang ireklamo si [Respondent], sa walang pagbabanta, sa dahilang kagabi ay muli niyang pinagbantaan ni [Respondent] si [Complainant]. Subalit noong nakaraang taon, April 24, 2023, ay may nangyaring ganito rin, na lakas seing magkapatid at di sila magsamana sa isa pang bubong. At ang masama kay [Respondent] ay may pagbabantang sinasabi.",Neighbor Disputes
Nagtungo sa Tanggapan ng Punong Barangay si G. [Complainant] upang ipaalam na siya ay binanga ng tricycle na may body number 320 na diumano ay giya doon sa bulahing Tiaong.,Property Disputes
"Sa sinumang kinauukulan, Nagtungo sa Tanggapan ng Punong Barangay si [Complainant], may sapat na gulang, taga-Purok 3 ng Barangay Dagatan, Dolores, Quezon, upang sa pamamagitang Barangay ay makausap si Gng. [Respondent] dito sa Barangay Hall.",Property Disputes
"Kasunduan sa pagitan nina G. [Party 1] (Unang Panig) at ni G. [Party 2] (Ikalawang Panig), tungkol sa damage ng tricycle ni G. [Party 1]. Na si G. [Party 1] ay dumamage ng danyos na J-Ikalawang Panig na nagkakahalaga ng ₱1,100 piso. Na sang Ikalawang Panig ay hiringes na ang isang libong peso, sa dahilang ipinagagamit pa rin ang kanyang asawa na nagtamo ng sugat sa katawa. At na si G. [Party 1] ay pumayag na lehilonga ng unang panig.",Family Matters
"Sa sinumang kinauukulan, Nagtungo sa Tanggapan ng Punong Barangay sina G. at Gng. [Complainant couple] upang ireklamo sina [Respondents] sa dahilang ang 2 sa 4 kabataan ay siyang pinaghihinalaang kumkuha ng 2 battery, tools at jack ng Truck.",Property Disputes
"July 2024 [Abel], [Party] (Balo), [Party], [Party] at ito ay bay kanya-kanyang sukat; at ito ang iminumungkahi nito ay ang mga [Family]. At ito ay ayon kay [Party] na anak nina [Party] at [Party]. Sang-ayon kay [Party] (Mary) ang lupang pinag-uusapan ay ipinama na, nakapangalan kay [Party] (Eldefonso de [Town]) na asawa ni G. [Party] na syang nakalagay sa mga dokumento, na pinamana ni [Party] de [Town]. - May ipinakitang certification si [Party] galing kay Municipal Assessor dated June 30, 2022. - At maraming papeles na ipinaakita si [Party]. Sang-ayon sa kanila ay sa proper office na lamang sila mag-uusap.",Property Disputes
"Nagkausap sina [Party 1] at ang mga [Family], tungkol sa konting problema sa lupa.",Property Disputes
"Nagtungo sa Tanggapan ng Punong Brgy. sina [Complainant 1], [Complainant 2], may mga sapat na gulang, taga-Barangay Dagatan, Dolores, Quezon, upang ireklamo si [Respondent] sa hindi pagtupaid sa pagbabayad ng kanilang pera sa PTSA. Si [Respondent] ay balal 1 buwan nang Late sa paghuhulog at ang nangyayani ay hindi-hulugan ng mga Ka-grupo ng kanyang utang. Subalit umabat na kailangan na ng mga nag-imburso ang peraning na hi-hulog ng mga kamembro. Sa tinggurting-hulog ni [Respondent].",Money/Debt Disputes
"Sa sinumang kinauukulan, Nagtungo sa Tanggapan ng Punong Barangay ang ina ni [Minor] alyas [alias], taga-Purok 5 ng Barangay na ito, upang ireklamo si [Respondent], alyas [Bok], na kagabi ang oras ay humigit-kumulang alas-9:00 ng gabi, sa dahilang ginulpi si [Minor] na hindi naman malamang dahilan ni [Respondent].",Property Disputes
"Nagtungo sa tanggapan ng Punong Barangay si [Complainant], taga-Sitio Galong ng Barangay na ito, upang ireklamo ang mag-asawang [Respondent 1] at [Respondent 2] sa kadahilanang pagbabahagi ng pagpipirmento ng maling impormasyon sa ibang tao, na hindi naman totoo. Gustong makahrap ni G. [Complainant] ang mag-asawang [Respondent 1] at [Respondent 2] sa harap ng Punong Barangay, upang malaman ang kung-ano anong kinakabit ng mga asawa.",Family Matters
"Sa sinumang kinauukulan, Nagtungo sa Tanggapan ng Punong Brgy. si [Complainant], may sapat na gulang, taga-Tiaong, Quezon, upang isumbong si [Respondent] alyas [alias]. Kaninang ang oras ay naabot humigit-kumulang 2:41 ng hapon, nang sa bagong kaltsada ay kasalubong ng sasakyan nina [Complainant] ang motor ni [Respondent] alyas [alias]; ay biglang sinalubong ang sasakyan ni [Complainant]. Na sila ay naman tamang linya; sila ay tumigil na (ang sasakyan), hinampas ang kanilang sasakyan at may nagmumura pa, akminang bababa na si [Complainant] parong ang kumukuha sa may kanyang motor si alyas [alias].",Neighbor Disputes
"Sa sinumang kinauukulan, Nagtungo sa Tanggapan ng Punong Barangay si [Complainant], may sapat na gulang, taga-Bulakin, Tiaong, Quezon, upang ireklamo si [Respondent] sa walang 'di pagbabayad ng utang. Nais makausap sa harap ng Punong Barangay si [Respondent] sa lalong madaling panahon.",Money/Debt Disputes
"August 2024 Sa sinumang kinauukulan, Nagtungo sa Tanggapan ng Punong Brgy. sina [Complainant 1] at Gng. [Complainant 2], may mga sapat na gulang, taga-Brgy. San Mateo, Dolores, Quezon, upang ireklamo si [Respondent], may sapat na gulang, taga-Purok 3 ng Brgy. Dagatan, Dolores, Quezon, sa walang panggugulpi kay [Minor].",Property Disputes
"Sa sinumang kinauukulan, Nagtungo sa Tanggapan ng Punong Barangay sina [Complainant 1] at [Complainant 2]. may sapat na gulang, upang ireklamo si [Respondent], sa dahilang ang kanilang mga tanim na sili ay kainin ng mga bisirong kambing ni G. [Respondent].",Property Disputes
"Nagtungo sa Tanggapan ng Punong Barangay sina Mrs. [Party 1] at Mrs. [Party 2], upang makakausap / kausapin si G. [Party 3] tungkol sa bahay na nakatayo sa lupa ng mga ""[Family]"". At ayon kay Mrs. [Party 1] na kung maaari ay itigil muna ang ""any Construction"" sa bahay na nakatayo sa lupa ng mga ""[Family]"". Bahay ni G. [Party 3], until na makausap na matiniyakin ni G. [Party 3] ang tunay na [may-ari].",Property Disputes
"Sept. 10, 2024 Nagtungo sa tanggapan ng Punong Barangay si [Complainant], 31 taong gulang, may asawa at residente ng Purok 3 ng barangay na ito, para sampahan ng reklamong Kag. si [Respondent] ng Barangay nit, sa walang pagmamabuhol ng [nega] (banta na pananakot). Nangyare ang insidente, ngayong araw sa pagitan ng ika-1:30 at 2:00 ng hapon, ng nakita kay [Respondent] na hinampas sa kanyang anak na si [Minor]. Nagalit si [Complainant] at nagmurahan sila ni [Respondent]. Kaya si [Complainant] ay nagtungo pa sa tanggapan ng Punong Barangay.",Neighbor Disputes
"Paghaharap ng magkakapatid na [Family] (Tita, Guy at iba) at ng [Family] de Guzman, may-ari ng lupa ng [Family] at [Respondent] ng [Family]. Nag-usap sila tungkol sa lupang pag-aari ni Gng. [Party A]-[de Guzman] at ang nais ni [Party B] Mendova ay ang lupa ang kuba-hati. Ngunit sa probey nila ay hindi mapupuntan ang lupa na binebenta o hinahati. Ayon kay Mam [Party C] ay nag-usap o nagtungo kung gaano ang mukha ay bigay sa kaniya at nag-tagpo na sila 10 magsalubong ng lamang sila sa presyo. At ang puno ng Rambutan ay pinabable [Party D] na ₱2,000/puno, ngunit di pumayag si Mam [Party C] at lubhang ingtohal ang puno ng Rambutan. Ayon sa kuwenta ay mag-bibigay ang [bayabasi] ng ₱240,000, sa bote ay pumontak na ₱1,000 square meter ang [natitira] Rambutan (200 sq.m.)",Property Disputes
"Si Mam [Party C] at Mam [Party E] de Veza, representative ni Atty. na nakabalik ng lupa. Total na Kabayaran bilang kabuuan sa lupang ipinagbibili ni Gng. [Party A] de Guzman, kay Atty. [Laure]. Kabayaran kung Domingo [Party B]: - ₱200,000 — lupa - ₱28,700 — Rambutan - ₱1,800 — tabao - **₱230,000 — Kabuuang Kabayaran sa lupa at mga puno ng Rambutan** Bilang patunay ay kapwa sila lalagda sa ibaba ng usapang ito. Lagda: [Party A] de Guzman (may-ani ng lupa); Mam [Party C]; Mam [Party E] de Veza (representative ni Atty. [Laure]); [Party B] [Mendoza]; [Party F] Bundalian; [Party G] Bundalian (mga may-ari ng bahay); [Party H] Deguli; iba pa",Property Disputes
"Nag-usap sina [Party A] de Guzman, Mam [Party B] (in behalf of Atty. [Laure]) at ang may-ari ng bahay na nakatayo sa lupang ibinebenta nina Gng. [Party A] de Guzman. Napag-usapan na halagang ₱130,000 ang ibabayad sa may-ari ng bahay. - Ang hiling ng may-ari ng bahay ay hihingin na lamang ni maluha ang mga yero at bahay at iba. - Ito tungkol sa babay na akep ng may-ari ng bahay ay iwang bitak na lamang ang ittra, hanggang February 2025, ngunit irasangguni muna ni Mam [Party B] sa nakabili ng lupa (Atty. [Laure]). Bilang patunay ay lalagda sila sa naganap na usapan ito. Lagda: [Party A] de Guzman (may-ari ng lupang ibinebenta); Mam [Party B] (in behalf of Atty. [Laure]); [Party C] Bundalian; [Party D] Bundalian (mga may-ari ng bahay)",Property Disputes
"Nagtungo sa Tanggapan ng Punong Barangay si [Complainant], may sapat na gulang, taga-Brgy. MF, topa, pim. San Pablo City, upang sampahan ng reklamong [Respondent], may sapat na gulang, taga-Purok 3 ng Brgy. na ito; at guro ng DTCES, sa dahilang hindi siya nakauwi kagabi (9-16, 2024) dahil kasama niya ni [Person], at kunisasan sila nakarrating. At nagkuklain sila na bayaran ni [Respondent] ang puri-ayong ginawa sa kanila sa halagang ₱8,000, dahil ang mag-asawang [Complainant] at [Minor] ay may tinagurthang pariraan (marami bayad sa sertisep at ngayong araw ay hindi pa rin sila nakatinda).",Family Matters
"Sa sinumang kinauukulan, Nagtungo sa Tanggapan ng Punong Brgy. si [Complainant], may sapat na gulang, taga-Purok 3 ng Brgy. na ito, upang ireklamo si [Respondent] sa walang pagkasanla ng Motor kay [Complainant], na walang papel, oa sa hindi pagtupad sa napagkasunduan na petsa na pagtubos sa motor.",Money/Debt Disputes
"Sa sinumang kinauukulan, nagtungo sa tangapan ng punong barangay sina _ may sapat na taong gulang , taga purok 1 ng barangay na ito upang ipaalam na sila ay nanakawan ng 3 sasabugning manok, nangyari ang nakawan humigit kumulang 2:45 am, may recorded na cctv footage ang nawalan ng manok na sina_ at bago mangyaring nakawan ay may pumaparadang tricycle na kulay green at may plaka na 815 OEC.",Petty Criminal Offenses
Pagkakasanla ng motor na walang papel. Ayon kay _ ay kung gustng kasulatan ay walang problema kay _. At tungkol sa papel ng motor ay si _ ay kakausapon tungkol sa papel ng motor.,Contract Disputes
"Hindi pag babayad ng utang kay _ na nagkakahalaga ng 4000 na ito ay dalawang beses na ibigay ni _ uan ay 3000 na ang sabi ni _ ay pambayad o pangimbuna sa utang at dinala pa sa _ noong june 29 2024 at mismong sakanya pa inabot, at yung padalawa ay after 1 week at nakahiram ng 1000 thru gcash at ang katuwiran ay panghulog sa card. Sinisingin ni _ ayon sa kanyang pangako at ang sabi pa ay kapag bumunga ang kanyang talong, mag loload sa sss. At yung huli ang ipamamalita diumano ni _ na kabit si _ hanggang i block ni _.",Money/Debt Disputes
"Septembe r27, 2024 Sampahan ng reklamo si _ may sapat na taong gulang residente ng purok 5 ng barangay na ito sa salang pambubugbog na may liyabe sa kamay.",Petty Criminal Offenses
May pinag dadaanan pala si _ at ang asawa ni _. Ayon sa bawat panig ay mag iiwasan nalang ang bawat isa. Si _ ay kusa ng iiwas kay _ kung sakaling makikita nya si _. Ayon sa ina ni _ na kung sakaling maulit ang mga pang yayari - kay _ ay idederetsyo na nila ang kaso sa mataas na hukuman.,Family Matters
Ayon kay _ ay inabot niya kay _ ang pera ngunit ayon kay ay walang inabot na pera si _ at walang utang si _ kay _ ayon kay_ at iginiit ni _ na si _ ay may utang sa kanya .,Money/Debt Disputes
"Ipinahayag nito sa brgy tunkol sa utang ni _ kay _ na nagkakahalaga ng 104,500 pesos. Sila ay nag kakasundo na si _ ay magbabayad ng halagang inutang sa loob ng anim na buwan (simula october 1,2024 hanggang marso,2024) ng walang pursyento, sa halagang 17,000 bawat buwan, o kaya ay kung may idadagdag pa ay mas lalong magaling.",Money/Debt Disputes
"October 12. 2024 Nagtungo sa brgy si _ upang ireklamo si _ sa dahilang ang kanilang mga tanim na talong ay nasira ng baboy ni _ dahil ito ay makaalpas. May usap na sila, subalit hindi tumupad si _ sa kaniyang pangako kung kayat ito ay idinulog ng mag asawa sa brgy.",Family Matters
Nagtungo sa brgy upang sampahan ng reklamo si _ sa salang pagmumura at pagsasalita ng hindi maganda sa kanyang anak na si _.,Neighbor Disputes
"​ Nagpaliwanag si _ tungkol sa lupang mayari ng bawat isa. Ayon kay _ay alamin ang historya ng lupa. Ayon kay _ napagusapan na nawala ang lupa ng mga _, at ang nangyari ay double issuance ang titulo.",Property Disputes
"Dahil sa utang ni _ na nagkakahalaga ng 10000, kasama ang porsyento na 20000 kaya bale ang utang na babayaran ni _ ay 30000 kasama porsyento. Ayon sa asawa ni _ ay sa enero o sa pebrero 2025, ngunit hindi pumayag si _. Ayon kay _ pano ay magiintay parin siya ng isa pang paguusap at nais niya na mismong si _ ang kayang makausap.",Money/Debt Disputes
Ayon sa reklamong pagmumura ni _ sa anak ni _ na si _. Nagpaliwanag ang bawat isa sa mga pangyayari tungkol sa mga pangyayari ayon kay _ na kung walang mga pangalan nakalagay sa mga post ay dapat na hindi agad nag rereact.,Neighbor Disputes
Inirereklamo si _ sa hindi paghuhulog ng loan sa kanya.,Money/Debt Disputes
Sila ay nagusap tungkol sa pera na dapat na maibalik ang pera kay _. Ayon kay _ ay bigyan sya ng palugit at babyaran naman ni _ ang nakuhang pera.,Money/Debt Disputes
Inirereklamo si _ sa hindi pagbabayad ng utang na nagkakahalaga ng 15000 isinanla ang ATM at di rin nagbabayad ng utang na ang usapan ay tuwing a sinko at a bente ng buwan.,Money/Debt Disputes
"Ang pangalawang panig ay wala ng karapatang pumasok sa lote na dati nilang pinangangalagaan effectively today november 6, 2024. At ang half owner na si _ ay siyang nakabili ng lupang pagaari ni _ ay siya ring nagutos na wag ng papasok sa loteng nabangit.",Property Disputes
"Inirereklamo sa hindi pagbabayad ng utang kay _ thru ATM, at ang ATM ay di na rin napabalik sa may ari. Napagkasunduan na ayon jay _ na sa loob ng dalawang linggo ay maibibigay na ang halagang kinuha ni _ na 15000 at ayon sa ina ni _ ay sa loob ng 1 buwan magkakabayaran.",Money/Debt Disputes
"Kasunduan sa magkabilang panig na hindi na papasok sa ikalawang panis sa lupa na dating pag aari ni _ simula ngayong november 8, 2024.",Property Disputes
"INirereklamo si _ sa hindipagbabayad sa mga nakuhang lanzones , na nagkakahalaga ng 23000.",Money/Debt Disputes
"Kami po ay nagkasagutan dahil sa pasahero pagkatapos po ay ako ay minura, pagkatapos mo magkasagutan kami umalis na po. Makaraan po ang isang aray ay bumalik sa paradahan sa may kanto at bumaba ng tricycle at akmang bubunot ng baril ipinakita yung baril na nasa Bag pakatapon nilapitan ako at ipinagtutulak at minura at banta sa akin huhulihin daw ako kapag nakita ako sa bayan.",Petty Criminal Offenses
"Inirereklamo si _ na dating nangungupahan kay sa mga pagbabanta na kanilang buhay may mga chat, conversations sila na kung ano ano ang pagbabantang sinasabi.",Neighbor Disputes
Inireklamo si _ sa salang paninirang puri.,Neighbor Disputes
"Inirereklamo sa salang paninirang puri laban sa anak ni _ humingi ng pasensya si _ sa magulang ni _ , at ayon kay _ na huwag ng uulitin ang mga nangyari.",Neighbor Disputes
"Inirereklamo si _ dahil pinagbantaan na din ang mga anak ni _ at nag chachat na alam ang plate number ng sasakyan at babantayan sa sanpablo, hahagilapin di umano si _ at pupuntahan sa bahay. Ang huling message ni _ ay pinapabantayan ang mga anak at alam diumano ang school ng mga bata at babantayan di umano ni _.",Neighbor Disputes
Paguusap ni _ at ni _ tungkol sa pagkakautang kay _. Ipapatawag muli si _ sa brgy parasa huling pag uusap.,Money/Debt Disputes
Nagtungo sa tangagapan si _ upang isumbong ang pagkawala ng kanyang manok na diumano ay nakita ng kanyang asawa kung sino ang kumuha.,Family Matters
Nagusap sila na hindi babayaran ang manok at hidni rin ibabalik dahil hindi naman daw siya ang kumuha. Kung sakali daw na makita ang manok ay kukuhanin daw nya ito at sasabihin kung sino ang kumuha.,Money/Debt Disputes
Nagusap na mag babayad na lamang si_ ng halagang 90 000 at tapos na ang utang ni _ kay _.,Money/Debt Disputes
Nagpunta sa tanggapan ng Punong Barangay upang ireklamo si _ sa pagmumura sa kapatid ni.,Neighbor Disputes
"Nagtungo sa tanggapan ng punong barangay upang ireklamo ang hindi pagtupad sa kanyang kontrata, na nakakuha ng 67,500 para sa aluminum sa cabinet. Puro pangako kapag darating ang petsa ay panay, usap, pina CI nila ang sinasabing tindahan sa Cavite subalit walang natagpuang tindahan na pagawaan ng cabinet at closet (aluminum). Denelete na rin ang facebook account.",Contract Disputes
Nagusap tungkol sa utang ng apo na si _ na nagkakahalaga ng 10000 binayaran ni _ ang utang ng kanyang apo na si _.,Money/Debt Disputes
"Nagtungo sa brgy si _ inirereklamo si _ sa dahilang naglagay ng poste ang may ari ng resort sa _, na ang nasabing daan ay masikip at kurbada, at mahirap na daanan ang nasabign daan ay doon pa sa may kanto pinalagay ang nasabing poste.",Property Disputes
Nag usap ang mga _ at ang mga _ tungkol sa lupang tinitirahan ng bahay ni _ . Ayaw pumayag ni _ dahil empleyado lang daw si _ kung kayat wala daw silang owtoridad na paalisin sila.,Property Disputes
Nagtungo sa tangaapan si _ upang ireklamo si _ sa pagbabanta kay _ na mag ingat si _ sa pagkat may pagkakalagyan sya.,Neighbor Disputes
Muli nag usap si _ at si _ tungkol sa nakuhang pera ni _ . pumayag na ang balanse na 5000 ay sa on or before enero babayaran.,Money/Debt Disputes
"Kaugnay laban sa reklamo ni _ kay _ sa reklamong pambabastos at pagbabasag ng bote sa harap ng tindahan ni ng _, sila ay nag usap na at nagkasundo na pinatawad at tinaggap na ang pasensya ni _.",Neighbor Disputes
"Nagtungo sa tanggapan ng Punong Barangay si -, 19, taong gulang, dalaga, kasalukuyang nakatira sa Purok 4, ng barangay na ito upang ireklamo Pambabastos at Pagbabasa ng bote sa harap ng tindahan. Nangyare ang pambabastos at pagbato ng bote ika-7, ng Enero, Habang nakatayo si - sa harap ng tindahan ay ""tumayo at inilabas, at kinakamot ang kanyang pag-aari (TITI).",Neighbor Disputes
"Binayaran na ng mga - ang utang ng ₱15,000 kay -.",Money/Debt Disputes
"Nagtungo sa tanggapan ng Punong Barangay si -, para ipaalam na may sinangla sa kanyang tricycle na 2 months old si -, na nagkakahalaga ng ₱20,000 pesos at ang usapang ibabalik ay Jan. 19, 2025 araw ng linggo.",Money/Debt Disputes
"Jan 22, 2025 Nagtungo sa tanggapan ng Punong Barangay si - upang ireklamo sina -, -, -, at mga kasama na sina -, -, - at - mga outsider. Ayon kay - nagsimula ang galit ni - sa kanya nung naimbita siya ng nililigawan nito, inabangan na siya umano ng grupo ni - noong lunes Jan. 20, 2025 ngunit siya ay absent. Naulit ang pag-aabang kahapon araw ng Martes Jan. 21 sa ganap na alas 3 ng hapon, oras ng labasan at siya ay pinagkukuyog ng grupo nina -.",Property Disputes
"Ayon sa magulang ni - ay dapat na maipa medical ang nasasaktan, at dapat na maipa CT scan. Ang lahat ang kagastusan ay sasagutin ng mga sangkot sa pambubugbog, at ito naman ay may kaukulang resibo.",Petty Criminal Offenses
"Magtungo sa tanggapan ng Punong Barangay si -, upang ireport na ang kanyang Senior Citizen's ID ay nawala at hindi niya matandaan kung saan ito naiwan at napalagay. Nireport niya ito upang malaman ng Barangay na kung sakali na may makapulot ng kanyang ID at magamit sa di maganda ay wala siyang kinalaman dito.",Property Disputes
"Nag-usap sina - at - na: - nangako si - na hindi na papakialamam si -, hindi na tatawagan muli, at umaasa si - sa pangako ni - at tungkol sa sex video na diumano ay kumakalat ay ayon kay - na wala silang copy o ""Deleted"" na ito.",Contract Disputes
"Nag-usap nina - at - na, ang mga pagkakaintindihan sa mga nangyari na nakaraan ay tinuldukan na nila, at kung sakaling malalasing ang bawat isa ay wala ng pakialaman, at di na mauulit pa, humingi ng pasensya ang bawat isa.",Petty Criminal Offenses
"Nagtungo sa Tanggapan ng Punong Barangay sina - at si -, kasama si -, may kahilingan na makausap si - sa lalong madaling panahon. Tungkol sa lupang kinatitirikan ng kanilang bahay.",Property Disputes
"Ako si - taga Brgy. Maligaya Dolores, Quezon ay nagtungo sa tanggapan ng Punong Brgy. upang ipaabot ang aming reklamo kay - patungkol sa nakuhang pera na nagkakahalagang ₱70,000 kaya nais naming makausap upang mabayaran ang halagang ito.",Money/Debt Disputes
"Sa Sinumang kinauukulan, Nagtungo sa Tanggapan ng Punong Brgy si - may sapat na gulang, taga Sitio Labak ng barangay na ito, upang ireklamo si -, sa salang panghaharang at ambang panununtok na mga batang kasama ni -.",Property Disputes
Muli ay nagtungo si - upang muling makipag-usap kay - tungkol sa sustento para sa kanyang mga anak ni -. Nais na makausap muli si - upang lingawin ang mga bagay na.,Family Matters
"Nagtungo sa Tanggapan ng Punong Barangay si -, 18 taong gulang, Taga Purok 3 na ito, upang reklamo si alyas Ipe sa salang pagpasok sa kanilang bahay at siya (-) ginulpi, inungkat ang pangyayari noong nakaraan, na hindi daw kasali. Siya ay piragsisipa at sinuntok pa sya. Ang insidente ay nangyari bandang alas 10:00 ng gabi, humigit kumulang.",Petty Criminal Offenses
"Nagtungo sa Tanggapan ng Barangay ang mag-asawang sina - mga may sapat ng gulang Taga Purok 1 ng Barangay na ito upang ineklamo si - de Torres JR, sa pag tharamon ng away at nagpunta pa sa kanilang bahay, nagsimulang lahat, kanina umaga ganap na ika 6 am, ay naghamon ng away si - dahil kahapon ganap na 7am ay sinigawan ito ni - ina ni -, at hindi makaahon ang tricycle nila -, sa dahilan lati ang daan, kaya binumba kona pabirit ang tricycle ni -. Pagkatapos ay kaninang umaga ganap na humigit kumulang ala 6 ng umaga ay hinamon sila ni -, at nagpunta pa sa kanila.",Family Matters
Nagka-usap sina - at si - alyas Iking at naging maganda ang usapan at binawi ang mga pambabanta ni - na sinabi kay -.,Neighbor Disputes
"Nagtungo sa tanggapan ng Punong barangay sa Barangay Dagatan ang magkapatid na sina - na nakawan sila sa PAENG FALLS ng 3 WALLET na may laman na nagkakahalaga ng ₱28,200 pesos at mga ID Driver license at ATM",Petty Criminal Offenses
"Nagtungo sa Tanggapan ng Punong si -, upang ireklamo si - sa salang pang gugulpi at may mga kasama.",Property Disputes
"Nag-usap sina - at si - sa reklamo ni - sa pagsustento sa mga bata ayon kay - mahina na ang trabaho sa Peter Paul, kaya ang kanyang isustento ni - ay ₱400 to ₱500 weekly ang kanyang ibibigay bukod ang kanyang tuition fees.",Family Matters
"Nagtungo sa tanggapan ng Punong Brgy si - upang ireklamo si - tungkol sa kanyang pagkautang sa halagang ₱12,000 pesos plus tubo kada 10 days, na si - ang naghuhulog ng tubo nito.",Money/Debt Disputes
"March 20 , 2025 Nagtungo sa tanggapan ng Punong Barangay si -. Ayon kay - bakit nagtayo ng property si -, ang pinanghahawakan ni - ang hinahanap ni -. Ayon kay - bago po sila ang makabili ng lupa, ang kausap niyo ay si -, siya ang nagpatirik bilang tenant. - Ayon kay - bilang tenant meron siyang karapatan as tenant. Ayon naman kay - kung sakali at ibenta ang lupa, kaya bang bayaran ni - sa halagang mapapag-usapan. - Nagpaalaga ng 4 na baboy si - na simula ng bilhin ay si - ang bumibili ng patanim, at may kinuha si - na baboy na dinala sa Calauan Laguna, na hindi nya alam kung ano ginawa sa baboy.",Property Disputes
"Muling nagtungo sa Tanggapan ng Punong Barangay si - upang kuhain ang bayad ni - nagkaka halaga ng ₱16,800 bilang Kabuuang bayad.",Money/Debt Disputes
"April 10 ,2025 Nagtungo sa Tanggapan ng Punong Barangay si -, isang Senior Citizen, upanang ipaalam na ang pitaka niya ito ay nawala sa di malamang dahilan, ng kanilinang oras ay humigit kumulang alas 12 ng tanghali at pag-uwi nya ay wala na kanyang pitakang nagalalaman ng sumusunod.",Petty Criminal Offenses
Nagtungo sa tanggapan ng Punong Brgy si - sa salang pagmumura at paninirang puri.,Neighbor Disputes
"Magtungo sa tanggapan ng Punong Barangay si - upang linawin ang tungkol sa patawag ng Sanggunian na Paniningil ng Environmental fee daw sa mga nagpupunto sa Paeng Falls sakay ng mga ATV galing farmko, na halagang 100 pesos. Ayon kay - hindi daw environmental fee yung sinisingil nila, nito lang Holy Week naningil ng 100 pera noong nagdaan buwan 50 lang ang sinisigil nila. Gusto ipaharap ni - si - na siyong nagsabi ng si - ang naniningil. Hindi daw siya ang nag insist na maningil kundi un 2 tour guide. Hindi rin sya ang naniningil kundii un 2 guide. Ang alam nya ay 50 pesos lang.",Money/Debt Disputes
"April 30 ,2025 Nagtungo sa tanggapan ng Punong Barangay si -, may sapat na gulang na taga Purok 1 ng Barangay na ito, upang reklamo si -, sa dahilang ayaw ipalabas ni - ang mga kahoy tinablon ni -",Property Disputes
"Nagtungo sa Tanggapan ng Punong Barangay si -, may sapat na gulang, upang magreklatmo laban kay -, sa reklamo sa pag papapunto ng 4 na puno ng Niyog Pagpuputol ng Niyog, Pagbababa ng bunga ng Niyog, at pagsusunod ng nadamay ang mga puno ng Avocado, saging, rambutan, pagpapabakod sa lupang pinag-uusapan, at ang pagpapa aryendo ng mga laisa sa lupa, kahit ang lupa ay may usapin pa, na on process pa sa Korte.",Property Disputes
"Nag-usap sila ng maayos tungkol sa pinag-uusapan, at nagpaliwanagan sila ng maayos. Ayon kay - ay si - ay kanilang Case Talar ng mga Tertocilla, at sa kanya (Victor -) sila nakiki pag-ugnayan. At napagkasunduan na lamang na sa Agosto sila mag-uusap, at ayon pa sa nig sa kanya - na kung maami ay huwag galtareusin ang nasabing tupa ngunit hindi sumang-ayon ang kabilang panig (-).",Contract Disputes
"May 9 , 2025 Nag-usap sina - taga Bulakin 2 at si - sa problema na nangyari sa kanyang pinag-tatrabahuhan na pag-aari nina - at mga kapatid. Ang nais ng may ari ng may-negosyo na mabayaran ang mga nakuhang pera na halos ay humigit kumulang ng ₱76k. Sang-ayon kay -, ay per Quota ang sahod at depende sa gawa at sa materyales, ang kanyang sahod. Ang nakuhang pera ni - kay - ng may halagang ₱12,600.- ay dapat na yun muna ang babayaran dahil sa yun ay pangangailan ng mag-ina ni - at ayon kay - ay babayaran sa loob ng 3 buwan at yung ₱63,607.25 ay dapat na mabayaran w/in 6 months simula ngayong May 9, 2025 at sa ang lahat ay dapat na bayaran ng naging utang ni -,",Money/Debt Disputes
"Nagtungo sa Tanggapan ng Punong Barangay si -, sapat na gulang, taga Sitio Galong, upang ireklamo ang magkapatid na sina -, dahil sa nangyari kagabi na ang oras ay humigit kumulang alas 10 ng gabi, binato ang bintana, dahilang sa pagbagsak ng salamin at pagtumba ng kanilang motor, at ang pagbabanta sa kanyang pamilya.",Neighbor Disputes
"Humingi ng palugit, ngunit hindi kaya bayaran kahit kalahati ni-. Kung kayat napagkasunduan na ibigay na ni - ang motor kina - ibinigay ni - ang kanyang motor, bilang kabayaran sa naging danyos ng motor ng anak ni - na si -.",Money/Debt Disputes
"Ako si - taga - ay nais kong ipatawag upang makausap dito sa barangay si - dahil sa hindi pagbabayad ng 50000 na pag kakautang noon pang 2021. Kung maari po ay sa thursday, may 15, 2025 kami mag uusap sa barangay dahil mag leleave ako sa trabaho.",Money/Debt Disputes
"May 19 ,2025 Ang insidente ay naganap sa pagitan ng alas 10:20 ng gabi. Nang oras na yan ay tumawag sa aming bahay ang mga nakatalagang tanod sa outpost at nag paalam na gagamitin daw ang ambulansya, dahil nasa brgy outpost ang biktima ng tagaan sa -, agarang pinuntahan ang driver na si - at pagkadating sa outpost ay isinugod ang biktima, at dahil alam ng driver ang kalakaran sa hospital na pera ang kailangan ay nagtanong si driver kung may dalang pera, si - ay biglang nagmura , at itinulak pa ang driver at pinababa ang pasyente galit na galit si - at hinampas pa ang ambulansya.",Neighbor Disputes
"Nagtungo sa Tanggapan ng Punong Barangay si -, may sapat na gulang, upang ireklamo si -, na salang pagtaga ni -, na naging resulta ng pagkasugat sa kanyang braso, ang insidenteng ito ay naganap noong May 18, 2025, na oras na humigit kumulang alas 8 ng gabi.",Property Disputes
"Nag-usap na hihingi ng danyos si - dahil sa nangyaring pananakit sa kanya ni -, ang hinihingi naman ni - ay ₱50,000.- Ang kanyang ibigay nina - ay ₱20,000 lamang. Magbibigay ngayong araw, May 26, 2025 sina - ng halagang ₱5,000, at ang huling ₱15,000 ay sa katapusan ng buwang ito, May 31,25.",Money/Debt Disputes
Nagtungo sa Tanggapan ng Punong Barangay si - upang ipaalam na nais makausap ang mag-asawang - at - dahil sa nais ng bakuran ni - ang kanyang lupang mana sa kanyang yumaong -.,Property Disputes
"Sa Sinumang kinauukulan, Nagtungo sa Tanggapan ng Punong Barangay si -, may sapat na gulang taga Purok 1 ng Barangay na ito, upang ireklamo si -, taga Purok 1 ng Barangay Dagatan sa salang paninirang puri kay -.",Neighbor Disputes
"Nagtungo sa Punong Barangay ang mag-inang - at si - upang ipaalam na nagkaroon ng pagtatalo sila kay -, tungkol sa linderosan ng lupa, at sa tubig na naggagaling sa alulod/ pvc na papasok sa lupa na pagaari nina - na galing sa Building / Apartment ni -, na lubhang problema ni mga - ang tubing na naggagaling sa alulod dahil sa pagdulas ng daan.",Property Disputes
"Nagtungo sa Tanggapan ng Punong Barangay si -, may sapat na gulang, taga Purok 3 ng Brgy. Dagatan, Dolones, Quezon, upang ireklamo si -, sa salang pagbibintang kay -, sa dahilang noong nakaraang linggo Mayo 25, 2015 ay nawalan ng pera, Karamay ang mga Atm cards at kung ano-ano si -.",Money/Debt Disputes
"Nagtungo sa Tanggapan ng Punong Barangay si -, may sapat na gulang, taga Purok 3 ng Barangay na ito, upang ireklamo si -, sa salang paninirang puri, pagpaparinig ng kung anu-ano.",Neighbor Disputes
"Nagtungo sa Tanggapan ng Punong Brgy si - may sapat na gulang, taga Purok 3, upang ireklamo si -, taga Sitio Galong, sa dahilang siya kasama ang mga Kabarkada ng lumusong sila sa Paeng Falls upang magswinming, nasa cottage na sila na pag-aari ni -, at siningil sila ng bata na halagang ₱100.00 sa halip na ₱500, Maya maya ay dumating si - at medyo galit na, Sinisi- ngil na sila ng ₱500. Ang sabi ni - ay may babayad naman, Kaya lang ay binastos ni - sina -. Kaya umalis na sila at hinayaan ng suntok at hinabol pa sila, na may haryang suntok.",Money/Debt Disputes
"Nagtungo sa Tanggapan ng Punong Barangay si -, may sapat na gulang, taga Purok 1 ng Brgy. na ito, upang ireklamo sina -, -, - sa salang panghahars o panggugulo sa mga magtatanim ni -.",Neighbor Disputes
"Nagpaliwanag si -, na wala syang ginagawang nakakasamang salita laban kay -. Ayon pa kay - ay nagpaliwarang na siya ay na-trauma na si -. Ayon kay - ay wala syang mga binitawan na salita laban kay -. Ayon kay - ay kailangan nyang mag-pa psyhycology dahil sa trauma. Ngunit sa panahon ngayon ay wala talaga siyang pera (-). Gusto nyang tulungan si - kaya lang ay wala syang pera.",Money/Debt Disputes
"Nagtungo sa Tanggapan ng Punong Barangay si - may sapat na gulang, taga bungoy Dolores, Quezon, upang magsumbong na kaninang madaling araw, na ang oras ay humigit-kumulang 1:30 am, ay bigla syang binatok/tahulan ng apat (4) na akmang kakagatin at hinabol siya ng mga aso, at bumangga sa pader ng High school, ang mino maneho ng motor.",Property Disputes
"Nagtungo sa Tanggapan ng Punong Barangay sina - at mga apo na sina -, upang ireklamo si - sa pagbabanta sa kanila. Ayon sa kanila nawala si - pinagbantaan at minura ang kanyang hipag at biyanan. Ang gusto lang ng mga nagsumbong na mapaalis na si - sa kanilang bahay.",Neighbor Disputes
"Nagtungo sa Tanggapan ng Punong Barangay ang mag-inang - at - (16 taong gulang) taga Purok 3 ng Brgy. Dagatan, Dolones, Quezon, upang ireklamo si - na Kagabi na ang oras ay humigit kumulang ala-10 ng gabi. Nang biglang pumasok si - , at biglang tumabi sa higaan ni - at hinipuan sa maselang bahagi ng katawan.",Family Matters
"Nag tungo sa Tanggapan ng Punong Barangay si -, upang ireklamo si - sa salang pananakit sa kanya ni - .",Family Matters
"Nagtungo sa Tanggapan ng Punong Barangay si -, may sapat na gulang taga Purok 2 ng Brgy. na ito, upang ipaabot na ang kanyang anak na si -, ay walang karapatang pumasok sa Kanyang/ Kanilang pamamahay sa dahilang marami ng naging problema sa kanilang mag-ina.",Family Matters
"nag tungo sa tangapang ng punong barangay si - upang ireklamo si- sa salang paninirang puri, Nagsimula ang lahat noong - na ang oras ay humigit kumulang alas 12 pm siya at si - ay nagtungo sa sabungan upang sunduin si - na asawa ni - ngunit nakasalubong sa may bungoy elem school. Sinabihan daw sya nito na wala siyang pera.",Neighbor Disputes
"Nagtungo sa tangapan ng punong barangay si - taga - upang ireklamo si - sa salang pagtataray, nangyari sa palengke sa tindahan nina -.",Property Disputes
Nagusap sina - at si - tungkol sa pera na ininvest nila sa coop na ang manager ay si -. Nag usap sila kung pano mababayaran ang pera na ininvest nila .,Money/Debt Disputes
Nag usap sina - at - tungkol sa reklamo ni - sa pagtataray at pambabastos nito kay - .,Neighbor Disputes
Ayon kay - si - ay siyang successor ng amang si -. Nais ni - ay gustong ayusin ang lupa na tinitirikan ng bahay nina - .,Property Disputes
"Nagtungo muli sina - buyer ng lupa ,dito sa tangapan ng punong brgy upang muli ay sumangguni sa usapin sa lupa. Hiling ni - ay magkaroon o magbigay ng certificate of no objection. Subalit mag uusap pang muli si la sa - at kung di umattend sa pagpupulong ang mga - ay mag bibigay na sila.",Property Disputes
"Nag-usap ang mga -, at ang buyer ng pinag-uusapang lupa, nag-salita si Mam -, tungkol sa pag-uusap ng mga abogado, at ang sabi ni Mam - ay dapat maayos na ang lahat. Ayon kay - ay nagpre prepare na sila ng mga papeles documents tungkol sa lupa. Ayon kay - ay matagal ng pinag-uusapan ang lupang yan, ngunit till now ay wala paring resulta ang nasabing lupa. Lahat ng requirement ay may hawak ang developer requirement tungkol sa lupa. Nagpaliwanag din si Ayon kay - ay kung ano ang legal ay siyang sundin na tama para maging maayos na ang lahat legal na proseso.",Property Disputes
"Muli ay nag-usap sina - at - upang tugunan ang naging usapan noong August 5, 2025 - na mag babayad si - kay - ng halagang ₱8,000 ayon sa pinag-usapan noong August 5, 2025.",Money/Debt Disputes
"September 9 , 2025 Nagtungo sa tanggapan ng punong Barangay sina - upang ireklamo si -, sa Pag-abang nito sa dalawa kagabi. Ayon pa kay - at - nung papunta sila ng Peryahan ay nakatigi na umano si - at nakataaas ang ilaw noong patapat na sila ay dumampot daw ito ng bato at tangkang ibabato sakanila kaya natumba sa motor at pinuntahan pa sila nito pero umiwas na si -. Naiis makaharap ng dalawa si - upang makausap at pag-usapan ang nangyari kagabi at kung ano ang damage motor/sugat na natamo.",Property Disputes
Nagtungo sa tanggapan ng punong barangay si - upang ireklamo si- sa dahilan na nilayasan si punong brgy habang sia ay nag uusap.,Property Disputes
"Nagtungo sa Tanggapan ng Punong Barangay si -, may asawa, may sapat na gulang, taga Sitio Galong ng Barangay na ito, upang ireport/Isumbong na ang kanyang cellphone Redmi 13, color blue black lock screen- Wedding picture - Home venue ang kanilang anak, ay nawala noong sa hindi tukoy na lugar at oras, sa dahilang nalaman na lang nya ay nung umuwi na sila ng bahay, at kahapon (September 14, 2025) ay kung ano ano na ang mga messages ang dumating sa kanila, at ayon kay - ang ang ginagamit ay ang kanyang Gmail account, at ginagamit sa hindi magandang pagkakataon.",Family Matters
Nagtungoi satangapan ng punong brgy si - upang ireklamo si - sa salang pagkakabangga umano nito sa kanyang honda click ayon kay - habang siya ay nag ddrive papuntang bayan ay pag tapat nya sa tilapyaan ay bigla nalamang lumiko si - gamit ang kanyang e-bike at hindi naman lang nakipagusap sa damage ng motor.,Property Disputes
"Nagtungo sa tanggapan ng punong brangaya si - upang magpagawa ng kasulatan , sa mga nangyari kahapon na aksidente sa - .",Contract Disputes
Nagtungo sa tangapan ng punong brgy ang mga gurong nag susunbong upang ireklamo si - sa salang cyber harrasment / bullying.,Property Disputes
Nagtungo sa tanggapan ng punong brgy si - upang ireklamo si - sasalang pag nanakaw ng mga panabong na manok.,Petty Criminal Offenses
"Nagtungo sa tanggapan ng Punong Barangay ni -, ng - upang ipabigay alam na ang kanyang motor na hindi na naghuhulog ng kanyang motor na kinuha nya at parang tinatago na at hindi na napapakita, ang gusto ng - ay kunin nalang ang motor .",Money/Debt Disputes
"Nagusap sila ng maayos at nangakong magbabayad ng 5000 sa october 27,2025 sii - at ang huling 3700 ay hindi na patatagalin. -",Money/Debt Disputes
Reklamong pagbabanta na babarilin ni - si - nag usap ng maayos ang magkabilang panig. Humingi ng pasensya si - sa - at tinaggap naman nito. At kung sakaling maulit ay sa pulis na sila dudulog.,Neighbor Disputes
Nagtungo sa tangapan ng punong brgy sina - upang ipaalam na ang kanyang pitaka ay nalaglag sa di malamang lugar . ang nasabing wallet ay nag lalaman ng mga lisensya at 2500 na pera kung kayat ipinaalam nya ang bagay na ito sa dahilang baka magamit ang kanyang lisensya sa hindi magandang pagkakataon.,Petty Criminal Offenses
Nagtungo sa tangapan ng brgy sina - upang ireklamo si - sa hindi pagbabayad ng utang.,Money/Debt Disputes
"Nagtungo sa tangapan ng brgy sina - upang makausap ang mag asawang sina - dahil sa pagkakasanla ng motor na kinuha muli ni - sa pinagsanlaan na laging sinasabi pag tinatanong ay bukas lagi ang sabi, nagpunta si - at nakausap ang asawa ni - na si - , at nagkasundo sila na babayadan nila bigyan lang ng 2 weeks para mabayadan o maisauli ang motor. At kung hindi nila mabayaran ay mapipilitan si - magsampa ng kaso.",Family Matters
Inirereklamo si - sa salang pag kakautang diumano kay - . nagaliwanag si - tungkol sa pag kakautang kay - .,Money/Debt Disputes
Nagkausap sina - na humingi na ng pasensya ang bawat isa dahil sa nangyari na gulo nung nakaraang linggo.,Neighbor Disputes
"Nagtungo sa tanggapan ng Punong Barangay si -, may sapat na gulang, taga - upang reklamo si -, 17, sa salang panggugulpi, na halos basagin ang mukha nito na may gamit pang 4 finger.",Property Disputes
Nagusap ang magkabilang panig na mag bibigay si - ng halagang 5k. At kung hindi makabigay ay magha habla sila sa himpilan ng pulisya.,Money/Debt Disputes
"Nagtungo sa tanggapan ng Punong Barangay si - taga - Laguna upang makausap si - si - dahil sa hindi pagbabayad ng kanyang utang ayon kay - every week ay ibibigay ng ₱1,000, at nagusimula sa Nobyembre 9, 2025, at kay – ibibigay ang ₱1000 na hulog sakanyang utang na 5000.",Money/Debt Disputes
No date Nagtungo muli sa tangapan ng punong barangay si - upang tanggapin ang ipinangakong 5k na paunang ibibigay ni - ngunit sa nasabing araw ay walang naibigay si - ng nasabing halaga kung makakabigay ng 3k sa araw na ito ay tatangapin nila at pag uusapan ang balansepang natitira.,Property Disputes
Nagtungo sa tangapan ng punong barangay si - upang ireklamo si - sa salang pangungursunada sa kabarkada ng magkakapatid na sina - sadi malamang dahilan.,Property Disputes
Nagtungo sa tanggapan ng punong barangay si - upang ireklamo at gustong makausap si - dahil sa utang at cash advance niya sa tindahang kanyang pinag ttrabahuhan.,Money/Debt Disputes
"Nagkausap sina - at ang mag-asawang sina - at - na nagkasundo sila na magbabayad si - kay Kapitana - ng ₱2,000 kada 9-15- at 9-30 buwan bale ₱4,000 kada buwan. At kung di makatupad sa kasunduan sina - at - at - ay nai-handa ang mga -at -. Si - ng ihandda ang mga tamang ahensya sa Gobyebno para mag file ng kaso.",Family Matters
"Muli ay nag-usap ang magkabilang panig sa pagitan ng mga - at -, tungkol sa lupang kinatitirikan ng bahay nina -. Magpa pa xerox ng copy ang mga - para i-verified sa RD.",Property Disputes
Nagpunta sa tanggapan ng punong barangay si - upang ireport ni - ang nangyari kay - sugatan ang braso at mga paa ipinaalam nila sa brgy ang mga nangyari upang baka sakali ay matunton ang aso at kung sino ang may ari nito.,Property Disputes
"No date Nagtungo sa tanggapan ng Punong Brgy si - upang ireklamo si -, - Nais makausap ni - sa lalong madaling panahon si - dahil sa kanyang pagkakautang na hindi nya nabayaran at hindi rin nakikipagintindihan.",Money/Debt Disputes
"Nagtungo sa tanggapan ng punong brgy si - upang ireklamo si - sa kadahilanang pagbabanta, ayon kay - nagkainitan sila at noong paalis na si - ay may pahatid syang salita na babalikan kita.",Neighbor Disputes
"January 9 , 2026 Nagtungo sa tanggapan ng punong brgy si - upang ireklamo si - sa salang panununtok at pagharang sa kanya, na sya ay may angkas na anak at nag ugat ang lahat sa pagbomba ng 3 beses sa dahilah pinapainit ang motor at namamalya at nag umpisa na ang galit ni -.",Family Matters
"Reklamo tungkol sa pag habla ni - so - walang pag kakasundong naganap sa pagitan ng dalawang panig ang hinhingi ni - ay halagang 20,000.",Money/Debt Disputes
Nagtungo sa tanggapan ng punong brgy si - upang ireklamo si - sa salang pagnanakaw nito sa computer shop.,Petty Criminal Offenses
Nagtungo sa tanggapan ng punong brgy si - upang ireklamo si - sa salang pag kakalat ng maling balita o impormasyon. Ayon kay- ay niraid ang kanyang babuyan ng mga pulisat ang nagsabi daw ay si.,Petty Criminal Offenses
"Ayon kay – may narinig si - na dumano ay na raid ang babuyan ni - kaya nagtanong sya sa isang tao kung ito ba ay totoo, humingi ng pasensya si - kay -.",Petty Criminal Offenses
"January 30 , 2026 Nagusap sina - sa pangalawang pag kakataon sa kadahilanang walang pagkakasunduang naganap noong unang paghaharap. Humihingi si - ng 2k para sa danyos na hindi sinangayunan ni - .",Contract Disputes
"Muling nagkaharap tunkol sa lupa sina - , ang pag uusap na ito ay tungkol sa daan na hinihingi ng - sa mga -.",Property Disputes
Pinagnakawan si - ng halagang 10000 ngunit di malocate ang mag asawa kung nasaan sila.,Petty Criminal Offenses
"Nagtungo sa tanggapan ng punong barangay sina - upang ipaalam na noong feb 5, 2026 na si - asawa ni - ay nag puputol ng plywood ng biglang nag wild ang grinder, nahagip ang kanyang kamay at ang palad nya ay nakahawak, at ang kanyang hinlalaki ay malaki ang natagpas.",Family Matters
Nagtungo sa tanggapan ng punong barangay si - upang ireklamo si - sa salang pag aakusa sa kanya na nagbebenta ng bato o shabu.,Petty Criminal Offenses
"Pumayag na ang - sa halagang ₱2000.- at - sa halagang ₱1000.- na magbibigay kay - ngunit ikakaltas ang utang sa kuryente na halagang ₱1500 – 500, sa madaling sabi ay ₱1500 lamang ang mapapabigay kay -.",Money/Debt Disputes
"Nag-usap ang mga anak ni - at mamay - na pag-abandona o pag-alis sa lupang pagmamay-ari ng mga -. Ayon kina - at - sila ay umalis na doon, at tanging ang bahay na lamang ni - ang nakatayo, at ayon kay - ay utay-utay na tatanggalin ang bahay na loob ng 2 linggo.",Family Matters
"Nagtungo sa tanggapan si - na taga manggahan, upang ipaalam na nais niyang makausap si - na taga Sitio Galong ng Barangay na ito. Ayon kay - siya may kaunting tindahan ay duon kumukuha ng mga kailangan nila dahil duon sa lugar nila nagtratrabaho si -, at taong 2023 pa. Ayon kay - umabot sa ₱3,750 ang pagkakautang ni - na hanggang sa kasalukuyan ay hindi binabayaran. Kaya nais makausap sa madaling panahon si - kailangan niya ang nasabing pera dahil siya ay may sakit.",Money/Debt Disputes
"Nagusap ang magkabilang panig ang - at -, nagpaliwanag ang bawat isa. Nais ipacheck up / pa medical ng bawat panig ang kanilang mga anak.",Family Matters
"Nagtungo sa Tanggapan ng Punong Brgy si -, taga purok 1 Brgy. Dagatan, Dolores, Quezon, may sapat na gulang, upang sampahan ng rekla mo si - sa dahilang Marso 4, 2026, siya ay nagtungo sa Sitio Galong para maniba ng saging kasama ang mamimili, sa lupa na pag-aari ni Brgy - anak ng - nangyari ang insidente noong Marso 4, 2026, humigit kumulang ika 8 ng umaga. Nakapaniba na ng saging at akmang inilabas sa tabing kalsada ng dumating si -, at ayaw ipaalis ang mga natibang saging, at duon ay pinagbantaan na ni - si - at sinabi na ""Pagtantagpasin ang leeg pag inilabas ang saging.""",Property Disputes
"Nag-usap sa Tanggapan ng Barangay sina - at - tungkol sa reklamo ng mga bata – dahil sa natruama ang anak ni - na si -, nagpaliwanag si - kay - sa mga pangyayari.",Family Matters
"Nagtungo sa Tanggapan ng Punong Barangay si -, may sapat na gulang, upang ipaalam na ang kanyang account ay ginagamit ng dummy account. Kung kayat ipinaalam ni - sa barangay ang pangyayaring ito, sa dahilang baka magamit ang kanyang identity ng dummy account na ito sa mga hindi magandang pagkakataon.",Property Disputes
"Nagtungo sa tanggapan ng Punong Barangay ang magkapatid - at - upang ireklamo ang magkapatid na - at - dahil diumano ay pinagbabantaan at binubulyawan sa ilog o – Falls. Lagi din daw silang hinahamon ng suntukan, sinasabihan na mga walang utang dahil dayo at sampid lang sila dito Dagatan. Sisirain din ang mga cottage na itinayo ng mga -, hinahamon din sila na kung kaya sila ay ipapulis nila ang mga -. Kaya nais ng mga kapatid na - na makausap ang magkapatid na -.",Money/Debt Disputes
"April 8 , 2026 Nagtungo sa tanggapan ng Punong Barangay si - taga Purok 3 upang ereklamo si -, taga Purok 3, sa kadahilanang sinuntok siya at tinutukan din ng kutsilyo. Ayon kay - nagbibiruan silang mag-asawa biglang pumasok si - at siya ay sinuntok sa panga at tinutukan ng kutsilyo. Nais lamang makausap si - ni - upang malaman kung bakit anung dahilan at siya ay sinuntok.",Petty Criminal Offenses
"April 7 , 2026 Kaugnay na Reklamo ng bumili ng motor. Kay - na halos 8 araw lang nagamit ng bumili, nag-usap sika tungkol sa nasirang motor, nag-usap sila na. Ayon sa bumili ng motor ay si - ang babayad ng Labor at ang bumili ng ang gagastos sa piyesa. Ayon sa bumili ng motor ay tatanggapin na mag ang halagang ₱1,500 para sa labor at sila na ang magdadagdag sa ₱1500 na labor.",Money/Debt Disputes
Nagtungo sa tanggapan ng Punong Barangay - taga San Pablo City upang ireklamo si - sa kadahilanang hindi tumupad sa usapan ng pagbabayad ng utang. Nais makausap ni - sa lalong madaling panahon si -.,Money/Debt Disputes
"May 6 , 2026 Nagtungo sa tanggapan ng Punong Barangay si - upang ireklamo si - sa kadahilanang si - ay pinagsuntok, napagsakal. Ayon kay - diumano ay nanlait daw sya sa kasama ni -, itinanggi naman ni -, bigla nalang siyang sinampal ni -, hindi naman sya lumaban at umalis na sya pero sinusundan pa din sya at pinagsusuntok. Nais makausap ni - si - upang magkalinawan.",Petty Criminal Offenses
"Nagtungo sa tanggapan ng Punong Barangay si - upang ireklamo si - dahil sa pagkurgunada nito sa anak niyang - si -. Ayon kay - pauwi umano ang kanyang anak at pinsan, nito galing trabaho ng - na may Uite House akala ng anak niya ay may nalaglag laang sa kanila ngunit ng lumapit si - ay pinitsirulan ang kanyang anak at sinakal ang pamangkin niya.",Petty Criminal Offenses
"Ang pasyente ay dinala sa Medical Center -, ang nakaaksidente ay nagbayad sa billing ng hospital. Dinala si – walang binabayaran at ang pagkain ay sagot ng pasyente at pamasahe balikan – Dolores. Tapos na ang gamutan kay -, at nais ng naka aksidente ng tapusin na muna ang obligasyon ng naka aksidente, yung ibang gastusin ay hindi na kayang sagutan ng nakaaksidente, sa naaksidente. At kung ang nakaaksidente ay makakaluwag ay hindi niya kakayalimutan ang obligasyon sa naaksidente.",Money/Debt Disputes
"Nagtungo sa tanggapan ng Punong Barangay ang Liaison officer ni -, na si - upang dalohin ang demand letter para kay - – may ari ng – Builders and Works at sa kanyang asawa at anak na sina -, -. Dinala sa Barangay Hall ang Demand letter sa kadahilanang ayaw tanggapin ng mga - ang nasabing sulat. (-)",Family Matters
"Nagtungo na Tanggapan ng Punong Barangay si -, may sapat na gulang taga Purok 3 ng Barangay na ito upang ireklamo si -, taga Purok 8 ng Barangay na ito sa salang pagsugod at pag confronta kay -, na hindi naman alam ang mga sinasabi ni -, hanggang sa humantong ang mga kung anu-anong sabi ni - laban kay -, at pag balikbato kay -.",Property Disputes
"Nagtungo sa Tanggapan ng Punong Brgy si - kasama si -, mga taga Purok 1, Brgy. Dagatan, Dolores Quezon upang ireklamo si - sa pagpa-power spray ng pamatay damo, at ayon kay - na taga Sitio Gatong, ng Brgy. Dagatan ay ipaarekomendo sa kanya (-) ng -.",Property Disputes
"January 12 ,2022 Nagtungo sa Tanggapan ng Punong Barangay si -, may sapat na gulang taga Purok 2 ng Barangay na ito, upang sampahan ng reklamo si -, 15 taong gulang, taga Barangay Dagatan sa walang panimsrang puri, na ipinost sa Facebook (Social Media) at nag chat pa sa mga taong malapit kay -, tuladm - (kanyang boryan). - (kinakasama for almost 4 years) na si - ay naobantiy at nagpalaglag, at si - ay may gumawang dummy account.",Neighbor Disputes
"Kaugnay ng sumbong ni -, tungkol sa mga narinig na salita ""na papakainin daw sila"" (-) ng lupa, sumbong laban kina - Ayon kay - na siya na mismo ang mangangaral sa kanyang mga kapatid, at humingi na rin ang ng dispensa sa pangyayari; at tinanggap naman ni - ang pag binhingi ng pasensya ng mga -",Property Disputes
"January 29 ,2022 Nagtungo sa barangay hall si - ng – RAYM contractions upang ireport ng mga nawalang groundings sa poste VN1-V114-CPH8 at VN1-V627-CPH24.",Contract Disputes
"Nagtungo sa Tanggapan ng Punong Barangay sina - at -, mag-asawa, taga Purok 2, ng Barangay Dagatan Dolores, Quezon, upang magreklamo ng reklamo laban kina -, Venice -, Johnson -, Arnold -, Chris -, reklomong paninirang puri /pagbibintang sa anak na si -, isang menor de edad, na Social Media, na diumano pa rin ng si - ang gumawa ng dummy Account upang siraan si - sa Social Media, ngunit walang matibay na katunayan na si - ang may kasalanan. Nag-usap na rin sa Brgy. Kasama ng mga nagusap sa - de las Alas, ganun din, nag-usap na rin sa DSWD, ngunit di pa rin napatunayan na si - ang may kasalanan sa mga post sa Social Media ng mga dummy Account diumano na – Herradura.",Neighbor Disputes
"Nagtungo sa Punong Barangay si - mag sapat na gulang, taga Brgy. Santa Elena San Pablo City, Laguna, upang makausap si -, na so Purok 3, ng Brgy. Dagatan, Arimo, Quezon upang bawiin ang mga gamit ni -, na ang ibang gamit ay na kay -, at willing naman na ibigay ni - sa ina ni - ang mga gamit na kinukuha. Ang birth certificate lamang ni - ang na kay -, na ibigay naman ni -.Hiling din ng ina ni - na huwag ng gamitin ni - ang password ng Facebook Account. Ibinigay na din ng - ang Birth Certificate at kasamang Diploma ni - ngayong araw (2-8-2022).",Property Disputes
"Nagtungo sa Tanggapan ng Punong Barangay si -, may sapat na gulang, taga Brgy. Bulakin 1, Dolores, Quezon, upang ireklamo si -, may sapat na gulang, taga Sitio Gulong ng Barangay na ito sa dahilang, si - di umano ay may kambing na ibinenta, nalaman naman ni- ang balita kung kayat binili ni- ang kambing kay - na nag kakahalaga ng 3500,ngunit nang kukunin na ay wala na ang kambing at si- at ang perang ibinayad sa kambing.",Neighbor Disputes
Napagkasunduan na mag uusap silang muli kung ang 5 nirereklamo ang haharap sa punong barangay.,Contract Disputes
"Nagtungo sa Tanggapan ng Punong Barangay si -, may sapat na gulang, taga Brgy. San Vicente, San Pablo City, upang ipaalam at magdala ng letter na: Missing Pole Grounding Meralko Poles",Property Disputes
"Reklamo laban kay- nina- nagkasundo sila na babayaran na lamang ni - , ama ni - nag halagang 3500.",Money/Debt Disputes
"Ako si- - 59 taong sulang ay nag sadya sa punong brgy upang ireklamo si - sa salang hindi pagbabayad ng kinuhang manok na nagkakahalaga ng ₱1890 – noong Feb. 15, 2022. Bandang alas 8 ng umaga na ang sabi ay babali at ibibigay ang bayad ng bandang 11 ng umaga. Subalit hanggang sa petsang ito Feb. 21, 2022 ay di pa naibibigay ang nasabing halaga kaya ako ay dumulog dito sa brgy para siya ay makaharap at makausap dito sa Punong brgy sa lalong madaling panahon.",Money/Debt Disputes
"Reklamo ni - laban kay - na reklamo sa di pagbabayad sa manok na nagkakahalaga ni - ng ₱1890. Na ayon kay - ay on or before March 5, 2022 ay ibabalik ni - ang nasabing halaga kay -.",Money/Debt Disputes
"Nagtungo sa Tanggapan ng Punong Barangay si -, may sapat na gulang taga Brgy. Bulakin upang ireklamo si - na hindi pagbayad sa mga kinuhang pakwan na nagkakahalaga ng ₱4,900, at pinangakuan ng pirangakuan ng araw na ito ay babayran ngunit naka-ilang pangako na ay hindi naman ito binabayaran .",Money/Debt Disputes
"Nagtungo sa Himpilan ng Punong Barangay si -, may asawa at may sapat na gulang taga Brgy. Pinagdarakpan upang sampahan ng reklamo si - . - ng ""oral defamation"" sa dahilang bumili si - sa Gng. - ay tinolahan ni Gng. - M. - ganap ng ika-, humigit kumulang alas 6 ng hapon, nang magkaroon sila ng pagtatalo, nang bumili ng karne si Gng. -.",Neighbor Disputes
"Nagtungo sa tanggapan ng Punong BRGY si -, may sapat na gulang at Residente ng Bungoy Dol. Que. upang alamin ang pangalan ng pumutol ng 19 na puno ng niyog, nasi - ng BRGY Dagatan Dol. Que.",Property Disputes
"Nagtungo sa Tanggapan ng Punong Barangay si -, upang ipaalam na ang 2 classrooms ang napasok, at malamang na na alam nito na napasuk noong Sabado at Linggo, ang isang classroom ay napasok nang may puwersahan, sinira ang padlock at ang nawala ay mga Health supplies ng room para sa teacher, at yung isa ay walang puwersang pagpasok, at doon nawala ang Modem ng PLDT.",Petty Criminal Offenses
"Nagtungo sa Tanggapan ng Punong Brgy si -, upang ipabatid na si - ay tinatakot nang mga magtatanim ni -, na siyang umaryendo sa lupa na pinamamahalaan ni - at ang nakasamang asawa na si -.Nais makausap ni - si - sa harap ng Punong Barangay upang malaman ang dahilan ng pananakot nyang ito (-)",Neighbor Disputes
"Nagtungo sa Tanggapan ng Punong Barangay si -, upang ireklamo ang kinakasamang si -, sa pagpapalayas, pagsusunog ng kanyang mga damit, pagbebenta ng mga gamit na kaniyang binili (-). Ang pangyayaring ito ay ipinaalam lamang ni - sa Tanggapan ng Punong Barangay.",Petty Criminal Offenses
"Nagtungo sa Tanggapan ng Punong Brgy si -, taga Rusi taga Sto. Tomas Batangas, may sapat na gulang upang ireklamo si - sa hindi pagbabayad ng monthly hulog sa kinuhang motor. Nais lamang ipaalam ni - ang reklamong ito para sa kabatiran ng Barangay.",Money/Debt Disputes
"Nagtungo sa tanggapan ng Punong Barangay si -, may sapat na gulang, taga Bulakin 1, Dolores, Quezon, upang reklamo si -, anak ni -, sa pamemeke ng sulat at pirman ng -, para sa pagbili ng niyog sa Bulakin 1. Nais mahakarap ni - sa harap ng Punong Barangay si - anak ni -, sa lalong madaling panahon.",Family Matters
"Nagtungo sa Tanggapan ng Punong Barangay si -, upang kunin ang ref ni -, na nasa apartment na pag-aaari ni - na nasa Brgy. Dagatan, Dolores, Quezon. Kalakip nito ang sulat kapahintulutan ni - at ang ID ni -.Patunay pa rin na ang mga ref na ilalabas buhat sa apartment na dadalhin sa Sta. Cruz putol ay wala ng pananagutan ang may-aring kung ano man ang magiging problema nito. Patunay pa rin na babayaran ni - ang balance na ₱2,000 ni -.",Property Disputes
"Nagtungo sa Tanggapan ng Punong Barangay si -, may sapat na gulang, may asawa, taga Purok 2 ng Brgy nito, upang ireklamo si -, na dahilang nahuli ni - sa pagnanakaw ng ube ni -, pinagalitan ang bata ni -, subalit siya pa ang may tapang, na ang sabi ay ""kayang-kayang patayin ni -"" at nambully pa, binully si -.Nais makaharap na harap ng Punong Brgy si - kasama ang ina na si - sa lalong madaling panahon.",Petty Criminal Offenses
"Nagtungo sa Tanggapan ng Punong Brgy ang mag-asawang sina - at -, upang idaing ang nangyari sa motor na kanilang motor kinuhang bilang hulugan sa Nick Motorcycle na ngayon ay Suzuki Motor, at sa ngayon ay hindi makahulog ang mag-asawang - sa nabanggit na motor, ngunit ayaw na batakin at cash ang hini-hingi at ayon sa mag-asawa ang ang kinuhang motor ay iti-transfer kay -, na may pirmahan sa Casa bilang transfer at ayon sa casa ay walang pirmahahan for transfer. Umaasa ang mag-asawa na nahulugan ang motor subalit nagkaroon ng problemang personal si -.At ngayon ay inaaro ng singil ang mag-asawang -, na si - ang nagamit ng motor dahil ayon sa pinirmahan for transfer kay -.Laging nagpapadala ng Demand letter ang Suzuki Motorcycle sa mag-asawa, at ang mungkahi ng mag-asawang - ang batakin na lang motor, sapagkat walang ilalabas ang mag-asawang -.",Money/Debt Disputes
"Nagtungo sa Tanggapan ng Punong Brgy si - at -, upang ireklamo si -, sa salang di pagbabalik ng halagang ininvest sa DCC ng halagang ₱160,000 – perang Filipino. Ayon na mag-asawa ang ibabalik na lamang ang kanilang pera na ₱160,000 ng hindi na kasama ang tubo, pero hanggang sa ngayon ay walang naibabalik ng pera, ayon sa pinag-usapan. Nais makaharap ng mag-asawa na harap ng Punong Barangay si - sa lalong madaling panahon.",Money/Debt Disputes
"Nagtungo sa Tanggapan ng Punong Barangay si -,upang magbigay alam sa barangay na sila ay binanta ang papatayin ni -, kanyang tiyuhin, tiyuhin ng kanyang kinakasama. Nangyani ang pagbabanta kagabi na ang oras ay humigit kumulang 9:00 ng gabi sa kanyang bahay (- bundatan). At ngayong umaga ay nag-hahasa na naman ng itak. Ang mga bagay na ito ay pinaalam lamang ni - sa barangay, upang malaman ang mga pangyayari.",Neighbor Disputes
Napagkasunduan na sa sunusunod na patawog ay kailangan karama yung mga bumubuo ng BOD ng DCC. Na sina:1. - 2. - 3. - 4. -,Contract Disputes
Nagtungo sa Tanggapan ng Punong Barangay si - upang ipaalam ang mga Missing Poles grounding of Meralco Poles.,Property Disputes
Nagtungo sa Tanggapan ng Punong Barangay sina - kasama ang lota na si - upang ireklamo si Gng. - sa salang pagputol ng 2 puno ng Star apple at pagsunog sa punong Sampalok ng pag-aari ng mga - na hindi ipinaalam sa mga -.Nais makaharap sa harap ng Punong Barangay si Gng. - sa lalong madaling panahon.,Petty Criminal Offenses
"Nagtungo sa Tanggapan ng Punong Brgy si -, upang reklamo ang kinakasama ng kanyang anak na si - at ang ang anak ng kinakasama na si - dahilang, panggugulpi ng mag-ina - sa kanyang anak na si -. Ayon na mga sumbong ng anak ni - na si -, na halos ay laging barakuhan at dati ay binato pa ni - ng bote si -. Kaya pinaalam ni - sa Punong Barangay ay dahil sa kung anumang mangyari kay - ang magsumbong ang ina na si - na nanganyani kay.",Family Matters
"Reklamo nina - laban kay - na pagpuputol ng 2 punong Star apple, na sa halagang ₱5,000 kada puno ng star apple ang bayaran. Ayon kay -, na babayaran iniya ng ₱5,000 ang dalawang puno sa loob ng 2 buwan hanggang Sept. 6, 2022, at sa Brgy Hall magbabayaran.",Money/Debt Disputes
"Nagtungo sa Tanggapan ng Punong Barangay si - upang ireklamo ang mga bahay na illegal na nagtayo sa lupang pagmamay-ari ng mga -. Mga bahay na ang bilang ay humigit kumulang na 14 na kabahayan. Nais nyang makausap sa harap ng Punong Barangay ang mga may-ari ng mga kabahayan, sa lalong madaling panahon, estimate date (July 20, 2022 ganap na 11:00 am).",Property Disputes
"Nagtungo sa Tanggapan ng Punong Brgy si -, 42 gulang may asawa, taga Brgy. Bulakin 1, Dolores Quezon upang ireklamo si -, may sapat na gulang, taga Purok 3 ng Barangay Dagatan, Dolores, Quezon sa dahilang itong si -, kung anu-anong di magandang salita ang mga sinasabi - kay -, at ang pag gitgit sa sasakyan nito, at wala laging tamang hinala si - sa kanya at pati yung mga kinapitan ni - ay sinabihan ni - ng kung anu-ano, ay tamang hinala kay -, ikong si -. Nais maka-usap ni - sa harap ng Punong Barangay si - sa madaling panahon.",Family Matters
"reklamo ni - laban kay - sa reklamong kung anu-anong mga di magandang salita ang nakakarating kay - na sinasabi ni - (di-umano). Napagkasunduan na simula ngayong araw na ito, ay wala ng maririnig o malalaman ng kung anu-anong sabi ni - tungkol kay -. Napagkasunduan pa rin na huwang nang pakilalaman ni - si -. Ayon kay -, na walang namang problema sila ni -.",Contract Disputes
"No Date Nagtungo sa Himpilan ng Punong Brgy si -, may sapat na gulang- upang hanapin sa Brgy. Dagatan, Dolores, Quezon ang anak na si -, 14 ng taong gulang na dahilang 4 naaraw ng hindi umuuwi, at ang paalam ay mag-swimming lamang. Nagtungo sila sa- dahil nabalitaan na ang boyfriend ay taga Brgy. Dagatan, at natagpuan ang batang si - ay nasa bahay ng boyfriend na si -. Nag-usap sila at napagkasunduan na isama si - pag-uuwi sa -. Napagkasunduan pa rin na kung may mangyaring masama o mawala ay ang tatanungin ay si -.",Contract Disputes
"No Date Dahil sa reklamo ng SB sa mga kabataan, ay napagkasunduan ng sangunian na bigyan ng karampatang kaparusahang community service ng isang linggo.",Contract Disputes
"Usapin tungkol sa lupa nina - at ni - na: Ayon kay - na sa kaniya naka pangalan ang lupa. Kaya nasa kanya nakapangalan ang lupa, na till August 15, 2022 na pwede manatili sina - na lupang tinitirikan ng bahay. At ayon kay - na wala pa silang lilipatan kaya humihiling sila till October 2022, sila umalis sa lupang tinitiran ng kanilang bahay, na hindi sinang-ayunan ni -. Kung kayat ang usapin ay i set-sa August 19, 2022, para sa ikalawang patawag.",Property Disputes
"Ito po ay ikalawang patawag tungkol sa usapin tungkol sa lupa ni -, at sa na nakatirik na bahay ng pag-aari nina - na si - ay humihiling na ganaping 500k ang napag-usapon na 250k na ibibigay sana ni - na ibibigay kay - na hindi sinang-ayunan ni -. Ayon kay - na magdadagdag siya at gagawing 300k ang ibibigay kartos - na hindi sinang-ayunan ni -. Muli ay nagpaplay si - sa OOT para gawing 50k ang ibibigay kay - at di pa rin ito sinsinangayuanan at hiling ni.",Property Disputes
"Nagtungo sila dun ipaalam nila sa Tanggapan ng Punong barangay na ang puting Van (delivery Van) na may plate no. 103, ay naging Viral Sa Social Media, na pinaghihinalaang ngang kumukuha ng mga bata.",Neighbor Disputes
"Nagtungo na Himpilan ng Punong Barangay si -, upang boluntaryong isurrender ang isinanlang motor na kanya, dahil kaninamg umap\ga ay nakita nya sa post sa Facebook – phone post. Na ang motor ay Karnap, at mismong ang kumarnap ng Motor ay ang nag sangla kay -. Sa halagang ₱5,000.",Money/Debt Disputes
"Reklamo ni - laban kay - na sita ay nagkasundo na: Nagbibigay si - ng halagang ₱5,000 piso kay - bilang kabayaran sa dalawang (2) puno ng Starapple.",Money/Debt Disputes
"Nagtungo sa Tanggapan ng Punong Barangay si -, may sapat na gulang, may asawa, taga purok 3 ng Barangay na ito, Barangay Dagatan, Dolores, Quezon, upang ipaalam na ang kanyang Ama na si -, may sapat na gulang at taga Purok 3 ng Barangay Dagatan, Dolores, Quezon ay naaksidente ngayong araw, na ang araw ay humigit kumulang ika-7 ng umaga, sa Purok 4 ng Barangay na ito, sa dahilang ang motorsiklo kanyang sinasak-yan ay nawalan ng preno, nang mangyari ang aksidente ay sakay niya ang kapatid na si -, at pareho silang nasaktan sanhi ng aksidenteng nangyari. Ang pangyayaring ito ay ipinaalam sa Barangay.",Family Matters
"Nagtungo sa Tanggapan ng Punong Barangay sina - at - at sina - taga Brgy. Bulakin 1, Dolores, Quezon, na sila ay nagkasundo sa halagang ₱4,000 bilang kabayaran sa danyos ng kanyang Van, na di sinadya ay nadali ng tricycle ni -.",Money/Debt Disputes
"Nagtungo sa Himpilan ng Punong Barangay si - upang mahakarap si - at - tungkol sa pagtatanim sa lupa ni -, na hindi nagpaalam na kanya bilang may-ari ng nasabing lupa. Napag-alaman ni - na si - at - ang nagtatanim, dahil pinatawag ni - si -, upang malaman kung sino ang nagtatanim.",Property Disputes
"Nagtungo sa Tanggapan ng Punong Barangay si -, may sapat na gulang, taga Purok 9, sa barangay na ito, upang ipaalam na ang kanyang sasabungin na manok ay ninakaw sa palagay nya ang mga oras ay humigit kumulang alas 2 ng madaling araw. Ipinaalam niya na ito sa barangay ay sa dahilang ito ay pandalawang beses ng nangyari, ang pagnakawan siya ng Sasabunging manok.",Petty Criminal Offenses
Nagusap sila na babyaran na lamang ang nagastos ni - sa pagpapagamot at ang araw na hindi nya pag pasoksa trabaho.,Contract Disputes
"Nagtungo sa Tanggapan ng Punong Barangay si -, may sapat na gulang, may asawa, taga Sitio Galong ng Barangay Dagatan, Dolores, Quezon upang ipag bigay alam na noong Nob. 12, 2022, na ang oras ay humigit kumula blas 4 ng hapon ng tinawag siya ni - na taga Purok 1, may sapat na gulang, upang suntunkin na di pa alam na dahilan, at hinila si - ng kanyang asawa, upang papasukin sa loob ng tindahan, ngunit noong araw ding iyon, Nob. 12, 2022, ay huminigi ng pasensya si - kay -. Ito ay pinag bigay alam lamang ni -, para asa kaalaman ng Brgy.",Family Matters
"Nagtungo sa Tanggapan ng Punong Barangay si -, may sapat na gulang, taga Purok 4 ng Barangay na ito upang ipaalam na ang kanyang mga tuta ay nadatnan niyang mga patay.",Property Disputes
"Ito ay kasulatang mag sisilbi na katunayan tumanggap si -, ng halagang ₱114,527.00 bilang kabayaran pauna sa hospital bill ng mag-anak na sina: - – ina - – ama - – anak.",Money/Debt Disputes
"Nagtungo sa Tanggapan ng Punong Barangay sina - at -, may sapat na gulang, may asawa, taga Bulakin 2, Dolores, Quezon kasama ang asawang si -, at si - Kagawad - ng Bulakin at si - Gng. -, upang linawin kung bakit nadamay ang pangalan ni - sa mangyayari kay - ng Konsehal -. Wala namang ibang concern tungkol dito, at upang linawin ang lahat.",Family Matters
"Kami ay nag uusap usap ng biglang nagwala si - na tiyuhin namin, at sinabihan kami ng kapatid ko na si - na may kalalagyan daw kami sa kanya at minura ng paulit ulit ng ‘putang ina mo’ tapos dinuro duro pa. Sinabi din nya na tatapusin nya daw kami ngayon din. Inambahan nya din ako ng suntok.",Money/Debt Disputes
"No Date Nagtungo sa Tanggapan ng Punong Barangay sina - taga Lucban, Quezon at - taga San Antonio 2 San Pablo City upang makausap sina - at - kapwa taga Sitio Galong ng brgy na ito upang pag-usapan ang paglilipat ng bahay, Ayon kay - ay palilipatin si - sa tabi ng bahay ng kanyang magulang kapag tataniman na ang pwesto ng kanyang bahay at kung sakali magkakasukatan ay bibigyan siya ng pwesto ng pagbabahayan. Ayon naman kay - si - ay saka palilipatin kapag na sukat ang lupa at si - lang ang kausap dito, pangsamantala ay ipapaayos ni - ang pinagtitirikan ng kanyang bahay at ang mga gagamitin ay puro light materials lamang.",Property Disputes
Nagtungo sa tanggapan ng brgy si - para hilingin sa punong brgy na maipatawag si - na nangungupahan sa kanyang apartment na hindi nakakabayad sa upa ng humigit limang buwan na.,Property Disputes
"Reklamo sa pangungupahan ni - ng hindi makakabayad, nagkasundo sila na titigil hanggan Enero 2023. Ayon sa may ari na si - at ang ref. Ay siyang magiging kabayaran sa mga nagdaang upa sa bahay.",Money/Debt Disputes
Ang naaksidente na si - ay dumating sa tanggapan ng brgy. Para sa unang patawag ng tupon.ngunit ang pamilya ng nakaaksidente ay hindi dumulog ngayong araw.,Family Matters
"Nagtungo sa Tanggapan ng Punong Barangay ang mag-amang sina - at -, taga Sitio Labak ng Barangay na ito, upang ipaalam na ang anak/kapatid na si - 33 taong gulang ay umalis na kanilang bahay noon pang Enero 11, 2023 humigit kumulang ala 4 ng hapon, at hanggang sa mga oras na ito ay hindi pa umuuwi sa kanila si -. ​ LALIG (last 21) AIRON 5-26-26 Ukol sa pagpapagawa ng nasirang motor ni Jerwin dahil kina Arnel at Lorenz. Napagkasunduan na ipapagawa ang motor ni Jerwin sa Motorcycle Repair Shop nina sa Barangay Bukal, Tiaong, Quezon. At kung ano man ang maging kagastusan ay babayaran ni Lyka.",Family Matters
"5-26-26 Ukol sa pagkakautang ni Nelia kay Nilo na may kabuuang halaga na 190,000 pesos. Napagkasunduan na ngayong ika - 26 ng Mayo 2026 magbibigay si Nelia kay Nilo 50,000 pesos. At sa July 30, 2026 muling mag bibigay si Nelia ng 50,000 pesos. At ang matitirang 90,000 pesos ay babayaran ng 10,000 pesos kada buwan simula August 30, 2026 at tuwing katapusang araw hanggang sa matapos ang pagkakautang.",Money/Debt Disputes
"5-26-26 Nagsadya sa tanggapan ng Sangguniang Barangay ng Lalig si Cesar Tibayan Hernandez residente ng Sitio Bakahan, Brgy Lalig, Tiaong, Quezon upang ipagbigay alam ang pagkawala ng kanyang National ID. Ayon kay Cesar ay noon pang buwan ng Disyembre 2025 ito nawala. At nais niyang ipatala dito sa tanggapan upang maging batayan",Property Disputes
"5-25-26 Nagsadya sa tanggapan ng Sangguniang Barangay ng Lalig si Modesto Castillo, residente ng Poblacion 4, Tiaong, Quezon upang ipagbigay alam ang ingay na nagmumula sa DJ Resort dahil sa banda at videoke na lumalampas na sa tamang oras ng pag-gamit nito na halos araw-araw nangyari na nakakaapekto na sa mga residente malapit sa resort.",Neighbor Disputes
"5-25-26 Nagsadya sa tanggapan ng Sangguniang Barangay ng Lalig si Jerwin Pakal, nasa wastong gulang at residente ng Barangay Bukal, Tiaong, Quezon upang ipagbigay alam ang nangyaring pagsira sa kanyang motorsiklo na Rusi na hindi ng hindi nakikilalang indibidwal noong May 24, 2026, bandang alas - 11 ng gabi sa Sitio Bakahan, Tiaong, Quezon.",Property Disputes
"No DATE Nagharap sa tanggapan ng Sangguniang Barangay ng Lalig sina Kon. Marlon Comia, Maribel Comia, Nestro Caubara at Nenito Caubara ukol sa paglalagay ng tangkal ni Nestor sa lupang pinamamahalaan nina Marlon at Maribel. Pati na rin ang tangkang paghampas ni Nestor kay Marlon. Humingi ng pasensya sina Nestor at Nenita kung anuman ang masamang nagawa at nangako na hindi na mauulit ang nangyari at nagkasundo na ang magkabilang panig.",Property Disputes
"5-22-26 Nagsadya sa tanggapan ng Sangguniang Barangay ng Lalig sina Kon. Marlon Comia, Maribel Comia Mendoza kapwa nasa wastong taong gulang at mga residente ng Poblacion 4, Tiaong, Quezon at ang katiwala sa lupang pagmamay-ari ni Nino Arliano upang humiling na makausap sina Nestor Caubara, nakikitirik sa nasabing lupa sa loob ng public market Brgy Lalig Tiaong Quezon. Ukol sa walang pahintulot na pagtatayo ng tangkal sa nasabing lupa.",Property Disputes
"5-22-26 Nagsadya sa tanggapan ng Sangguniang Barangay ng Lalig si Rufina Alice Mercado nasa wastong taong gulang at mga residente ng Liwayway Village, Tiaong, Quezon upang ipagbigay alam ang hindi pagbabayad ng renta o deposit sa Apartment ni Rufina Alice, na si Margartte Chua, simula May 10 2026.",Property Disputes
"5-22-26 Nagsadya sa tanggapan ng Sangguniang Barangay ng Lalig si Rufina Alice Mercado nasa wastong taong gulang at mga residente ng Liwayway Village, Tiaong, Quezon upang ipagbigay alam ang hindi pagbabayad ng umuupa sa kanilang apartment na sina Dave at Chris sa loob ng apat na buwan na nagkakahalagang 14,000 pesos.",Money/Debt Disputes
"5-20-26 Nagkaharap sa tanggapan ng barangay itong sina _, _ at _ upang mapag usapan ang hindi natapos na pinapagawang pool.",Contract Disputes
"5-22-26 Nagsadyang muli sina _ at _ kapwa nasa wastong taong gulang, upang kusang loob na ibigay ang ni _ ang titulo ng lupang isinangla niya kay _ noong May 19, 2026.",Property Disputes
5-19-26 Ako si _ 42 yrs old taga Sitio Cassandra Subd. Barangay Lalig Tiaong Quezon ay tumanngap ng kalahating milyong piso dito kay _ bilang perang sanla sa lote. Napagkasunduan din na may sampung porsyentong interest sa kalhating milyon kada buwan.,Money/Debt Disputes
"5-19-26 Nagsadya sa tanggapan ng Sangguniang Barangay ng Lalig si _ nasa wastong taong gulang at residente ng Sitio Bakaha, Tiaong, Quezon bilang tugon na makausap si _ ukol sa pagkautang ni _ kay _ na nagkakahalagang 3,100, na napagkasunduang bayaran ni _ kay _ noong May 15, 2026 ngunit hindi ito nabayaran.",Money/Debt Disputes
"5-19-26 Nagsadya sa tanggapan ng Sangguniang Barangay ng Lalig sina _, _, _, _, _, _, _ ukol sa idinulog ni _ na tangkang pagsaksak sa kanila nina _ at _, Ayon kay _ ay wala siyang dalang kutsilyo noong panahong iyon at kung may masama man silang nagawa ay nangangako na hindi na mauulit ang nangyari. At ito naman ay tinangap ng kabilang panig.",Petty Criminal Offenses
"5-18-26 Nagsadya sa tanggapan ng Sangguniang Barangay ng Lalig sina _, _, _, _, _, _, _ ukol sa swimming pool ni _ na nabutas. Napagkasunduan na hindi na pababayadan ang nabutas na swimming pool at tinatapos na ang usapin ukol dito at wala ng pag hahabol sa bawat isa.",Contract Disputes
"5-19-26 Pagpapatunay na nagka bentahan ng motorsiklo na Yamaha Mio sporty, plate # _, engine # _ na pag mamayari ni _ residente ng Sitio Kuta na ipinagbenta kay _ sa halagang 15,500 pesos.",Money/Debt Disputes
"5-18-26 Nagharap sa tanggapan ng Sangguniang Barangay sina _, _ ukol sa idinulog ni _ na pagsugod at pagbabanta sa kanya ni _. Pagkatapos marinig ang panig ng bawat isa ay nagkasundo na, at nangako na hindi na mauulit ang nangyari.",Neighbor Disputes
"5-18-26 Nagsadya sa tanggapan ng Sangguniang Barangay si _, residente ng Sitio Guinting upang hilingin na makausap sina _, _, _, _ ukol sa nasirang swimming pool ni marianne.",Property Disputes
"5-15-26 Muling nagkaharap sa tanggapan ng Sangguniang Barangay sina _, _, _, _ ukol sa ipinagawang solar panel ni _ at _ na hindi natapos. Hindi natupad ni _ ang kanyang pangako na magbabalik ng 100,000 ngayon ika - 15 ng Mayo, Kaya’t ang usapin ay idinulog na sa Lupon ng Tanggapan.",Contract Disputes
"BULAKIN 2 AIRON No DATE!​ ​ blinoblockmail sa pamamagitan na paghingi na malaking halaga, Pinagbintangan nagnakaw sa halagang 4000 ngayon pinagbabayaran nya na 10x halagang 40,000. Tinataot nya ako na pag hindi ako nag bayad ay papawarant nya daw ako sa pulis at ikakalat nya daw sa social media at ipapaskil ang picture ka sa harap na tindahan nila. Ang pera na kinuha ko ay sahod ko kinuha ko kari routine na namin yun,",Money/Debt Disputes
Enero 2026 Sa kadahilanang sa pagbibintang na sya ay ipinauupa na papatayin ng walang katibayan na kahit ano na pinasabing ang nag sabi daw ay sia Ian Manalo at si Emilio Erano.,Property Disputes
"Enero 23, 2025 Si Manny Caneo ay hindi pinapayagan pumunta kina Robie Dela Luna ay napagkasunduan ito ngayong . At hindi inaalis na kapag nagkita sa daan ay magbatian.",Contract Disputes
"2025 Inirereklamo ko si Marilou Rabino hinggil sa pagkakautang sa akin simula pa noong July 7, 2025 upang ako’y kanyang mabayaran. Ilang pangako ng hindi naman natupad. Na patagal ng patagal ay palaki ng palaki ang tubo. POB 2 AIRON 11-4-23 Sa paghaharap ng magkabilang panig ang mga rereklamo _ at ang inererklamo na si _ sa kanilang pagpupulong ang magkabilang panig ay magkasunod na ang utang ni _ kay _. Na nag kakahalagang 22,000 pesos ay babayarin ni _ sa ika - 10 ng Nobyembre 2023. Kanila ding napagkasunduan na kapag hindi nakapag bayad si _ sa takdang petsa ng napag kasunduan ang pangulong barangay _ na sasagutan niya sa korte",Money/Debt Disputes
11-20-23 Ako po si _ may sapat na gulang may asawa at naninirahan sa Kalye Donya Tating Brgy Pob 2 Tiaong Quezon ay dumulog sa Brgy upang ipagbigay alam na silang mag asawa ay naghihiwalay na sa kadahilanan na nahuli siya na mayroon itong kalaguyo.,Family Matters
"11-27-23​ Dumulog si _ sa may sapat na gulang may Milk Tea Shop na nakatayo sa Kalye Escudero Brgy Pob 2 Tiaong Quezon na maghain ng reklamo sa barangay sa kadahilanang ang kanilang shop ay pinagnakawan. Ang pangyayari ay naganap noong ika - 24 ng Nobyembre 2023, humigit kumulang ikaw - 2:30 ng madaling araw.",Petty Criminal Offenses
11-30-23 Dumulog sa Brgy si _ may sapat na gulang naninirahan sa Bagong Silang Brgy Quipot Tiaong Quezon upang ireklamo ang tambak na basura sa harap ng aming nasasakupan.,Neighbor Disputes
"12-20-23 Dumulog sa tanggapan ng Brgy si _ may asawa, nasa tamang gulang. Ako po ay nasa bilyaran dumating si _ ng humigit kumulang ng 8 ng gabi, ako ay kanyang pinuntahan at galit na galit sa akin. Ako po ay binunutan ng patalim kaya ako po ay nag rereklamo sa kanya.",Family Matters
"1-24-24 Dumulog sa tanggapan ng Brgy si _ 48 taong gulang binata, naninirahan sa Brgy Palagaran Tiaong Quezon. Bumabyahe ng tricycle na ang ruta ay Quipot at Bayan siya ay naghain ng reklamo laban kay _ may sapat na gulang naninirahan sa Brgy sa Pob 1 Tiaong Quezon, dahilan sa pananamantala sa akin. Ang pangyayari ay naganap noong ika - 23 ng enro 2024, humigit kumulang ika - 3:30 ng hapon. Ako po ay bigla na lang sinugod at sinuntok.",Petty Criminal Offenses
"2-1-24 Dumulog sa tanggapan ng Brgy si _ taga San Pablo upang maghain ng reklamo laban kay _ may sapat na gulang naninirahan sa pob 2 Tiaong Quezon, dahilan sa pagbebenta ng kanilang produkto na hindi binigyan ng resibo.",Property Disputes
2-10-24 Dumulog sa tanggapan ng Brgy si _ may sapat na gulang naninirahan sa Brgy Lalig Tiaong Quezon at nag hain ng reklamo laban kay _ may sapat na gulang at may ari ng Angry Baboy dahil sa hindi niya pagtupad sa kasunduan.,Property Disputes
"3-14-24 Sa pag haharap ng magkabilang panig sa Brgy ang may ari ng kotse na si _ may sapat na gulang may asawa naninirahan sa Brgy Quipot at ang may ari ng motorsiklo na naka bunggo sa kotse na si _. Ang magkabilang panig ay nagkasundo na mag babayad ng 2,500 pesos.",Family Matters
3-14-24 Sa paghaharap ng magkabilang panig ang nagrereklamong si _ at ang inerereklamo _ na kinatawan ng kanyang kapatid na si _ ang magkabilang panig ay nagkasundo na ang lupa na tinayuan ni _ ay kukuhanan ng kaunting parte o ilang metro ng lupa.,Property Disputes
"3-21-24 Dumulog sa Brgy si _ sapat na gulang may sapat na gulang na naninirahan sa Brgy Lalig at namamasada ng tricycle na nakaparada sa harap ng Puregold, ay nasabitan ng truck at tinakbuhan ng driver, kaya ito ay dumulog na sa lupon ng sinasakupan.",Property Disputes
3-29-24 Dumulog sa Brgy si _ sa Brgy Outpost upang ipaalam na siya ay sinipa at pinag diskitahan at kinuha ang kanyang TV sa Brgy Lumingon.,Property Disputes
"3-30-24 Sa paghaharap ng magkabilang panig, ang may ari ng sasakyan na nabundol ni _ na pag mamayari ni _, sila ay nag kasundo na ito ay bayaran ni _ noong ika - 28 ng marso 2024. Humigit kumulang 2000 pesos, nag send na GCash na 500 kay _ nung Marso 30, 2024 at 1,500 para sa kabuuang bayad.",Money/Debt Disputes
"4-1-24 Sa paghahanap ng magkabilang panig ang ama at ina ni _ na sina _ at _, at ang asawa ni _. Ang magkabilang panig ay nagkasundo na si _ ay kukunin na sa puder nina _ dahil sa hindi pagtustos ng sustento nito sa anak nilang si _.",Family Matters
"4-4-24 Dumulog sa Brgy si _ sapat na gulang may asawa naninirahan sa Sitio Maluban, Brgy Lumingon at naghain ng reklamo sa Brgy laban kay _ may sapat na gulang na naninirahan sa Pob 2. Sa kadahilanang hindi niya pagtupad sa aming usapan na kanyang babayaran ang hiniram na pera na nagkakahalagang 60,000.",Money/Debt Disputes
5-2-24 Isang concern citizen ang nag report sa Brgy na may motorcycle na naka parada sa Pob 2. Ito raw ay isa sa mga motor na ginamit sa nakawan sa isang Barangay.,Petty Criminal Offenses
"5-3-24 Dumulog sa Brgy si _ sapat na gulang naninirahan sa Brgy Lumingon. Ukol sa hindi pagbabayad ng utang sa kanya na si _ na nagkakahalagang 16,000. Noon pa itong Enero 23 2024",Money/Debt Disputes
"5-19-24 Dumulog sa Brgy si _ sapat na gulang, Naghain ng reklamo laban kay _. Dahilan sa ang anak niyang si _ ay inihagis mula sa kabilang bakod na nag resulta ng pagkakaroon ng galos at pasa sa katawan.",Family Matters
"5-28-24 Sa paghaharap ng dalawang panig, ang nagrereklamong si _ na kinakatawan ni _ at ang inirereklamong _. Ang magkabilang panig ay nagkasundo na ang pera na nagastos ni _ sa pagbebenta ng produkto ng Man Power Servic na walang resibo na umabot ng 13,116 pesos. Sila ay nagkasundo na ito ay babayaran ni _ tuwing katapusan.",Money/Debt Disputes
"5-31-24 Dumulog sa Brgy si _ na may edad na 56 taong gulang may asawa na naninirahan sa Brgy San Pedro at naghain ng reklamo laban kay _ na naninirahan sa Pob 2, dahilan sa paninipa. Ang pangyayaring ito ay naganap noong May 30, 2024 humigit kumulang 8:30 ng gabi. Ito ay naganap sa bilyaran sa Kalye Donya Tating, Pob 2.",Family Matters
"6-1-24 Sa paghaharap ng magkabilang panig, ang nagrereklamo na si _ at ang nirereklamo _. Ang magkabilang panig ay nagkasundo na bibigyan ni _ ng 5,000 pesos bilang kabayaran sa disgrasyang natamo nito.",Money/Debt Disputes
"6-4-24 Dumulog sa tanggapan si _ may asawa na ninirahan sa Dolores, sa kadahilanang nakapulot siya ng wallet na nag lalaman ng mahahalagang ID at naka pangalan kay _. Kusang loob nya itong isinauli sa lupon ng tanggapan sa barangay.",Family Matters
"6-6-24 Dumulog sa tanggapan si _ may edad na 23 taong gulang naninirahan sa Brgy Bukal. At nag bigay ng reklamo laban kay _ sapat na gulang at naninirahan sa Pob 2 sa kadahilanang hindi naghuhulog sa kanyang cellphone simula pa noong April 20, 2024 hanggang May 20, 2024. Na umabot sa 8,700 pesos.",Money/Debt Disputes
"6-10-24 Dumulog sa tanggapan si _ may edad na 33 taong gulang naninirahan sa Brgy Lusacan at naghain ng reklamo laban kay _ may edad na 40 taong gulang naninirahan sa Pob 2 at si _ may edad na 25 taong gulang live in partner ni _. Dahil hindi nagbabayad sa kanilang inuupahang apartment sa Brgy Lalig, hindi sila nakakapag bayad ng 3 buwan.",Money/Debt Disputes
"​ 6-20-24 Tinanggap ko kay _ tiyahin ni _ ang halagang 13,116 pesos bilang kabayaran sa pagkakautang ni _ sa Man Power Service.",Money/Debt Disputes
"6-26-24 Dumulog sa tanggapan si _ 28 taong gulang naninirahan sa Brgy Pob 2, at naghain ng reklamo dahil nahablutan ng mga tao sa loob ng pamilihang bayan.",Petty Criminal Offenses
"7-8-24 Sa paghaharap ng dalawang panig, ang nagrereklamong si _ na kinakatawan ng kanyang anak na si _ at ang inirereklamo na si _. Ang magkabilang panig ay nagkasundo na sina _ ay aalis sa katapusan ng Hulyo 2024.",Family Matters
"7-11-24 Ako si _ may edad na 37, at ako si _ may edad na 24. Na humaharap sa kasunduan na ang aming pagtitibayan testimonya ay pinatitibay sa sandaling ito.",Contract Disputes
"7-21-24 Dumulog sa tanggapan si _ at naghahain ng reklamo laban kay _, ukol sa hindi pagbabayad sa kanyang hiniram na pera na nagkakahalagang 16,000 pesos noong pang August 3, 2023. Sa kabila ng paulit ulit na paniningil ay parang binalewala ang kanyang pagkakautang",Money/Debt Disputes
8-21-24 Dumulog sa Brgy si _ at naghain ng reklamo laban kay _ sa dahil na paghahabol ng sustento kay _ ang pangyayari ay naganap ngayong ika - 21 ng August.,Family Matters
8-22-24 Dumulog sa Brgy si _ upang maghain ng reklamo at ipinaalam ang pagkawala ng kanyang motorsiklo ang pangyayari ay naganap ngayong 22 ng Agosto. Ang motorsiklo ay sa daan nakaparada at ako po ay malayo rito.,Property Disputes
"12-2-24 Dumulog sa aming tanggapan ng Brgy si _ kinatawan ng supervice center ng yamaha, sa kadahilanang upang makausap si _ dahil sa nakuha nyang hulugang motor.",Property Disputes
12-14-24 Dumulog sa aming tanggapan si _ at naghain ng reklamo sa kadahilanan na pinagbibintangan na sila ay magkarelasyon ng mag tiyo. At laging binulabog ng Ina ang kanyang anak na si _.,Family Matters
"12-14-24 Ako si _. May ari ng kotse na may plate # _ binangga ito ni _. Napagkasunduan na ipapagawa ang aking kotse sa halagang 10,000 pesos na kanyang ina ang naka bangga sa aking kotse",Contract Disputes
12-21-24 Dumulog sa aming tanggapan si _ sa kadahilanang siya po ay binantaan ni _ na papatayin ni _ at sinuntok pa ni _ si _.,Petty Criminal Offenses
"3-3-25 Dumulog sa aming tanggapan si _. Sa kadahilanang na gusto lang maka usap si _ tungkol sa hiniram na pera kay _. Dahil dito ang dalawang panig ay inimbitahan para sa isang pag pupulong sa Marso 7, ika 10 ng umaga, para sa paglilinaw sa pag uusap.",Money/Debt Disputes
3-17-25 Dumulog sa aming tanggapan si _. Sa kadahilanang inirereklamo nya si _ at _. Tungkol sa pagbili niya ng niyog at pineresyuhan pa ng wala siyang binibigay na bayad o down payment.,Money/Debt Disputes
"3-18-25 Dumulog sa aming tanggapan sina _, _ at _. Sa kadahilanang inirereklamo nila si _ dahil kulang ang ibinigay nilang turnuhan na 14,000 pesos. Ang kanilang pinagusapan, ang renta sa bahay ni _ ang pagiging colateral kay _ at _. Sa pag uusap ng kapatid ni _.",Money/Debt Disputes
3-31-25 Dumulog sa aming tanggapan si _. Sa kadahilanang para mapursige na magbayad ng utang silang mag asawa nila _ at _. Kailangan kayong makapg usap dito sa aming tanggapan.,Money/Debt Disputes
5-13-25 Dumulog sa aming tanggapan si _. Siya po ay naglalakad pauwi mayroon sa kanyang nasunod na tatlong kabataan sa may Pasumbal Street at habang sinusundan si _ siya po ay sinuntok ng kabarkada po ni _.,Petty Criminal Offenses
"5-21-25 Dumulog sa aming tanggapan si _. Sa kadahilanang hiniram na pera ni _ kay _. It cost 25,000 pesos, nung ikalawang patawag ni _ ay gumuwa ng kasulatan na siya ay magbabayad ng hanggang katapusa ng April.",Money/Debt Disputes
5-23-25 Dumulog sa aming tanggapan si _. Gusto lang makausap si _ tungkol sa hiniram na pera ni _.,Money/Debt Disputes
5-27-25 Dumulog sa aming tanggapan si _. Ukol sa kagustuhang makausap si _ na may tindahan tungkol sa hiniram na pera ni _. Dahil dito may dalwang panig na inimbitahan para sa pagpupulong sa ika - 28 ng Hunyo 2025.,Money/Debt Disputes
"6-28-25 Ako si _ na may tindahan ay nangangako sa loob ng 3 buwan na kailangan ko pong mabayadan ang buong halaga 12,000 pesos hanggang katapusan ng disyembre. Si _ ay pumapayag sa 3 buwan ng pagbabayad ng buo hanggang katapusan.",Money/Debt Disputes
"6-28-25 Sa paghaharap ng magkabilang panig sina _ at si _. Sa pagpupulong at pagbibigay ng paliwanag sila ay nagkasundo ang mga hindi nila pagkakaunawaan. Sila ay nagkasundo na walang harassment, hiniling ni _ na kanyang karamdaman ay pedeng ipaheck up para makita ang karamdaman ni _ na sasamahan ni _ sa lahat ng gastos sa check up.",Neighbor Disputes
"7-2-25 Dumulog sa aming tanggapan si _ na inirereklamo si _ sa pagkakautang niya 10,000 pesos na may pursyentuhan at bukod sa kuha ulit na halagang 5,000 pesos na ginamit ang pangalan ng kanyang anak na si _. Si _ ay aming inirereklamo dahil hindi siya natupad sa napagkasunduan, umako na ng umako.",Money/Debt Disputes
"7-4-25 Ako si _ ay nangangakio na hanggang isang buwan na mababayaran ang kabuuang halaga na 10,000. Si _ ay pumapayag na babayadan sa isang buwan hanggang mabayadan ang hiniram na pera kay _,",Money/Debt Disputes
8-7-25 Dumulog sa aming tanggapan si _. Sa kadahilanan na inirereklamo po niya si _ sa kadahilanang hindi pag tupad sa pangako na siyang magbabayad ng ika-4 ng august kay _,Money/Debt Disputes
7-30-25 Dumulog sa aming tanggapan si _. Inirereklamo si _ sa kadahilanang na ang mga isinama nya na bayad na sa kanya at hindi naman binabayad kay _ at si _ ay marami ng date at araw na kailan magbabayad ay hindi naman natutupad.,Money/Debt Disputes
"8-8-25 Ako si _ ay nangangako sa Sept 10 2025 ang halagang kabuuan 18,800 pesos na pag hindi tumupad sa usapan si _ ay syang magagawan ng certification for file action sa barangay, si _ ay pumapayag na bayaran sa isang buwan sa nasabing halaga na ang hiniram na pera kay _.",Money/Debt Disputes
8-14-25 Dumulog sa aming tanggapan si _. Sa kadahilanang nahulog siya sa jeep sa harap ng 7/11 tiaong. At hindi natigil ang driver kaya dito na inabot sa lalig barangay hall.,Money/Debt Disputes
"8-27-25 Ako si _ ay nangangako babayaran ko bukas si _ sa halagang 500,00 pesos",Money/Debt Disputes
"9-10-25 Ako si _ nangangako sa Sept 30, 2025 ng 1 o 2 ng hapon na magbabayad ng lahat ng utang kay _.",Money/Debt Disputes
9-11-25 Dumulog sa aming tanggapan si _. Sa kadahilanan na binantaan na sasaksakin ni _ pag daw lumabas sa kanto si _ at may banta din sa pamilya ni _ si _.,Neighbor Disputes
"9-15-25 Dumulog sa aming tanggapan si _. Sa kadahilanang nanghihiram ng pera si _ kay _ na halagang 8,000 pesos.",Money/Debt Disputes
"9-23-25 Dumulog sa aming tanggapan si _. Sa kadahilanang hindi pagbabayad o pag intindi ng kanyang hiniram na salapi kay _ na halagang 8,300 pesos.",Money/Debt Disputes
"9-18-25 Ako po si _ na nangangako na magbabayad kay _ sa hiniram na pera na nagkakahalaga ng 8,000 pesos.",Money/Debt Disputes
"10-7-25 Dumulog sa aming tanggapan si _. Sa kadahilanan na hindi pagbabayad ng hiniram na salapi na nagkakahalaga ng 5,000 pesos.",Money/Debt Disputes
10-1-25 Ako po si _ ang kinakatawan ni _ ay nangangako sa second week ng Oktubre na maghuhulog kada linggo o magbibigay ng 500 pesos hanggang matapos ang hiniram na salapi ng aking asawang si _ kay _.,Money/Debt Disputes
10-10-25 Tumanggap si _ naninirahan sa Brgy Quipot Tiaong Quezon kay _ na halagang 500 pesos hanggang mabayaran ang hiniram na salapi.,Money/Debt Disputes
"10-11-25 Dumulog sa aming tanggapan si _. Upang ipaalam ang hindi inaasahang insidente sa may tapat ng Aaron Drugstore, sa kadahilanang may tumalsik na langi galing sa kawali na may nakasalang na karyoka na hindi inaasahang pumutok ito. At kasamang natalsikan kasama pati ang nagululuto at ang isang estudyante na tinamaan sa may bandang ibaba ng mata at sa itaas ng dibdib.",Property Disputes
"11-12-25 Dumulog sa aming tanggapan si _. Sa kadahilanan na inirereklamo si _ na naging reseller ni _ sa kandila na binebenta noong November 1. Wala pang binibigay na bayad hanggang matapos na ang undas, na may halagang 6,910 pesos na may 20% interest ang kandila na kinuha ni _.",Money/Debt Disputes
"11-12-25 Dumulog sa aming tanggapan si _. Sa kadahilanag inirereklamo nya si _ gawa’t isinanla ang motor ni _ sa halagang 15,000 pesos sa taga San Agustin.",Money/Debt Disputes
"11-17-25 Dumulog sa aming tanggapan si _. Sa kadahilanang inirereklamo nya si _ dahil sa paninirang puri kay _, kaya si _ ay kailangang makausap ng magkasitahan sina _ at _ sa maayos na usapan.",Neighbor Disputes
"11-19-25 Ako po si _ sapat na gulang may asawa ay nangangakong babayaran ko si _ sa halagang 9,500 pesos hanggang December 10, 2025. Ngunit kung hindi ko ito mabayaran ang motor ng aking anak ang magiging garantiya.",Family Matters
"11-18-25 Dumulog sa aming tanggapan si _. Sa kadahilanang inirereklamo niya si _ dahil sa hiniram na pera kay _ sa halagang 5000 pesos, at may binigay na po sa akin na 1,800 kaya nagkakagala na lamang po ito ng 4,200 pesos,",Money/Debt Disputes
11-21-25 Sa paghaharap ng dalawang panig na sina _ at _ ay nagkasundo dito sa barangay tungkol sa paninirang puri na walang basehan na sila sa pamamagitan ng isang witness na si _ na sya ang nagpapatunay na maging maayos ang mangyari sa bawat panig.,Neighbor Disputes
"11-25-25 Ako po si _ ay nangangako na huhulog-hulugan ko hanggang January 18, 2026 ang halagang 4,200 pesos na inutang ko kay _, kung sakali na hindi ko ito mabayaran bago mag January 18, 2026 ay idudulog ulit sa Barangay si _.",Money/Debt Disputes
"11-21-25 Ako si _ ay nangangako na babayaran ko ang pera ng hiniram na nagkakahalaga ng 7,000 pesos sa bayad sa kandila hanggang matapos ang nobyembre.",Money/Debt Disputes
"11-28-25 Kami po ay nagkasundo ni _ at _na sa Disyembre 1, 2025 magbabayad si _ sa halagang 7,000 pesos.",Money/Debt Disputes
12-4-25 Dumulog sa aming tanggapan si _. Upang ihiling na makapulong si _ tungkol sa ipinagbili na lupa ni _ na mayroon na di umanong ibang may-ari dahil meroon na itong bakod.,Property Disputes
12-9-25 Dumulog sa aming tanggapan si _. Sa kadahilanang inirereklamo si _ sa hiniram na pera na may kulang na halagang 300 pesos pag sinisingil si _ ay nagagalit pa kay _.,Money/Debt Disputes
12-19-25 Dumulog sa aming tanggapan si _. At naghain ng reklamo laban kay _ dahil sa panggugulo at paninira ng gamit at pagpapahiya sa harap ng maraming tao na halos araw araw na lagi niyang ginagawa.,Neighbor Disputes
1-6-26 Dumulog sa aming tanggapan si _. Sa kadahilanan na pagbukas ng pinto ng sasakyan ay siya ay natamaan sa parte na bagong opera kaya siya ay nasaktan.,Money/Debt Disputes
1-25-26 Dumulog sa aming tanggapan si _. Sa kadahilanang inirereklamo niya sina _ at _ sa pananakit kay _. Si _ ay tinatawag din upang isalaysay ang buong detalye.,Family Matters
"1-28-26 Ako po si _ na nagkautang ng salapi kay _ na halagang 4,200. Ang salapi na nautang ay babayaran ko sa loob ng tatlong buwan, kadala linggo sa halagang 300 pesos huhulagan. Kung sakaling hindi ko ito mabayaran sa loob ng tatlong buwan ay magriripite uli sa barangay.",Money/Debt Disputes
1-30-26 Sa paghaharap nina _ at _ ang hinihiling ng kabilang panig nina _ ay wag na wag na lamang ulit gagawin ang pananakit kay _.,Family Matters
"1-30-26 Sa paghaharap nina _ at _ ngayong araw ika - 30 ng Enero, si _ ang nagsabi kung sino ang nanakit kay _. Kaya ipinatawag sa barangay upang para makausap at matanong kung bakit sinaktan si _.",Family Matters
"2-2-26 Dumulog sa aming tanggapan si _. Tungkol sa bilihan ng lupa kay _ ngunit naibenta na ito sa ibang tao. Kami ay nag kasundo na ibabalik ang pera ng naibayad sa halagang 80,000 pesos sa loob ng tatlong buwan.",Property Disputes
"2-5-26 Tinanggap ko kay _ ang halagang 300 pesos para sa paunang bayad sa kanyang pagkakautang sa akin ng pera na halagang 4,200 pesos. Tinangap ko ito ngayon ika - 5 ng pebrero.",Money/Debt Disputes
"2-17-26 Ang dalawang panig na sina _ at _ ay nagkasundo sa pangyayari sa anak na si _ sa pagkaka bangga ng tricycle. Nag bigay ng halagang 2,000 pesos para matapos na ang usapan.",Money/Debt Disputes
"3-6-26 Sa paghaharap nina _ at _ sa kadahilanang right of way sa may Pasumbal St. at Mayo St. at napagkasunduan din before April 6, 2026 na wala na yung pader.",Contract Disputes
"3-25-26 Dumulog sa aming tanggapan si _. Sa kadahilanang nawala ang benta at cellphone nung iniwanan nyang bantay sa tindahan nung umalis si _, banang humigit kumulang ala-una kaninang madaling araw.",Neighbor Disputes
4-10-26 Dumulog sa aming tanggapan si _. Sa kadahilanang habang siya ay nagtatrabaho sa bakery ay pinagmumura at pinagbabantaan na ang pag iinitan ay yung kanyang asawa na si _.,Neighbor Disputes
4-13-26 Dumulog sa aming tanggapan si _. Sa kadahilanang upang ireklamo si _ may-ari ng Angry Baboy dahil hindi parin nya nababayan ang nakuha niyang produkto.,Property Disputes
"4-23-26 Ukol sa pagpapagawa ng nasirang motor ni _ dahil kina _ at _. Napagkasunduan na ipapagawa ang motor ni _ sa Motorcycle Repair Shop nina sa Barangay Pob 2, Tiaong, Quezon. At kung ano man ang maging kagastusan ay babayaran ni _.",Contract Disputes
"4-16-26 Ukol sa pagkakautang ni _ kay _ na may kabuuang halaga na 190,000 pesos. Napagkasunduan na ngayong ika - 16 ng Mayo 2026 magbibigay si _ kay _ 50,000 pesos. At sa June 30, 2026 muling mag bibigay si _ ng 50,000 pesos. At ang matitirang 90,000 pesos ay babayaran ng 10,000 pesos kada buwan simula August 30, 2026 at tuwing katapusang araw hanggang sa matapos ang pagkakautang.",Money/Debt Disputes
"4-21-26 Nagsadya sa tanggapan ng Sangguniang Barangay ng Pob 2 si _ residente ng Tiaong, Quezon upang ipagbigay alam ang pagkawala ng kanyang National ID. Ayon kay _ ay noon pang buwan ng Disyembre 2025 ito nawala. At nais niyang ipatala dito sa tanggapan upang maging batayan",Property Disputes
"4-22-26 Nagsadya sa tanggapan ng Sangguniang Barangay ng Pob 2 si _, residente ng Poblacion 2, Tiaong, Quezon upang ipagbigay alam ang ingay na nagmumula sa DJ Resort dahil sa banda at videoke na lumalampas na sa tamang oras ng pag-gamit nito na halos araw-araw nangyari na nakakaapekto na sa mga residente malapit sa resort.",Neighbor Disputes
"5-4-26 Nagsadya sa tanggapan ng Sangguniang Barangay ng Lalig si _, nasa wastong gulang at residente ng Barangay Bukal, Tiaong, Quezon upang ipagbigay alam ang nangyaring pagsira sa kanyang motorsiklo na Rusi na hindi ng hindi nakikilalang indibidwal noong May 24, 2026, bandang alas - 11 ng gabi sa Sitio Bakahan, Tiaong, Quezon.",Property Disputes
"5-4-26 Nagharap sa tanggapan ng Sangguniang Barangay ng Lalig sina _, _, _, _, ukol sa paglalagay ng tangkal ni _ sa lupang pinamamahalaan nina _ at _. Pati na rin ang tangkang paghampas ni _ kay _. Humingi ng pasensya sina _ at _ kung anuman ang masamang nagawa at nangako na hindi na mauulit ang nangyari at nagkasundo na ang magkabilang panig.",Property Disputes
"5-6-26 Nagsadya sa tanggapan ng Sangguniang Barangay ng Lalig sina _, _, kapwa nasa wastong taong gulang at mga residente ng Poblacion 4, Tiaong, Quezon at ang katiwala sa lupang pagmamay-ari ni _ upang humiling na makausap sina _, nakikitirik sa nasabing lupa sa loob ng public market Brgy Lalig Tiaong Quezon. Ukol sa walang pahintulot na pagtatayo ng tangkal sa nasabing lupa.",Property Disputes
"5-7-26 Nagsadya sa tanggapan ng Sangguniang Barangay ng Lalig si _ nasa wastong taong gulang at mga residente ng Liwayway Village, Tiaong, Quezon upang ipagbigay alam ang hindi pagbabayad ng renta o deposit sa Apartment ni _, na si _, simula May 10 2026.",Property Disputes
"5-10-26 Nagsadya sa tanggapan ng Sangguniang Barangay ng Lalig si _ nasa wastong taong gulang at mga residente ng Liwayway Village, Tiaong, Quezon upang ipagbigay alam ang hindi pagbabayad ng umuupa sa kanilang apartment na sina _ at _ sa loob ng apat na buwan na nagkakahalagang 14,000 pesos.",Money/Debt Disputes
5-14-26 Dumulog sa aming tanggapan si _. Sa kadahilanan na binantaan na sasaksakin ni _ pag daw lumabas sa kanto si _ at may banta din sa pamilya ni _ si _.,Neighbor Disputes
"5-19-26 Dumulog sa aming tanggapan si _. Sa kadahilanang hindi pagbabayad o pag intindi ng kanyang hiniram na salapi kay _ na halagang 8,300 pesos.",Money/Debt Disputes
"5-22-26 Ako si _ ay nangangako sa Sept 10 2025 ang halagang kabuuan 18,800 pesos na pag hindi tumupad sa usapan si _ ay syang magagawan ng certification for file action sa barangay, si _ ay pumapayag na bayaran sa isang buwan sa nasabing halaga na ang hiniram na pera kay _.",Money/Debt Disputes
5-28-26 Dumulog sa aming tanggapan si _. Sa kadahilanan na inirereklamo po niya si _ sa kadahilanang hindi pag tupad sa pangako na siyang magbabayad ng ika-4 ng august kay _.,Money/Debt Disputes
"6-2-26 Ako si _ na may tindahan ay nangangako sa loob ng 3 buwan na kailangan ko pong mabayadan ang buong halaga 12,000 pesos hanggang katapusan ng disyembre. Si _ ay pumapayag sa 3 buwan ng pagbabayad ng buo hanggang katapusan.",Money/Debt Disputes
"6-4-26 Dumulog sa aming tanggapan si _. Sa kadahilanan na pagbukas ng pinto ng sasakyan ay siya ay natamaan sa parte na bagong opera kaya siya ay nasaktan. AYUSAN 1 AIRON 1-2-26 Idinulog sa himpilan ng Barangay ni Pulis PSSg _ na napatalagang pulis sa Barangay Ayusan 1, Tiaong, Quezon ang pagsasagawa ng pagrereview ng CCTV upang mangalap at makipag koordinasyon sa naganap na barilan na nangyari noong January 1 sa ganap na ika 4 ng hapon malapit sa Barangay Hall ng Ayusan 1.",Petty Criminal Offenses
"1-5-26 At muling nag usap ang magkabilang panig tungkol sa lupaing ipinag bibili ni _ ang kumakatawan sa nasabing lupain. At sa paguusap ay sumangayon na si _ sa napagusapan at bibigyan siya ng halagang 300,000 pesos para sa kabayaran sa kanya.",Property Disputes
1-13-26 Ipinaaabot ni _ 32 taong gulang at residente sa Barangay Ayusan 1 ang kanyang problema sa kanyang asawa na si _ residente rin ng nasabing barangay. Si _ ay kanyang dating asawa at ang gustong mangyari ay makauasap ito dahil may limang taon na silang hiwalay at may 2 anak.,Family Matters
"1-21-26 Nagsasalaysay sa tanggapan ng Punong Barangay si --, 34 taong gulang, nakatira sa Ayusan 1, upang ibahagi ang naging pangyayari. Tinutukoy niya na sina -- at --, kasama sina --, --, --, at --, ay may masamang kalooban sa kanya. Ayon sa kanya, habang siya ay naglalakad, hinarang siya nina -- at -- at pinagbintangan na namamato ng bubong. Nagkaroon ng pagtatalo, at nang makita ni -- na may binubunot na kutsilyo si --, agad siyang tumakbo palayo para sa kanyang kaligtasan.",Petty Criminal Offenses
"No DATE Nagsalaysay sa tanggapan ng Punong Barangay si --, nakatira sa Ayusan 1, upang ibahagi ang kanyang reklamo. Ipinahayag niya na may mga gamit at kagamitan siya na kinuha at itinago ni --, pati na rin ang pagdadala nito ng ibang babae sa kanilang tinutuluyang apartment at ang patuloy na pananakit at pananamantala sa kanya. Idinagdag din niya ang pag-aayaw at hindi pagpapalaya ni -- sa kanya.",Family Matters
"2-4-26 Nagharap sa tanggapan ng Punong Barangay ang magkabilang panig: sina -- at --, kaugnay ng isinumbong na reklamo. Mga nilalaman at pinag-usapan: Ang mga gamit ni -- na kinuha ni -- ay iniwan lamang nito at naiwan sa loob ng kanilang apartment. Ang paratang na pagdadala ng ibang babae ni -- sa kanilang tinutuluyan ay itinanggi nito at sinabing walang katotohanan ang ganoong paratang.",Family Matters
"2-5-26 Nagtungo at nagharap sa tanggapan ng Punong Barangay sina -- at -- kaugnay ng utang at hindi pagbabayad. Napagkasunduan na magbabayad si -- ng halagang 1,000 piso bawat buwan hanggang sa mabayaran ang buong halagang 24,675 piso. Sa bahagi naman ni --, siya ay magbabayad ng 500 piso bawat buwan, at naipon na ang kanyang utang na umabot sa 9,900 piso. Ito ang nagsilbing kasunduan at patunay ng kanilang napag-usapan.",Money/Debt Disputes
"2-8-26 Nagharap sa tanggapan ng Punong Barangay ang magkabilang panig: sina -- at --, kaugnay ng isinumbong na reklamo. Mga nilalaman at pinag-usapan: Ang mga gamit ni -- na kinuha ni -- ay iniwan lamang nito at naiwan sa loob ng kanilang apartment. Ang paratang na pagdadala ng ibang babae ni -- sa kanilang tinutuluyan ay itinanggi nito at sinabing walang katotohanan ang ganoong paratang.",Family Matters
"2-12-26 Nagtungo sina --, --, --, at -- sa tanggapan ng Punong Barangay. Ang pangunahing reklamo ay tungkol sa ipinagbiling solar panel na hindi naman natapos o naisagawa nang maayos. Ipinahayag ng nagbenta na nais niyang maibalik ang kanyang ibinayad na kabuuang 163,000 piso dahil hindi naibigay nang tama ang gamit. Sa kabilang panig, sinabing wala silang kakayahang ibalik agad ang buong halaga, at napagkasunduang magbabayad sila nang paunti-unti, kung saan magbabayad muna ng 100,000 piso at ang natitirang halaga ay pag-uusapan muli.",Contract Disputes
"2-15-26 Nagharap sa tanggapan ng Punong Barangay ang magkabilang panig: sina -- at --, kaugnay ng isinumbong na reklamo. Mga nilalaman at pinag-usapan: Ang mga gamit ni -- na kinuha ni -- ay iniwan lamang nito at naiwan sa loob ng kanilang apartment. Ang paratang na pagdadala ng ibang babae ni -- sa kanilang tinutuluyan ay itinanggi nito at sinabing walang katotohanan ang ganoong paratang.",Family Matters
2-16-26 Nagtungo si -- sa tanggapan ng Punong Barangay. Ang pangunahing reklamo ay tungkol sa ipinagbiling solar panel na hindi pa naibibigay o naisasagawa nang maayos ni -- sa kabila ng naunang kasunduan.,Contract Disputes
"2-18-26 Reklamo sa pagkakautang ni - kay -. Nag-usap na sila (- at -) nangangako na si - ay magbibigay ng tubo ng ₱4,800. At kung sakaling hindi tumupad sa pangako si - ay ipapasa na ang Certificate to File Action sa anumang attorney o sa Hukuman. At ayon kay - ay babayaran o iaabut sa Barangay Ayusan 1 ang halagang tubo o yung ₱4,800.",Money/Debt Disputes
"3-13-26 Nagtungo sa tanggapan ng Punong Brgy si - upang ireklamo si - tungkol sa kanyang pagkautang sa halagang ₱12,000 pesos plus tubo kada 10 days, na si - ang naghuhulog ng tubo nito.",Money/Debt Disputes
"3-20-26 Nagtungo at nagharap sa tanggapan ng Punong Barangay sina -- at -- kaugnay ng utang at hindi pagbabayad. Napagkasunduan na magbabayad si -- ng halagang 1,000 piso bawat buwan hanggang sa mabayaran ang buong halagang 24,675 piso. Sa bahagi naman ni --, siya ay magbabayad ng 500 piso bawat buwan, at naipon na ang kanyang utang na umabot sa 9,900 piso. Ito ang nagsilbing kasunduan at patunay ng kanilang napag-usapan.",Money/Debt Disputes
"3-23-26 Nagtungo at nagharap ang magkabilang panig sa tanggapan ng Punong Barangay. Ang pangunahing reklamo ay tungkol sa hindi pagkakaunawaan at pagtatalo sa hangganan at pagmamay-ari ng lupa. Napagkasunduan na magkakaroon ng pormal na pagsukat at paglilinaw ng hangganan sa pagitan ng kanilang mga lupain, upang matapos at maayos ang usapin.",Property Disputes
"3-26-26 Nagtungo sina -- at -- sa tanggapan ng Punong Barangay. Ang pangunahing reklamo ay tungkol sa utang na halagang 50,000 piso na hindi nabayaran, at nadagdagan pa ito ng 10,000 piso bilang interes kada buwan sa loob ng 15 buwan dahil sa hindi pagbabayad. Napagkasunduan na ang kabuuang babayaran ay magiging 150,000 piso, at ito ay huhulugan ng 4,000 piso tuwing ika-15 hanggang sa mabayaran nang buo ang halaga.",Money/Debt Disputes
"3-30-26 Nagtungo si -- sa tanggapan ng Punong Barangay. Ang pangunahing reklamo ay tungkol sa mga post at mensahe sa Facebook na isinulat at inilathala ni -- gamit ang pangalang ""Lucky Mhe Nina Vlog"", na naglalaman ng mga salitang nakakasakit at nakababastos sa kanyang pagkatao.",Neighbor Disputes
"3-30-26 Nagtungo at nagharap ang magkabilang panig sa tanggapan ng Punong Barangay. Ang pangunahing reklamo ay tungkol sa hindi pagkakaunawaan at pagtatalo sa hangganan at pagmamay-ari ng lupa. Napagkasunduan na magkakaroon ng pormal na pagsukat at paglilinaw ng hangganan sa pagitan ng kanilang mga lupain, upang matapos at maayos ang usapin.",Property Disputes
"3-30-26 Nagtungo at nagharap sa tanggapan ng Punong Barangay sina -- at -- kaugnay ng utang at hindi pagbabayad. Napagkasunduan na magbabayad si -- ng halagang 1,000 piso bawat buwan hanggang sa mabayaran ang buong halagang 24,675 piso. Sa bahagi naman ni --, siya ay magbabayad ng 500 piso bawat buwan, at naipon na ang kanyang utang na umabot sa 9,900 piso. Ito ang nagsilbing kasunduan at patunay ng kanilang napag-usapan.",Money/Debt Disputes
"4-6-26 Nagtungo si -- sa tanggapan ng Punong Barangay. Ang pangunahing reklamo ay ukol sa utang na halagang 1,500 piso na matagal nang hindi nababayaran ni -- kay --.",Money/Debt Disputes
"4-11-26 Nagtungo at nagharap ang magkabilang panig sa tanggapan ng Punong Barangay. Ang pangunahing reklamo ay tungkol sa hindi pagkakaunawaan at pagtatalo sa hangganan at pagmamay-ari ng lupa. Napagkasunduan na magkakaroon ng pormal na pagsukat at paglilinaw ng hangganan sa pagitan ng kanilang mga lupain, upang matapos at maayos ang usapin.",Property Disputes
"4-12-26 Nagtungo si -- sa tanggapan ng Punong Barangay. Ang pangunahing reklamo ay ukol sa utang na halagang 1,500 piso na matagal nang hindi nababayaran ni -- kay --.",Money/Debt Disputes
"4-12-26 Nagtungo si -- sa tanggapan ng Punong Barangay. Ang pangunahing reklamo ay tungkol sa mga post at mensahe sa Facebook na isinulat at inilathala ni -- gamit ang pangalang ""Lucky Mhe Nina Vlog"", na naglalaman ng mga salitang nakakasakit at nakababastos sa kanyang pagkatao.",Neighbor Disputes
"4-15-26 Nagtungo si -- sa tanggapan ng Punong Barangay. Ang pangunahing reklamo ay ukol sa utang na halagang 1,500 piso na matagal nang hindi nababayaran ni -- kay --.",Money/Debt Disputes
"4-26-26 Nagtungo sa tanggapan ng Punong Brgy si - upang ireklamo si - tungkol sa kanyang pagkautang sa halagang ₱12,000 pesos plus tubo kada 10 days, na si - ang naghuhulog ng tubo nito.",Money/Debt Disputes
"4-28-26 Nagtungo sina -- at -- sa tanggapan ng Punong Barangay. Ang pangunahing reklamo ay tungkol sa utang na halagang 50,000 piso na hindi nabayaran, at nadagdagan pa ito ng 10,000 piso bilang interes kada buwan sa loob ng 15 buwan dahil sa hindi pagbabayad. Napagkasunduan na ang kabuuang babayaran ay magiging 150,000 piso, at ito ay huhulugan ng 4,000 piso tuwing ika-15 hanggang sa mabayaran nang buo ang halaga.",Money/Debt Disputes
"5-4-26 Nagtungo si -- sa tanggapan ng Punong Barangay. Ang pangunahing reklamo ay tungkol sa mga post at mensahe sa Facebook na isinulat at inilathala ni -- gamit ang pangalang ""Lucky Mhe Nina Vlog"", na naglalaman ng mga salitang nakakasakit at nakababastos sa kanyang pagkatao.",Neighbor Disputes
"6-2-26 Nagtungo sina --, --, --, at -- sa tanggapan ng Punong Barangay. Ang pangunahing reklamo ay tungkol sa ipinagbiling solar panel na hindi naman natapos o naisagawa nang maayos. Ipinahayag ng nagbenta na nais niyang maibalik ang kanyang ibinayad na kabuuang 163,000 piso dahil hindi naibigay nang tama ang gamit. Sa kabilang panig, sinabing wala silang kakayahang ibalik agad ang buong halaga, at napagkasunduang magbabayad sila nang paunti-unti, kung saan magbabayad muna ng 100,000 piso at ang natitirang halaga ay pag-uusapan muli.",Contract Disputes
"6-2-26 Nagtungo sina -- at -- sa tanggapan ng Punong Barangay. Ang pangunahing reklamo ay tungkol sa utang na halagang 50,000 piso na hindi nabayaran, at nadagdagan pa ito ng 10,000 piso bilang interes kada buwan sa loob ng 15 buwan dahil sa hindi pagbabayad. Napagkasunduan na ang kabuuang babayaran ay magiging 150,000 piso, at ito ay huhulugan ng 4,000 piso tuwing ika-15 hanggang sa mabayaran nang buo ang halaga.",Money/Debt Disputes
"11-14-23 Nagtungo si -- sa tanggapan ng Punong Barangay. Ang pangunahing reklamo ay tungkol sa mga post at mensahe sa Facebook na isinulat at inilathala ni -- gamit ang pangalang ""Lucky Mhe Nina Vlog"", na naglalaman ng mga salitang nakakasakit at nakababastos sa kanyang pagkatao.",Neighbor Disputes
11-19-23 Nagtungo si -- sa tanggapan ng Punong Barangay. Ang pangunahing reklamo ay tungkol sa ipinagbiling solar panel na hindi pa naibibigay o naisasagawa nang maayos ni -- sa kabila ng naunang kasunduan.,Contract Disputes
"No DATE Nagtungo sina --, --, --, at -- sa tanggapan ng Punong Barangay. Ang pangunahing reklamo ay tungkol sa ipinagbiling solar panel na hindi naman natapos o naisagawa nang maayos. Ipinahayag ng nagbenta na nais niyang maibalik ang kanyang ibinayad na kabuuang 163,000 piso dahil hindi naibigay nang tama ang gamit. Sa kabilang panig, sinabing wala silang kakayahang ibalik agad ang buong halaga, at napagkasunduang magbabayad sila nang paunti-unti, kung saan magbabayad muna ng 100,000 piso at ang natitirang halaga ay pag-uusapan muli.",Contract Disputes
"11-20-23 Ayon kay _ na sa kanya ang mga bata, at ayon kay _ ay subukan ang isang taon na mamalagi sa kanya at dito muna sa Ayusan 1 papasukin at ayaw pumayag ng magkabilang panig sa kani-kanilang desisyon, kung kayat lalapit sila sa VAWC station upang makuha ang bata sa tamang paraan, at para sa assistance; at sa huli ay nagdesisyon ang magkabilang panig na idaan na lamang sa tamang proseso ang lahat. Bilang patunay ay lalagda sa ibaba nito ang magkabilang panig.",Property Disputes
"11-28-23 Napag-kasunduan na: Re-track ang post ni _; ngunit ayaw ni Mam _ na i-re-track ang kanyang post, may kani-kanila silang opposition sa kanilang pinagtatalunan.",Contract Disputes
"11-29-23 Habang nag-uusap sina _ at _, ay biglang nagpakita ng baril si G. _.",Petty Criminal Offenses
"12-4-23 At kung sakaling may mangyayari na hindi maganda sa mag-asawa, ay si G. _ ang unang pananagutin.",Family Matters
"12-10-23 Nag-usap ang magkabilang panig na sina _ at ang pamilya ng _, tungkol sa lupang ipapasukat ng mga _.",Property Disputes
"12-12-23 Nag-usap sila tungkol sa pagpapasukat ng lupa, at ang sagot ng _ ay ikokonsulta muna sa kanyang magulang tungkol sa pasukat.",Property Disputes
"12-14-23 Usapin sa lupang pag-aari ni _ na ibinebenta. Ay nagkasundo na 600 sq. meters ang ibinigay ni _ at ang 100 square meters ay parang inireward, at ito ay bilang kapalit sa mga ifinammit na niyog ni G. _.",Property Disputes
"12-15-23 At ang mga Rambutan ay namumunga na, na may bilang na mahigit na 70 punong Rambutan na namumunga, ay babayaran sa halagang ₱1,000. Kada puno, 'yong namumunga lamang ang babayaran ng ₱1,000 — ang 70 punong namumunga. At ang mga iba pang halaman ay hindi na pinababayaran pa.",Money/Debt Disputes
"12-17-23 Sa sinumang kinauukulan,Nagtungo sa Tanggapan ng Punong Barangay si Kagawad _, may sapat na gulang na taga-Purok 4 ng Barangay na ito, upang ipaalam na ang mga manok na panabong ni G. _ ay nawala o ninakaw — anim (6) na pinasong manok na panabong. Ang insidente ay nangyari sa pagitan ng alas-2:00 at alas-2:30 ng madaling-araw noong Enero 16, 2024.",Petty Criminal Offenses
"12-19-23 Kanyang ipinaalam ang bagay na ito para sa kabatiran ng lahat.Muling pag-uusap nina Mam _, Gng. _, Gng. _, at G. _ — tungkol sa lupang pinag-uusapan na pag-aari ni G. _ na nabili nina G. at Gng._, sa kanyang anak na si _.",Property Disputes
"12-27-23 Muling ipinatawag ang mga nasabing personalidad upang muling mag-usap. Sinabing muli ni Gng. _ na 'yon ay sa kanila, na binigay kay G. _.",Property Disputes
"12-28-23 Ayon kay G. _ na sa tagal nang panahon na inaayos ang titulo ng lupa, sa dahilang wala silang [papel] na pinanghahawakan.",Property Disputes
"12-29-23 Binili nina G. at Gng._ kina _ at _ sa pag-aakalang CLOA ang lupa, at may Deed of Sale na may pirma ni Judge _.",Property Disputes
12-29-23 Nagpaliwanag si G. _ tungkol sa lupang kanilang binili sa _.,Property Disputes
"1-4-24 Kung after na maipasukat, at may mapatutunayang papel ang mga _ bilang katibayan na kanila nga 'yung lupang nabili ni G. at Gng._, ay muling pag-uusapan sa Barangay.",Property Disputes
1-2-24 Tanggapan ng Punong Barangay.Nagtungo sa Punong Barangay ang mga batang sangkot sa pagnanakaw ng motor sa Butakin 2.,Petty Criminal Offenses
"1-2-24 Pinapatunayan na si _ ay nagbigay na halagang ₱1,000 piso sa collector ng Zillions of Vision Lending Corporation na si _.",Money/Debt Disputes
"1-8-24 At sa kasalukuyan ay may utang na loan at balanse sa halagang ₱7,581. Patunay na nagbigay si _ ng ₱1,000 piso at may matitira pa na ₱4,581 na balanse, at babayaran ni _ sa loob ng apat na buwan at kalahati.",Money/Debt Disputes
"1-9-24 Nag-usap sa harap ng Punong Barangay sina _, at ang mga Kagawad na sina _at _, tungkol sa mga pangyayari noong January 26, 2024 — tungkol sa manok na diumano'y may ninakaw na manok, at 'yung ninakawan ng 11 manok, at ang nagpost na labing-11 manok.",Petty Criminal Offenses
"1-12-24 Nagka-ayos ang bawat panig tungkol sa pangyayaring ito.Sa sinumang kinauukulan,Nagtungo sa Tanggapan ng Punong Barangay sina _ at _, may sapat na gulang, taga-Brgy. _Poblacion, Ataminos, Laguna, upang kausapin si Gng. _ na asawa ni _, upang mapag-usapan ang perang nakuha ni G. _ sa halagang 100k.",Money/Debt Disputes
"1-12-24 Ayon kay Gng. _ na asawa ni G. _, ay nagkausap nga si _ at Gng. _ na 'yung 100k na nakuha ni _ ay ilalabas sa kabuuang 400k na nakuha nina _ at _; na si _ ang siyang may pananagutan sa ₱100k na nakuha doon sa kabuuang 400k.",Family Matters
"1-14-24 Sa sinumang kinauukulan,Nagtungo sa Tanggapan ng Punong Barangay si _, may sapat na gulang, may asawa, taga-Sitio Labak ng Brgy. na ito, upang ireklamo si _, taga-Sitio Labak, may asawa, sa kanyang pagbabanta, pagpetsahera at pagsuntok sa likod ni G. _ kay _.",Neighbor Disputes
1-19-24 Nagpag-usap ang nangyari nang gabi at maiiwasan ang magkabilang partido upang 'di na humaba at huwag nang manghingi ng depensa si G. _ kay G. _.,Property Disputes
"1-19-24 Sa sinumang kinauukulan,Nagtungo sa Tanggapan ng Punong Barangay si Gng. _ upang ireklamo si Gng. _, tungkol sa pagbabalik ng original title kay _.",Property Disputes
"No DATE Sila ay may pirmahan bilang pagsang-ayon ng mga magkabilang panig. Subalit kahapon dated February 15, 2024, ganap na humigit-kumulang 8:00 ng umaga, ay hindi pumayag ang panig ni _, dahilan sa may hawak daw silang papel, kung kaya't hindi natuloy ang nasabing pagsusukat.",Property Disputes
"No DATE Kaya sa pang-yari kahapon (2-15-2024) ang paki-usap lamang ng mga _, na may kinabiling lupa sa tabi ng pinagtatalunang lupa, sana ay 'wag gagalawin ang kanilang mga tanim na fruit-bearing trees, at ang kanyang pamangkin na nakatira sa lupang nabili ng mga _.",Property Disputes
"1-30-24 Nagtungo sa tanggapan ng Punong Barangay si _ na taga-Super Bike Center upang humingi ng pahintulot na makausap si _ sa lalong madaling panahon, kung maaari ay bukas 2-20-24 ganap na 2:00 PM, dahil sa kinuhang motor.",Property Disputes
"1-30-24 Nagtungo sa Tanggapan ng Punong Barangay si [Person] upang ipaalam na isinoli na ang mag-ina ni _, kasama ang baby, sa kanila.",Property Disputes
"1-31-24 Nag-usap sa harap ng Punong Barangay sina Mrs. _ at si Kag. _, taga-Purok 3, Brgy. Ayusan 1, Tiaong, Quezon, tungkol sa diumano na sabi-sabi daw ni Kon. _ tungkol kay Mam _.",Neighbor Disputes
"2-1-24 Sa sinumang kinauukulan,Nagtungo sa Tanggapan ng Punong Barangay si G. _ upang ireklamo si G. _ dahil sa pagsugod at pagsakal sa kanya.",Petty Criminal Offenses
"2-9-24 Ayon kay _, nagsimula 'yong ang kanyang 'di pagkakaunawaan sa nangyaring manok dahil umano siya ay pinagbibintangan ni G. _ na ninanakaw ang itlog ng kanyang inaalingang manok na nangingitlog sa tungkong lutuan ni G. _; nagkaroon sila ng mataas na sitaan at doon na sumugod sa harapang bahay ni G. _, si G. _ at siya ay armang sasakalin ngunit ito ay nailag niya at kamay niya ang tinamaan ng kutsilyo.",Petty Criminal Offenses
"2-19-24 Nag-usap sila tungkol sa pagpapasukat ng kani-kanilang lupa nina _ at _. Nag-usap sila at ang sabi ni _, anak ng may-ari ng lupa, na nataas ang presyo ng lupa; at ayon sa kanila ay ang halaga ng lupa ay ₱180/sq.m., at ang dulog ay sana ay mapasukatan na hanggang Abril 2024. At kung lumampas ng Abril 2024 at 'di pa naayos na ay dadagdagan na ulit ang presyo ng lupa, at monthly na ang taas ng presyo ng lupa: ₱20/sq.m./month.",Property Disputes
"2-23-24 Nag-usap sila tungkol sa lupang nabanggit, na ang Pinagpala na ang mag-aasikaso o makikipag-usap sa pinag-collateral ng lupa na titulo ay nakapangalan kay _.Pangalan ng pinag-collateralan: _.",Property Disputes
"2-25-24 Sa sinumang kinauukulan,Nagtungo sa Tanggapan ng Punong Barangay ang mag-asawang G. _ at _ upang ireklamo sina _ at ang pamilya nito sa walang Oral Defamation and Harassment.",Neighbor Disputes
2-27-24 Napag-kasunduan na ang mga _ ay hindi na mangingialam sa mga darating na buyer sa lupa ng mga _ o ng mga _ o ng mga _ sa lupang pinag-tatalunan.,Property Disputes
"3-3-24 Sa sinumang kinauukulan,Nagtungo sa Tanggapan sina _ at ang larawan ng kanyang asawa, tungkol sa lupang iniwan ng kanilang ama (biyenan) ni _.",Property Disputes
"3-6-24 Nagpaliwanagan ang bawat isa na kanila, upang maintindihan ang lahat.",Property Disputes
3-4-24 Ang direksyon ng magkakapatid ay ibenta; at kung sakali na ibenta ay ayaw ibenta ni _ ang kabahagi ng kanyang asawa na namayapa na; at 'yun po ay depende sa pag-uusapan nila.,Family Matters
"3-9-24 At sa huli, ay kung may magandang usapan ay papayag siya, subalit dapat ay may kasunduan ang bawat isa.",Contract Disputes
"3-9-24 Nag-usap sina G. _ at _, at _, tungkol sa lupang kinatatayuan ng bahay ng mga _, sa dahilang dadaanan ito ng main na proyekto ng gobyerno – DPWH.",Property Disputes
"3-9-24 Kakausapin 'yung may-ari ng kabilang lupa tungkol sa kanilang bahay bago sumapit ang Lunes, Marso 11, 2024.",Property Disputes
3-11-24 Ayon kay G. _ ay nabatian niya na pinutol na ang mga puno ng Rambutan (o pinulay) ang mga puno. Ayon pa rin sa kanya _ na baka mahaprusa 'yung may-aring lupa kung saan nakatanim ang mga Rambutan.,Property Disputes
3-11-24 Nais ni G. _ na mayron ang mga papel lalo't ang lupa ng Estado bago makumpirahan ang FMR.,Property Disputes
3-19-24 Ipinaalam naman ni G. _ sa may-aring lupa na si _ na dapat ay pupuntahan muna ni G. _ ang lupa niyang dadaanan ng FMR para kung saan ito idadaan ang kalsada. Dapat puntahan ang mga punong Rambutan.,Property Disputes
"3-19-24 Nagharap sina pamilya _, kasama si _, at ang pamilya ni _, sa daan na diumano ay siyang magiging daan patungo sa lupa ng mga _ — 'yung mas malaki ang daan sa bandang ilaya, subalit wala namang naka-site kung alin ang daan na puwede nilang daanan (Right of Way).",Property Disputes
4-1-24 Ang nais ng kabilang panig _ kung alin at ano ang dapat gawin para sa lupang daanan.,Property Disputes
"4-2-24 Nagtanong ang taga-pagsabi ng _, kung puwedeng ibigay ang daang 2 sq.m. sa kabilang lugar, at dadaan sa harap ng bahay ng mga _. Sa dahilang payag na ang _ sa mga lupang daan na sila dadaan.",Property Disputes
"3-20-24 Ayon sa anak ni Gng. _ ay magtatanong muna sila sa abogado para sa legal na usapin, at muli ay mag-uusap sila sa harap ng Punong Barangay bukas (March 14, 2024), 9:00 AM.",Family Matters
3-23-24 At muli ay iginiit ng mga _ na may pending case pa ang lupang pinag-uusapan o ang lupang dadaanan.,Property Disputes
"3-28-24 Pag-uusap sa pagitan nina _ at _, na:Ayon kay Gng. _ na nagtiwala siya kay _ noon pang 2023, na sa ngayon ay may balance ₱6,280 (mula utang); at si _ ay puro ""parang ako"" ang sinasabi, sa mag-aaway, na magbabayad siya.Ayon kay _ ay walang talaga siyang ibabayad sa panahon ngayon, at ayon kay _, ay hintayin lamang ang kanyang pag-aalis at magbabayad talaga siya sa kanyang utang.Ayon kay _ na sana ay bago umalis si _ ay mabayaran muna ang utang; at ayon kay _ ay wala talaga, sapagkat 'di pa nakabayad, at wala talaga siyang mapagkukunan.",Money/Debt Disputes
"3-30-24 Ayon sa _, ay payag silang magbigay ng lupa para sa dadaanan, punta sa lupa ng mga _; ayon sa value ng lupa, daan sa harapan ng mga _, at ito ay babakuran ng mga _-_ para maayos ang daan, at kita na 'yun talaga ang Right of Way patungo sa lupang _-_.",Property Disputes
"4-1-24 Nagharap sa Tanggapan ng Punong Barangay si G. _ at Gng. _, may mga sapat na gulang, upang pag-usapan ang reklamo ni G. _ kay Gng. _ na:Diumano ay kung anu-ano raw ang mga sinasabi ni _ tungkol kay Mrs. _, ngunit ang lahat ay itinanggi ni G. _.",Property Disputes
"4-3-24 Sa sinumang kinauukulan,Nagtungo sa Tanggapan ng Punong Barangay si G. _, may sapat na gulang, taga-Purok 3, Brgy. Ayusan 1, Tiaong, Quezon, upang ireklamo si _, taga-Purok 5 ng Barangay Ayusan 1, Tiaong, Quezon, may sapat na gulang, na walang pag-liko ng hindi nagflash (signal) sa may kanto patungong school, na kani-kani ang oras ay humigit-kumulang 8:19 ng umaga, habang siya ay paliko-paitaas ng dumating ang motor ni _, na hindi nagflash kung siya ay dederetso o liliko. Sa dahilang walang flasher, biglang liko ng motor ni _, at doon bumangga sa motor ni _ si _, at bumagsak si G. _ dahilan sa pagkabangga.",Property Disputes
"4-8-24 Ako po si _, may sapat na gulang at naninirahan sa Lungsod ng Lucena, ay dumudog sa tanggapan ng Barangay Ayusan 1 upang maghain ng reklamo sa mga taong sumusunod na nagkakahalaga ng ₱210.00 bawat sako ng semento at ₱650.00 bawat piraso ng penolec. At eto pagnanakaw at pagbili ng nakaw ay naganap noong nakaraang linggo, March 26, 2024. Ako po ay humihingi ng aksyon na dito sa tanggapan ng Barangay Ayusan 1 na mabigyan ng kalutasan ang usapin na ito.",Petty Criminal Offenses
"4-3-24 Ako si _, may sapat na gulang, taga-Ayusan 1, Tiaong, Quezon, naghain ng reklamo kay _, sa kasong tagkang pagnanakaw. Nahuli ko na pulit na bumubukbok ay tuwarto to inagang ko ang mga henok nyang mga sust ng bahay ko.",Petty Criminal Offenses
"4-9-24 Sa sinumang kinauukulan,Nagtungo sa Tanggapan ng Punong Barangay si G. _, may sapat na gulang, taga-Brgy. Palagaran, Tiaong, Quezon, upang ireklamo si _ aka Don _ sa walang pagnanakaw ng 2 battery ng truck.",Petty Criminal Offenses
"4-20-24 Sa sinumang kinauukulan,Nagtungo sa Tanggapan ng Punong Barangay si _, may sapat na gulang, taga-Sitio Galong. Katimala ni G. _, upang ipaalam na ang kanilang bakuran ay pinasok noong ika-16 ng Abril, 2024, humigit-kumulang 10:00 ng gabi. Kita niya na may taong pumasok at ang mga aso ay nagtahulan, at ikinabukasan ay bawan ang mga punta ng niyog.",Property Disputes
"4-26-24 Nagtungo sa Tanggapan ng Punong Barangay si _, 25 taong gulang, mag-asawa, naninirahan sa Purok 1, Brgy. Ayusan 1, Tiaong, Quezon, upang sampahan ng reklamo ang kanyang Ama, _, sa balang pagkabantang papatayin ang kanyang Ina na si _.",Neighbor Disputes
"4-27-24 Na ngayon ang oras na ika-12:00 ng tanghali ay dumating si _, sa bahay ng kanyang Ina, na itinanong kay _ kung siya ay tatanggayin _ pa. Ang sagot ni _ ay ""Hindi Na."" Biglang nagwala si _, at pinagbantaan si _ na papatayin. Subalit inawat ng isang anak na lalaki ni _ na si _.",Neighbor Disputes
"4-25-24 Bago umalis si _ ay nagbanta pa na ""BABALIKAN AS PAPATAYIN si _.""",Neighbor Disputes
"4-27-24 Nagtungo sa Tanggapan ng Punong Barangay si _, kapatid ni _ upang magbayad ng halagang ₱10,000 para sa motor na sinakyan ni _ at ito ay maaksidente.",Money/Debt Disputes
"5-3-24 Nagtungo sa Tanggapan ng Punong Barangay si _ upang isumbong o ireklamo si _, sa dahilan sinaktan ni _ ang inang si _.",Petty Criminal Offenses
"5-3-24 Sa sinumang kinauukulan,Nagtungo na Tanggapan ng Punong Barangay si Gng. _, may sapat na gulang, taga-Brgy. Bunoy, Tiaong, Quezon, upang ireklamo ang mag-amang _ at ang anak na si _. Kahapon ang oras ay humigit-kumulang alas-5:00 ng hapon, nang si Gng. _ ay pumunta sa lupa ng kanyang inang si Gng. _, tiningnan ang site sa inardong lupa; dahil may mga hayop na nandoon, tulad ng mga manok, kambing at aso; at ina-advice niya ni _ na puki-alisan ang mga hayop; ang sabi ng mag-ama ay sa kante ra lang mag-usap; at habang _ sinasabi niya iyon ay vini-videoan nga ako na walang consent.",Property Disputes
"5-9-24 Sa sinumang kinauukulan,Nagtungo sa Tanggapan ng Punong Barangay si _, may sapat na gulang, may asawa, taga-Purok 3 ng Brgy. Ayusan 1, Tiaong Quezon, upang ipaaalam na si G. _ ay primero bantaan ang buong pamilya na papatayin, noong May 18, 2024. Kaya ipinaalam ang sumbong na ito upang kung sakaling may mangyaring harm sa kanilang pamilya, ay si G. _ ang unang tatanungin.",Neighbor Disputes
"No DATE Nagtungo at nagharap sa tanggapan ng Punong Barangay sina -- at -- kaugnay ng utang at hindi pagbabayad. Napagkasunduan na magbabayad si -- ng halagang 1,000 piso bawat buwan hanggang sa mabayaran ang buong halagang 24,675 piso. Sa bahagi naman ni --, siya ay magbabayad ng 500 piso bawat buwan, at naipon na ang kanyang utang na umabot sa 9,900 piso. Ito ang nagsilbing kasunduan at patunay ng kanilang napag-usapan.",Money/Debt Disputes
"5-30-24 Nagharap sa tanggapan ng Punong Barangay ang magkabilang panig: sina -- at --, kaugnay ng isinumbong na reklamo. Mga nilalaman at pinag-usapan: Ang mga gamit ni -- na kinuha ni -- ay iniwan lamang nito at naiwan sa loob ng kanilang apartment. Ang paratang na pagdadala ng ibang babae ni -- sa kanilang tinutuluyan ay itinanggi nito at sinabing walang katotohanan ang ganoong paratang.",Family Matters
"5-20-24 Nagsalaysay sa tanggapan ng Punong Barangay si --, nakatira sa Ayusan 1, upang ibahagi ang kanyang reklamo. Ipinahayag niya na may mga gamit at kagamitan siya na kinuha at itinago ni --, pati na rin ang pagdadala nito ng ibang babae sa kanilang tinutuluyang apartment at ang patuloy na pananakit at pananamantala sa kanya. Idinagdag din niya ang pag-aayaw at hindi pagpapalaya ni -- sa kanya.",Family Matters
5-20-24 Nagtungo si _ sa tanggapan ng Punong Barangay upang ipagbigay alam na nawawala ang kanyang isang manok na panabong na huling nakita sa kanilang bakuran noong gabi.,Property Disputes
"6-1-24 Reklamo ni _ laban kay _ dahil sa hindi pa nababayarang utang na halagang 5,000 pesos kahit ilang beses na itong sinisingil.",Money/Debt Disputes
6-10-24 Nagtungo si _ upang ireklamo si _ dahil sa palagi umanong pagpaparinig at pagsasabi ng masasakit na salita sa kanya.,Property Disputes
6-17-24 Nagharap ang magkabilang panig tungkol sa hindi pagkakaunawaan sa hangganan ng kanilang lupa at napagkasunduan na ipasukat ito.,Property Disputes
6-17-24 Ayon kay _ ay pumasok ang mga alagang baka ni _ sa kanyang taniman at nasira ang ilan sa kanyang mga pananim.,Property Disputes
6-18-24 Nagtungo si _ upang ireklamo si _ dahil sa hindi nito natapos ang ipinagawang bakod kahit nakapagbigay na siya ng paunang bayad.,Property Disputes
6-19-24 Reklamo ni _ laban kay _ dahil sa umano'y pagbabanta matapos silang magkaroon ng pagtatalo.,Neighbor Disputes
"6-19-24 Nagtungo si _ sa tanggapan ng Punong Barangay upang ipagbigay alam na may nawawalang pera sa kanyang aparador na nagkakahalaga ng humigit kumulang 10,000 pesos.",Money/Debt Disputes
No Date Ayon kay _ ay may mga kabataan na nag-iinuman sa tapat ng kanilang bahay at gumagawa ng ingay tuwing gabi.,Neighbor Disputes
6-20-24 Nagsadya si _ upang ireklamo si _ dahil sa hindi pa nito naibabalik ang kanyang hiniram na generator.,Property Disputes
6-20-24 Nagharap sina _ at _ tungkol sa hindi pagkakaunawaan sa paggamit ng daanan papunta sa kanilang lupa.,Property Disputes
6-25-24 Reklamo ni _ laban kay _ dahil sa hindi pagbabayad sa ipinagawa nitong bubong ng bahay.,Contract Disputes
6-27-24 Nagtungo si _ sa barangay upang ireklamo ang mga post ni _ sa Facebook na nakakasira umano sa kanyang pangalan.,Property Disputes
"6-27-24 Nag-usap ang magkabilang panig tungkol sa utang na halagang 15,000 pesos at nangako si _ na maghuhulog buwan-buwan.",Money/Debt Disputes
6-29-24 Nagsadya si _ upang ipaalam na may sumirang hindi kilalang tao sa kanilang bakod.,Property Disputes
7-1-24 Reklamo ni _ laban kay _ dahil sa hindi pagsasauli ng kanyang hiniram na cellphone.,Money/Debt Disputes
7-1-24 Ayon kay _ ay palaging nagtatapon ng basura si _ malapit sa kanyang bahay.,Neighbor Disputes
7-2-24 Nagtungo si _ upang ireklamo si _ dahil sa pananakit umano sa kanya habang sila ay nagtatalo.,Family Matters
7-3-24 Nagharap ang magkabilang panig tungkol sa ipinahiram na pera na hanggang ngayon ay hindi pa nababayaran.,Money/Debt Disputes
7-4-24 Nagsadya si _ sa barangay upang ipagbigay alam na nawawala ang kanyang pitaka na may lamang pera at mga ID.,Petty Criminal Offenses
7-7-24 Reklamo ni _ laban kay _ dahil sa hindi pagbibigay ng kabayaran sa kanyang ginawang trabaho.,Money/Debt Disputes
8-8-24 Ayon kay _ ay may mga taong naghahagis ng bato sa kanilang bubong tuwing gabi.,Petty Criminal Offenses
8-8-24 Nagtungo si _ upang ireklamo si _ dahil sa pagputol umano ng puno sa kanyang lupa nang walang pahintulot.,Property Disputes
7-10-24 Nagharap sina _ at _ tungkol sa hindi pagkakaunawaan sa minanang lupa ng kanilang pamilya.,Property Disputes
7-10-24 Nagsadya si _ upang ipagbigay alam na nawawala ang kanyang isang gasul sa kusina.,Property Disputes
7-17-24 Reklamo ni _ laban kay _ dahil sa hindi pagbabayad ng upa sa bahay sa loob ng apat na buwan.,Money/Debt Disputes
7-17-24 Ayon kay _ ay nasira ang kanyang motorsiklo matapos hiramin ni _.,Money/Debt Disputes
7-21-24 Nagtungo si _ sa tanggapan ng Punong Barangay upang ireklamo si _ dahil sa paninira umano sa kanyang pangalan sa kanilang lugar.,Property Disputes
7-18-24 Nag-usap ang magkabilang panig tungkol sa ipinagawang gate na hindi pa natatapos hanggang ngayon.,Contract Disputes
7-21-24 Reklamo ni _ laban kay _ dahil sa hindi pagsasauli ng kanyang hiniram na welding machine.,Money/Debt Disputes
7-23-24 Nagtungo si _ upang ireklamo si _ dahil sa palagiang pagparada ng sasakyan sa tapat ng kanilang gate.,Property Disputes
7-24-24 Nagharap ang magkabilang panig tungkol sa nasirang bakod matapos umatras ang sasakyan ni _.,Property Disputes
7-28-24 Reklamo ni _ laban kay _ dahil sa hindi pagtupad sa kanilang usapan tungkol sa pagbili ng motorsiklo.,Property Disputes
8-1-24 Ayon kay _ ay may taong gumagamit ng kanyang larawan sa Facebook nang walang pahintulot.,Property Disputes
8-2-24 Nagtungo si _ upang ireklamo si _ dahil sa paulit-ulit na pagmumura sa kanya sa harap ng ibang tao.,Neighbor Disputes
8-4-24 Nag-usap ang magkabilang panig tungkol sa hindi pa nababayarang balanse sa ipinagawang kabinet.,Contract Disputes
8-10-24 Ayon kay _ ay may mga batang umaakyat sa kanilang bakod at pumapasok sa kanilang bakuran.,Property Disputes
8-11-24 Nagtungo si _ upang ipagbigay alam na nawawala ang kanyang ATM card.,Property Disputes
8-15-24 Nagharap sina _ at _ tungkol sa hindi pagkakaunawaan sa isang lote na kapwa nila inaangkin.,Property Disputes
8-18-24 Reklamo ni _ laban kay _ dahil sa hindi pagsasauli ng kanyang hiniram na chainsaw.,Money/Debt Disputes
8-20-24 Ayon kay _ ay may kapitbahay siyang nagsusunog ng basura na nagdudulot ng makapal na usok.,Neighbor Disputes
"8-20-24 Nagtungo si _ upang ireklamo si _ dahil sa hindi pagbabayad ng kanyang utang na 20,000 pesos.",Money/Debt Disputes
8-28-24 Reklamo ni _ laban kay _ dahil sa pananakot umano gamit ang text message.,Neighbor Disputes
No Date Nagsadya si _ upang ipagbigay alam na nawawala ang kanyang alagang pusa na ilang araw nang hindi umuuwi. Ayon sa kanya ay matagal na nilang alaga ang nasabing pusa at huling nakita ito sa may kalapit na purok.,Property Disputes
8-29-24 Nagharap ang magkabilang panig tungkol sa hindi pagkakaunawaan sa paggamit ng poso. Ayon kay _ ay hindi siya pinapagamit ng tubig ni _ kahit dati naman silang nagkakasundo. Napagkasunduan na muling pag-usapan ang tamang paggamit nito.,Contract Disputes
9-2-24 Reklamo ni _ laban kay _ dahil sa hindi pagbabayad sa kanyang inaning niyog. Ayon sa nagrereklamo ay matagal nang nakuha ang mga niyog ngunit hanggang ngayon ay wala pa rin siyang natatanggap na kabayaran.,Money/Debt Disputes
9-4-24 Ayon kay _ ay may taong palaging nakatayo sa tapat ng kanilang bintana tuwing gabi. Dahil dito ay natatakot ang kanyang pamilya lalo na ang kanyang mga anak. Hinihiling niya na mabigyan ito ng kaukulang aksyon.,Family Matters
9-4-24 Nagtungo si _ upang ireklamo si _ dahil sa pananakit umano sa kanyang menor de edad na anak. Ayon sa kanya ay nagkaroon ng pagtatalo na nauwi sa pananakit. Nais niyang maayos ito sa barangay.,Family Matters
9-6-24 Nag-usap ang magkabilang panig tungkol sa hindi pa naibibigay na materyales para sa solar panel na kanilang binayaran. Ayon sa nagrereklamo ay matagal na siyang nakapagbigay ng bayad ngunit hindi pa rin naibibigay ang napagkasunduang kagamitan.,Contract Disputes
9-6-24 Reklamo ni _ laban kay _ dahil sa hindi pagsunod sa napagkasunduang hulog sa utang. Ayon sa kanya ay ilang buwan nang walang naibabayad ang inireklamo kahit nangako itong maghuhulog kada buwan.,Money/Debt Disputes
9-8-24 Nagtungo si _ upang ipagbigay alam na may sumirang hindi kilalang tao sa kanyang mga tanim na gulay. Ayon sa kanya ay marami sa kanyang tanim ang natapakan at nasira nang kanyang puntahan ang kanyang taniman.,Property Disputes
9-10-24 Reklamo ni _ laban kay _ dahil sa hindi pagbabayad sa ipinagawang kisame ng bahay. Ayon sa kanya ay natapos na ang trabaho ngunit hindi pa rin siya nababayaran hanggang ngayon.,Contract Disputes
9-19-24 Nagtungo si _ upang ireklamo si _ dahil sa umano'y pagkuha ng kuryente nang walang pahintulot. Ayon sa kanya ay may nakakabit na linya mula sa kanyang bahay patungo sa kabilang bahay.,Family Matters
9-24-24 Reklamo ni _ laban kay _ dahil sa hindi pagsasauli ng kanyang hiniram na pera. Ayon sa kanya ay mahigit isang taon na ang nakalipas ngunit wala pa ring naibabalik kahit bahagi ng utang.,Money/Debt Disputes
10-2-24 Nagtungo si _ upang ipagbigay alam na may mga taong nagkakaraoke hanggang madaling araw. Ayon sa kanya ay ilang residente na ang naaabala ngunit nagpapatuloy pa rin ang malakas na ingay.,Neighbor Disputes
10-3-24 Nagharap ang magkabilang panig tungkol sa hindi pagkakaunawaan sa pagmamay-ari ng isang puno ng niyog. Pareho nilang sinasabi na nasa kanilang lupain ang nasabing puno.,Property Disputes
10-7-24 Nagtungo si _ upang ireklamo si _ dahil sa paninira umano sa kanyang tindahan. Ayon sa kanya ay may mga salitang ipinapakalat ang inireklamo na nakakasira sa kanyang kabuhayan.,Neighbor Disputes
10-7-24 Nag-usap ang magkabilang panig tungkol sa hindi pa nababayarang serbisyo sa paggawa ng bubong. Nangako ang inireklamo na magbibigay siya ng kabayaran sa napagkasunduang petsa.,Contract Disputes
10-7-24 Reklamo ni _ laban kay _ dahil sa hindi pagsasauli ng kanyang hiniram na speaker. Ayon sa kanya ay ilang buwan na itong nasa pangangalaga ng inireklamo ngunit hindi pa rin naibabalik.,Money/Debt Disputes
10-10-24 Nagharap sina _ at _ tungkol sa reklamo sa hindi tamang paglalagay ng bakod. Ayon sa nagrereklamo ay lumagpas umano ang bakod sa kanyang bahagi ng lupa. Napagkasunduan na muling susukatin ang hangganan upang maiwasan ang alitan.,Property Disputes
10-11-24 Reklamo ni _ laban kay _ dahil sa hindi pagbibigay ng suporta sa kanilang anak. Ayon sa kanya ay matagal nang hindi nagbibigay ng tulong pinansyal ang inireklamo para sa pangangailangan ng kanilang anak.,Family Matters
10-13-24 Ayon kay _ ay may mga taong umiinom ng alak sa gilid ng kalsada gabi-gabi. Dahil dito ay nagkakaroon ng ingay at minsan ay nagkakaroon pa ng pagtatalo na nakakaabala sa mga residente.,Neighbor Disputes
10-13-24 Nagtungo si _ upang ireklamo si _ dahil sa hindi pagbabayad ng kanyang buwanang hulog. Ayon sa kanya ay ilang buwan nang walang ibinabayad ang inireklamo kahit may nauna na silang kasunduan.,Money/Debt Disputes
10-15-24 Nag-usap ang magkabilang panig tungkol sa hindi natapos na pagpapagawa ng tindahan. Ayon sa nagrereklamo ay nakapagbigay na siya ng paunang bayad ngunit hindi pa rin natatapos ang ipinagawang proyekto.,Contract Disputes
10-18-24 Reklamo ni _ laban kay _ dahil sa pagharang umano sa daan papunta sa kanyang lupa. Ayon sa kanya ay nahihirapan siyang makapasok at makapaglabas ng mga gamit dahil sa ginawang harang.,Property Disputes
10-25-24 Nagtungo si _ upang ipagbigay alam na may nagkalat umano ng maling impormasyon laban sa kanya sa Facebook. Ayon sa kanya ay maraming nakakabasa ng mga post na ito at nakakasira sa kanyang pangalan.,Property Disputes
11-1-24 Nagharap ang magkabilang panig tungkol sa hindi pagkakaunawaan sa isang kontrata sa paggawa ng bahay. Ayon sa nagrereklamo ay hindi natapos ang napagkasunduang trabaho kahit nakapagbigay na siya ng kabayaran.,Contract Disputes
11-3-24 Reklamo ni _ laban kay _ dahil sa hindi pagsasauli ng kanyang hiniram na bisikleta. Ayon sa kanya ay ilang beses na niya itong siningil ngunit hindi pa rin ito naibabalik hanggang sa kasalukuyan.,Money/Debt Disputes
11-7-24 Ayon kay _ ay may mga alagang aso na pumapasok sa kanyang bakuran at sumisira sa kanyang mga halaman. Ilang beses na umano niya itong sinabi sa may-ari ngunit hindi pa rin ito naaaksyunan.,Property Disputes
11-11-24 Nagtungo si _ upang ireklamo si _ dahil sa umano'y paninilip sa kanilang bintana tuwing gabi. Ayon sa kanya ay ilang beses na nila itong napapansin kaya natatakot na ang kanyang pamilya.,Family Matters
11-11-24 Nag-usap ang magkabilang panig tungkol sa hindi pa nababayarang balanse sa pagbili ng lupa. Nangako ang inireklamo na magbibigay siya ng bayad sa loob ng itinakdang panahon.,Property Disputes
11-15-24 Reklamo ni _ laban kay _ dahil sa hindi pagbabalik ng kanyang hiniram na makina. Ayon sa kanya ay kailangan na niya ito sa kanyang trabaho ngunit hindi pa rin ito isinasauli.,Contract Disputes
11-20-24 Nagtungo si _ upang ipagbigay alam na may nasirang bahagi ng kanyang bahay dahil sa ginagawang konstruksyon sa katabing lote. Ayon sa kanya ay nagkaroon ng bitak sa pader matapos magsimula ang paghuhukay.,Neighbor Disputes
11-20-24 Nagharap sina _ at _ tungkol sa hindi pagkakaunawaan sa paggamit ng balon. Ayon sa magkabilang panig ay pareho nilang ginagamit ang balon kaya humingi sila ng tulong upang magkaroon ng maayos na kasunduan.,Property Disputes
11-15-24 Reklamo ni _ laban kay _ dahil sa hindi pagbabayad sa ipinagawang hollow blocks. Ayon sa kanya ay natanggap na ng inireklamo ang mga materyales ngunit hindi pa rin ito nagbibigay ng kabayaran.,Money/Debt Disputes
11-19-24 Ayon kay _ ay may taong paulit-ulit na nagmamasid sa kanilang bahay tuwing gabi. Dahil dito ay nag-aalala ang kanyang pamilya para sa kanilang kaligtasan at nais niyang maimbestigahan ang pangyayari.,Neighbor Disputes
11-19-24 Nagtungo si _ upang ireklamo si _ dahil sa hindi pagsunod sa kanilang napagkasunduan sa barangay tungkol sa pagbabayad ng utang. Ayon sa kanya ay hindi tinupad ng inireklamo ang napag-usapang hulugan.,Money/Debt Disputes
11-24-24 Nag-usap ang magkabilang panig tungkol sa pagkawala ng ilang gamit sa kanilang inuupahang bahay. Ayon sa nagrereklamo ay may mga gamit na hindi na niya nakita nang siya ay lumipat ng tirahan.,Property Disputes
12-15-24 Reklamo ni _ laban kay _ dahil sa umano'y pagbabanta matapos ang kanilang pagtatalo sa lupa. Ayon sa kanya ay may mga salitang binitiwan ang inireklamo na naging dahilan upang siya ay matakot.,Neighbor Disputes
"12-14-24 Ayon kay _ ay may nawawalang pera sa kanyang bag na nagkakahalaga ng humigit kumulang 7,000 pesos. Napansin niya lamang ito nang kanyang buksan ang bag matapos siyang makauwi.",Money/Debt Disputes
12-19-24 Nagtungo si _ sa tanggapan ng Punong Barangay upang ipagbigay alam ang kanyang reklamo laban kay _. Ayon sa kanya ay may hindi pa sila nareresolbang usapin tungkol sa utang at ilang beses na silang nagkaroon ng pag-uusap ngunit wala pa ring naging kasunduan. Dahil dito ay humihingi siya ng tulong sa barangay upang maayos ang kanilang problema at magkaroon ng pinal na kasunduan.,Money/Debt Disputes
"DAGATAN 188 NICS Nag-usap sina -, -, -, at - tungkol sa hangganan at sukat ng lupa na inaangkin at pinag-aagawan. Napagkasunduan na simula ngayong taon 2024, ay igagalang at susundin na ang tunay at wastong hangganan ng lupain ayon sa nakasaad at nakatala, at wala nang hihingi o aangkin ng higit pa rito.",Property Disputes
"Sa dakong ito, nagkaroon ng kaunting gulo at pagtatalo ang mga nabanggit na tao dahil lamang sa simpleng hindi pagkakaunawaan. Napagkasunduan nilang magtulungan at magkaroon ng pagkakaisa, at sila ay maglilingkod at magbibigay ng serbisyo sa komunidad bilang kabayaran at pagbabago.",Contract Disputes
"Nagtungo sa tanggapan ng punong barangay si -, may sapat na gulang, upang ipaalam at isumbong na siya ay binigyan ng kasuutan ng materyal, at siya ay natumba at nasaktan, at sinasabing minamanipula at sinisira ang kanyang pangalan at reputasyon. Nakakita rin siya ng mga katibayan at patunay, at siya ay hinihinalaan. Naghahanap ng katotohanan at nais malaman ang tunay na nangyari.",Property Disputes
"Nagtungo sa tanggapan ng barangay si -, may sapat na gulang, kasama si -, upang ipagbigay-alam at ireklamo na si -, ay hindi tumupad sa kanyang pangako na ibibigay at ibabalik ang halagang 20,000 piso, at hindi rin ito lumabas o umuwi sa kanilang bahay, bagaman mayroon itong usapan at kasunduan na dapat bayaran at ibigay ang nasabing halaga. Nabatid lamang na nasa labas at hindi matagpuan si -, kaya’t nais lamang na maayos at mapag-usapan nang maayos at mapagkasunduan ang usaping ito.",Contract Disputes
"Tumungo sa tanggapan ng Punong Barangay si -, kasama si -, upang ipaalam na nasira ang bahay nina - at -, at nabagsakan ng puno at niyog dahil sa malakas na hangin. Nangyari ito noong ika-17 ng Disyembre 2023, bandang alas-1:30 ng hapon. Dumating din ang mga kinatawan ng barangay upang suriin at makita ang pinsalang nangyari sa bahay at ari-arian ng mga nasaktan.",Property Disputes
"Reklamo/Sumbong: Paglabag ng tapat ng kuryente Nag tungo sa tanggapan ng punong barangay si may sapat na gulong, taga sitio Salong upang ireklamo at magsumbong sa pagkawala ng kanyang tapat ng kuryente noong isang-araw na siya ay umuwi - lumutang ala una ng madaling araw o maaga na kaninang mga 12:28 ng madaling araw at may ilaw pa sila at nang bandang 1:30 am ay wala na silang ilaw, at pagkatapos niyo kaninang umaga na ang oras ay humigit kumulang ala 6 ng umaga ay noon niya nalaman na wala silang kuryente sa datingan ng kanilang kapitbahay ay may kuryente, at nang oras ay 7:40 am ay lumuwang na rin sila kung saan nandoon sa may labanan ay poste ng kanilang linya, at napag-alaman na nibalok na pala ang kanyang linya na yari malaki pa na strand #10 ang kinuha o ninakaw. Ipinasok niya ito sa barangay at baka matuntun pa ito sa pamamagitan ng dery.",Petty Criminal Offenses
"Nagpunta sa tanggapan ng Punong barangay si - - - - ng bahay ni - - - - na nawalan din ng tinda ng kuryente strand #10 na hinala kadaan ay pagnanakaw ng linya ni - - - -, na nangyari din kaninang noong isang-araw na siya ay humigit lumutang ala-una ng madaling araw. (12–20, 2023) Siya ay nagpatunay din ng kanyang linya at napag-alaman din nga niya na nawala ang kanyang linya. Pinatunayan isinusumbong niya ito sa Tanggapan ng Punong Barangay at baka sakaling matuntun ito sa pamamagitan ng CCTV, cameras bilang patunay sa sumbong na ito, ay niya sa daloykto sa ibaba ng sumbong na ito.",Petty Criminal Offenses
"Nagtungo sa Tanggapan ng Punong Barangay si pareng - - -, may sapot na gilutery, taga Purok 3 ng Barangay Dayateran upang isampahay ang reklamo ni - - -, na ukol sa Cyber Bullying, Pampahiya sa Facebook at Libel, at dulot ng pangyayaring kayabihan na ang oras ay humigit kumulang 11ka ng gabi. Nais maharap sa harap ng punong barangay si - - - sa tulong madaling panahon.",Property Disputes
"Nagtungo sa Tanggapan ng Punong Barangay si - - - -, taga Purok 1 ng Barangay Dagatan, Bayan, Lupon, upang ipaalam, na ang kanyang mga manok na parabing ay nawawala, na sa bahay ni - - - - ay nawawala bandang umaga kanina (Disyembre 22, 2023), wala naman siyang inereklamong dahilan kung bakit nawawala, niya ito nakitang kinuha o ninakaw, kanyang pinaghihinalaan lamang na barangay ang naging pagnanakaw sa kanyang mga manok.",Petty Criminal Offenses
"Abril 24, 2023 Nagtungo sa tanggapan ng Punong Barangay si -, may sapat na gulang, may –asawa, naninirahan sa Purok 1 ng barangay na ito upang sampahan ng balik na reklamo si -, ng Purok 1 sa salang ""PAGBIBINTANG AT TRESPASSING"". Nangyare, ang pagbibintang at trespassing noong ika-22, ng Abril, 2023 ang oras ay sa tanghaling tapat, habang silang (-) mag-asawa ay mga apo ay natutulog. Binuksan bigla ang pinto ng bahay nina - sa ibabay pagmumura at pagbibintang na ninakaw na nga nina - ang laruang Besikleta ng anak ni - at kung iyon pala ay nasa ilim ng kubo. Nais ni -, na makaharap at makausap si - sa harap ng Punong Barangay sa lalong madaling panahon.",Petty Criminal Offenses
"Nagtungo sa Himpilan ng Punong Barangay si -, may sapat na gulang, at nasa hustong gulang, upang ibigay alam ang nangyari noong araw na ito (Mayo 18, 2019) ganap na humigit kumulang alas 11:20 ng umaga ay nabangga ang cable wire ng DDC - CATV at 2 panang dumejorkat, ang nakakabit ay ang 4M Trucking - Lucena City at ang driver ng nasabing truck ay si -, mula sa Tanza, Lucena City, ang insidente ito ay nangyari sa Purok 1, sa may Daungan, Dagatan, Diffun, Quezon.",Family Matters
"Nagtungo sa himpilan ng Punong Barangay si -, 36 taong gulang, may asawa at naninirahan sa Purok 4, Brgy. Dagatan, Diffun, Quirino upang i-perg ang isang insidenteng nangyari: Na kaninang araw ay humigit kumulang alas 1 ng madaling araw, habang minamaneho ang kanyang sasakyan, na Toyota Wigo, na binabagtas ang National Road na patungo sa Barangay Dagatan, Diffun, Quirino ay biglaang may tumawid na baka sa kalsada, dahil sa biglang pangyayari ay na imain-san ang pagkakadepensa ng ibang sasakyan, at bigla nyang kinabig pakakanan na nagging dahilan ng pagkakarampok / pagkasira ng kanyang sasakyan sa concrete plant box na nakahatayo sa may ""shoulder lane"", at dito naresolba pangyayaring ito, at ang naging resulta ay ang pagkasira / sobrang pagkasira ng sasakyan na kanyang pag-aari, at ang gabitio na di pa maayos makik.",Family Matters
"Nagtungo sa himpilan ng Punong Barangay si -, may asawa at naninirahan sa Purok 1 ng Barangay Dagatan upang isumbong si - Ukol sa pangyayari noong Mayo ika-21 ng Mayo, ang araw ay humigit kumulang alas 9 ng gabi, si - ay nagmumura tungo sa kawayan at ang sabi niya sa nasasakupan na sa kanyang may tanim na niyog at saging, sa pagbabakuran na kabilit ado ay hindi makalusot at ang mga hayop na alaga ni - ay may pagbababadbadan at alpas kahit na may bakuran, at kinu ni - ay inaynetto na tinitiktikan ni - at kanyang manok at kalapati. Bilang patunay ay ilalagda sa ibaba ng nagsasaysay na ito.",Neighbor Disputes
"Nagtungo sa himpilan ng Punong Barangay si -, may asawa, may sapat na gulang, taga Purok 1, ng Barangay Dagatan, Dolores, Quezon, upang ireklamo si - ukol sa mga manok ni - ay nare ilihim sa lugar nina - noong Sabado ng umaga, humigit kumulang alas 6 ng umaga ika-9 ng Pebrero, nakita ng asawa ni - na ang manok kuli ang paa, at noong gabi dumating ang anak ni - noong oras ay humigit kumulang alas 7 ng gabi, at ang anak ni - ay nagtahi at umuupo sa tabi upang, bumili ng alak at nakitang umiinom at pinapainom sa loob ng bahay, kanyang binilihan ang anak ni -, ipinatok ang manok ng bali- bali na sa asawa ni -, at tumanggi ang anak ni - sa naggawi ng manok, sa dakong ang anak ni - ay 2 araw na naka-duty sa trabaho, at nang tumanggi ang anak ni - (-) ay sinumbunan ni - si -, at tuwing mawawalan ng manok si - ay si - ang pinagbibintangan.",Family Matters
"Nagtungo sa himpilan ng Punong Barangay si -, may asawa, may sapat na gulang, taga Purok 4, ng Brgy. Dagatan, Dolores, Quezon, upang ireklamo ang anak ni - mula Brgy, dahil pinaghihinalaan na may kinalaman sa pangyayari kung saan nahanap na si - (di kilala) na anak ni - na nakatira sa dating tirahan sa dakong silangan, at pito ni - ay biktima ng koton sa tapat ng bahay ni - na makita, at katabi-tabi ni - na walang naisabi, habang ang kabit-kabitan ang anak nila - ay napatunayan na patunay ay ilalagda sa ibaba ng salaysay na ito, at nais na kaukulan ng Punong Barangay na matugunan samantalang panahon.",Family Matters
"nagtungo sa tanggapan ng punong barangay si -, may sapat na gulang at naninirahan sa barangay maigca-a, dupax, nueva vizcaya. ukol itinanan na ipagtapat ang kanyang naranasan: itinuro ang nakuhaan ng mga katulad ng kuryento #10, protector id, neu deisido at pera na nakakuhaan na halagang ₱700. matatandaan noong ika-6 ng mayo, dahil sa kanyang pagpipigil, at itoy agad hinuli ngunit hindi nakita at itoy pinalaki, po ang nakuhaan at hindi na nga ito kaya ibinigay rito sa barangay hall ng dagatan dahil itoy ireregister nang ipasaalin na nakakuhaan ay ibinigay pinasilya kayo, dahil magpatunay sa makakita ng mga ito, at mabuting kung makita ang dagat ito'y makakuha at maipagtapat ko na sa barangay.",Money/Debt Disputes
"nagtungo si - sa tanggapan ng punong barangay sa ganap ng oras 10:30 ng umaga upang ireklamo si - dahil mandadaw sa kabilang pananakit sa kanya at pananakit sa mukha niya. at nangyari ito kagabi sa ganap ng alas 11:00 ng gabi, ika 20 ng hunyo.",Family Matters
"Ang kasunduang ito ay naganap sa tanggapan nina - at -, kapwa naninirahan sa purok 4, sa barangay na ito at kay - at -, 40, taong gulang, may-asawa at naninirahan sa barangay balaleng, d. dolores, quezon. na sila ay nagkasundo na ngayon at wala nang anumang problema at gulo o away, dulot ng pagkakaintindihan at hinihingi ng mga pananalita ni -. malayo, maigi kray al mebili ang lahat ng ginawa at hiniingan ni -, at wala nang magiging panghihimasok paghihiganti at pananakit.",Neighbor Disputes
"kasunduan sa pagitan ni - at -, kapwa naninirahan at taga purok 4, barangay dagatan na si - ay nagtanggap ng (halaga) bilang kabayaran sa kanyang nasirang bahay at gamit na si -, ay pumayag din, pangako ni - sa kanyang buong kalooban noong disyembre, 2019 na hindi na siya gagawa ng anumang kasalanan at sumbong hanggang taong 2020. bilang patunay ay nilagdaan at pagkatay ay lalagyan ng tinta at lagda sa ibaba ng kasunduan.",Contract Disputes
"hulyo 28, 2024 sa pagitan nina - may sapat na gulang, may-asawa, at nakatira sa purok 3, ng barangay na ito, at ang kanyang pinakasalan at si -, may sapat na gulang, may-asawa, at nakatira sa purok 3 pa rin ng barangay na ito, tungkol sa problemang kinakaharap na tungkol sa ""relasyon"". na si - ay sumasang-ayon at tumatanggap ng pasensya sa kanyang ginawa at ipinangako na pangangalagaan naman ni -, ang pangako at pananagutan sa kanyang pamilya, at hindi na magkakaroon ng pang-aaway at pag-aawayan at aayusin na lamang ang magiging problema at aayos naman ang magiging buhay. bilang patunay ay nagkabilang panig ay lagyan lagdaan sa kasunduan na patotoo na nais nila ang magkakasundo at ay wala nang gulo at hidwaan.",Neighbor Disputes
"hulyo 2, 2024 ang kasunduang ito ay naganap sa pagitan ni - at ni -, kapwa taga ibabang purok. na sila ay nagkasundo at ayagui na wala nang problema at away at pinatutunayan na kay ay kasunduan, wala nang anumang paghahabol kay -, at itinuturing na tapos na ang usapan at pagkakaunawaan. at nangyari ang nagkabilang panig na hindi na muling mag-uulit ng anumang problema. bilang patunay ang nagkabilang panig ay nilagdaan sa ibaba nito bilang katibayan ng ganap na kasunduan, sa harap ng punong barangay.",Contract Disputes
"hulyo 3, 2019 nagtungo sa tanggapan ng punong barangay si -, may asawa, may sapat na gulang at nakatirang nakatira sa barangay, binakalan i, narito ngayon para magsampa ng reklamo pananakit laban kay - nangyare ang insidenteng pananakit noong ika 2, ng hulyo, 19, ang oras ay humigit kumulang sa pagitan ng ika 9:00 at 9:30 ng umaga.",Family Matters
"hulyo 3, 2024 nagtungo sa tanggapan ng punong barangay si -, may sapat na gulang, kasal at nakatirang nakatira sa barangay binakalan i, narito ngayon para magsampa ng reklamo pananakit laban kay -, at kasama rin si - nangyare ang pananalakay kailanman ika-2 ng hulyo, 2019 ang oras ay nasa pagitan ng ika-9:00 hanggang 9:30 ng umaga, sa tapat lamang ng kanilang tahanan na sa araw iyon ay pinagsabihan lamang at sinabing nagkakamali lamang at naglalakad si - dala ang kanyang mga anak, na hinamon at nilapitan ni - na tila may masamang balak, at mula noon ay nagsimula na ang gulo at sigawan ang ginawa ni - ay walang ibang dahilan, lalong lalo na wala naman siyang kasalanan at hindi nakapagbigay ng dahilan hindi rin pinansin ang mga pinagsasabihan at pakiusap sa kanya, at tila lalo lamang umapaw ang galit at inis, at humarap si - at nagpatuloy ng pagmumura hindi tumigil sa panggigipit at hamon si - na nagtatalo, at pilititig at nagmumura. hindi tumigil ang paghahamon, umabot na sa puntong may suntok at hampas at biglang sinampal ni - dahil sa pagiging mapusok at masama ang ugali, at sinaktan si - at iba pa",Neighbor Disputes
"hulyo 17, 2024 nagtungo sa tanggapan ng punong barangay si -, 24 taong gulang, may asawa, at kasalukuyang nakatira sa purok iii, binakalan, d.e. dolores, quezon(rural health unit) upang ireklamo at isumbong si -, na nakatira rin sa purok 3, ng barangay na ito, sa pagpaparatang sa kabilang sa walang katotohanan. nagsimula ang kakatibike noong buwan ng hulyo, 2019 na wala sa oras at walang dahilan. noong una ay tinanong kung may dahilan o hindi, at hindi sumasagot at tila lalo lamang gumagawa ng paratang. hindi tumitigil sa pagsisinungaling at pagsasabi ng mga bagay na walang katotohanan, at lalo pa at nagsasabi ng mga bagay na hindi naman totoo.",Family Matters
"aug 16, 2024 nagtungo sa tanggapan ng punong barangay si -, 40 taong gulang, may asawa at nakatira sa purok bautista sito labak, upang ireklamo si - at si -, kapwa mga taga sito labak, may sapat na gulang. ang dahilan: pagbabayad ng utang sa lendi. gustong makaharap ni - sina - at - sa harap ng punong barangay.",Money/Debt Disputes
"nagtungo sa tanggapan ng punong barangay si -, 33, taong gulang, may-asawa, kasalukuyang nakatira sa purok san cristobal, san pablo city dahil sa nasira ang kanyang tanim na kalabaw at niyog ng barangay, at ito ay sa gabi nila alam kung sino ang gumawa. nangyari ang pinanakit kahapon noong biyernes ng gabi ika-19 ng hulyo, 2019, narinig ni - sa kanyang bahay na may narinig na ingay at umalis na lamang ng bahay. ipinapatawag niya sa tanggapan ito na kung sakaling may narinig o nakita man o ibang tao, ay kailangang ang kanyang na mawala, at kanyang isinama ang kanyang nawala sa kanyang kalabasa.",Family Matters
"nagtungo sa tanggapan ng punong barangay si -, may sapat na gulang, may asawa, taga sitio san pablo 2, ng barangay na ito at kasalukuyang guro sa senior high school, upang ireklamo na ang bahay ay ninakawan ng pamamagitan ng pagbasag ng bintana sa bilihan, at ay ninakaw na hindi alam kung sino, na umano'y gawa ng pagbabantay ng taong sadyang may masamang intensyon. ito ay nangyari kagabi ika-18 ng agosto, 2019, sa oras na alas onse ng gabi hanggang 11:55 at 12:00 ng hatinggabi humigit kumulang. sa ay kanyang pag-uwi at nadatnan ay nakita niyang bukas na ang bintana at arayang. agad siyang nagtungo sa barangay hall, at paano naman na sa cctv ay may nagtingin paggalaw. hinahanap o cctv na tuloy katabingang nagkakalkal at humigit sa tapat ng pangulong ninong caluag, na sinumang nakakita. nais na magsabi at ibigay ang impormasyon sa cctv ay ipapakita sa tanggapan ng punong barangay upang matunton kung sino ang gumawa at malaman kung sino.",Neighbor Disputes
"agosto 2, 2024 nagtungo sa tanggapan ng punong barangay si -, may sapat na gulang, at kasalukuyang nakatira sa purok 3, ng barangay na ito upang ilatag ang kanyang alituntunin kay -, na umano'y may kinalaman at nambibintang ng pagnanakaw at ninakaw nito kay -, at ito ay lalong lalo na sa barangay na ito. si -, ay nagtinda ng malaking halaga ng nito, at nagsasabing ay itong totoo, mayroon rin siyang gastos at buwis, maralit ng tikod, asawa at mga gawain pa nito sa trabaho. tinanggap ni -, na makikipag-usap at nakikipag-ayos kay -, tungkol sa pinagbintangang iya, nangako naman ang tungkol sa pagbabayad at litaw, at sa mga gawain at kaukulan ni -.",Petty Criminal Offenses
"sept. 2, 2019 batay sa nangyari kagabi (9-1-2019) na aksidente sa purok 5, na pagitan nina - at sa mga batang sina - , 16 taong gulang at -, 16 taong gulang, kapwa taga barangay bungoy, na nagkasundo na magbabayad ng halagang ₱6,000 para sa pagpapa-gamot at sugat ni - . bilang patunay ay lalagdaan sa ibaba ng kasunduan ito ang mga nasabing panig/ sa ibaba ng nito.",Money/Debt Disputes
"sept. 3, 2019 nagtungo sa tanggapan ng punong barangay si -, may sapat na gulang, kasal, at nakatira sa purok 5, upang ireklamo si -, datihan niyang kaaway at kaalitan, kabilang na rin sina - at -, kapwa nakatira sa purok 5. dahil sa kanilang hindi pagkakaunawaan, ito ay lalong lumala dahil sa nangyaring dating nina - at -, ay nagkaroon ng gulo, si -, ay nakitang nakasali rin, ayon sa kanyang pahayag, ang mga nasasakdal ay pilit at nambubuwisit at gumagawa ng paraan upang siya ay lalong mapahamak at mapahiya. bilang patunay ay nilagdaan sa ibaba nito, bilang patotoo.",Neighbor Disputes
"Setyembre 6, 2019 Sa kinauukulan: Ako si -, 16 na taong gulang, nakatira sa Barangay Sta. Lucia, Odiongan, Romblon, ng wastong loob at walang pananakot na sinasama kay -, 22 taong gulang, umuwi at nagtungo sa panuluyan dito, na aking sariling kusa. Bilang patunay, ako si - ay nagdaan sa ibaba nito na patotoo na walang pumilit at namilit sa akin.",Neighbor Disputes
"Sept. 13, 2019 Nagtungo sa tanggapan ng Punong Barangay si -, may sapat na gulang, kasal, at narito upang ireklamo si -, katulong/kawani ng DNHS, dahil umano sa kanyang ginawa at ipinamalita sa pampublikong paaralan na di niya ginawa at kinasasangkutan, labis na nakapagdulot ng kahihiyan sa kanya. Ayon pa kay -, ang nasabing paratang ay ipinamalita ang kanyang pangalan at sinabing ayon na rin sa ibinigay niyang patotoo.",Property Disputes
"Setyembre 13, 2019 Ako si -, Punong Barangay ng Barangay na ito, Brgy. Pag-asa, Calauag, Quezon, sa opisina at tanggapan ng personal ni -, tungkol sa paniningil at utang na labis na hinihingi sa akin na ipinotok na pasulat. Nais ko ring malaman ang kanyang tunay na kailangan at kung ano ang kanyang ikinagagalit niya at labis na aking ipinagtataka ako na aking mga labis na paningin. Nais ko siyang kausapin at harapin nang maayos, sa tulong at kapangyarihan ng Punong Barangay.",Money/Debt Disputes
"Nagsumbong: Fund Line Finance Corp. / - Nagtungo sa Tanggapan ng Punong Barangay si -, may sapat na gulang, taga Cotagay, San Pablo City, upang ireklamo sina - at ang kanyang Co-Maker nito na si -, dahil sa pagbabayad ng bumababang utang na nagkakahalaga ng ₱9,700.00 (siyam na libo at pitong daang piso). Nais makipag-usap ni -, ang nabanggit na pangalan na yaan sa lalong madaling panahon.",Money/Debt Disputes
"Setyembre 24, 2019 Nagtungo sa Tanggapan ng Punong Barangay si -, may-edad, may sapat na gulang at kasalukuyang nakatira sa Purok 2, ng Barangay na ito, upang ireklamo ang pitong baka, na ipinagmamalaki ng araw na huli niyang nakita, at dahil dito, ay salat sa pagkain ng bunga ng kawayan at pag-aani mula sa katabing lupa din sa Purok 2.",Neighbor Disputes
"Nagtungo sa Tanggapan ng Punong Barangay si -, 18 taong gulang, dalaga, mag-aaral ng Dagatan National High School at nasa Baitang 10. Nakapagsumbong na siya ay tinutuksohan at batiin ng -, at estudyante rin sa nasabing paaralan. Nangyari ang panunukso, kaninang alas-otso ng umaga, ika-28-9-19, humigit kumulang. Ang tinutuksohan ay sinasabing siya ay babae lamang, ayon sa kanyang pahayag. Dahil dito, siya ay labis na nahihiya at nasasaktan, at tinawanan pa ng ibang kaklase, kung kaya't napilitan siyang magsumbong. Ayon pa rin sa kanya, ay labis niyang akala ay hindi nilalaanan.",Petty Criminal Offenses
"Nagsumbong: - / - Lending Investor Corp. Nagtungo sa Tanggapan ng Punong Barangay si -, ng - Lending Investor Corp., upang ireklamo sina - at -, dahil sa hindi pagtutupad ng kanilang utang sa nasabing Lending Corp. Nais makipag-usap ni - at - sa harap ng Punong Barangay ang dalawang taong nabanggit sa itaas sa lalong madaling panahon. Bilang patunay ay nilagdaan ni - sa ibaba ng sinasabi na ito.",Money/Debt Disputes
"Nov. 14, 2019 ANG KASUNDUANG ITO SA PAGITAN NG FUNDLINE FINANCE AT SINA -, -, AT -; ANG BALANSENG ISANG LIBO (₱1,000.00) AY BABAYARAN NINA - AT - SA NOBYEMBRE 20, 2019, AT ANG NATITIRANG ONE THOUSAND FIVE HUNDRED EIGHTY (₱1,580.00) AY BABAYARAN SA KATAPUSAN NG BUWAN ITO, NOV. 2019.",Contract Disputes
"Disyembre 16, 2019 Nagtungo sa tanggapan ng punong barangay si -, may sapat na gulang, may asawa, taga-Purok 3 ng Barangay Dagatan, upang ipaalam na ang kanyang tindahan ay pinasok na hindi pa pangalan o pagkakakilala, at hindi matukoy kung sino o anong dahilan. Dahil dito, si - ay nagdalamhati ng kanyang tindahan kagabi, noong alas-6:45 ng gabi. Ayon sa kanya ay walang nakapansin, ngunit ilang pirasong mantikado at perang barya na humigit-kumulang ₱200.00 ang nawala. Ayon pa rin kay -, hindi na naramdaman ang takot sa dic-dic-araw gabi, na ganuon ay matakot ang pagnanakaw sa tindahan.",Petty Criminal Offenses
"11-11-19 Nagtungo sa tanggapan ng Punong Barangay si -, may sapat na gulang, may asawa, nakatira sa Purok Pagkakaisa, dito sa barangay na ito, upang ireklamo ang hindi pagbabayad ng utang ni -, (mula rito). Nais ni -, na makihingi at makipag-usap sa nasabing may utang sa tanggapan ng Punong Barangay, sa lalong madaling panahon.",Money/Debt Disputes
"Nov 18, 2019 Paksa: Pananakit Nagtungo sa tanggapan ng Punong Barangay si - upang ireklamo si -, dahil sa pananakit: sinuntok sa mukha at katawan, sinakal, at tinulak sa lupa kaninang 11:00–11:30 ng umaga dulot ng maling hinala. Nangangamba rin sa kanyang kaligtasan.",Petty Criminal Offenses
"Nov. 18, 2019 Paksa: Pananakit at away kapwa bata Nagtungo sa tanggapan ng Punong Barangay sina -, -, at -, lahat taga Purok 3, Barangay Gayaman, Candelaria, Quezon, upang ireklamo sina - at -, dahil sa pananakit at pakikipag-away sa kanilang mga anak na kapwa bata. Nais makita at makaharap sa Punong Barangay sina - at - upang magkaunawaan.",Neighbor Disputes
"1-25-2019 Ukol sa pagtanggap tungkol sa alitan o pagtatalo nina - at - Nagkaroon ng ulat sa pulisya ang magulong pangyayari kina - at -, noong ika-25 ng Enero 2019, kung saan ay pinagbantaan at tinawag na masama ang isa’t isa. Ayon kay -, ang dahilan ay dahil sa pagkakautang at hindi pagbabayad ng nasabing utang, hanggang sa umabot ito sa gulo at pagtatalo. Sa ngayon ay naayos na at naunawaan na ng magkabilang panig ang pangyayari, at tapos na ang usapin, ganap na at wala nang iba pang habol o reklamo.",Neighbor Disputes
"Nov. 06, 2019 Tungkol sa Pagpupulong at usapin sa pagitan ni - at ni - Sa kinauukulan: Ito ay ukol sa isyu at alitan sa pagitan ng nasabing dalawa. Ayon kay -, may suliranin at hindi pagkakaunawaan na umusbong sa pagitan nila, at ipinahayag niya ang kanyang damdamin at hinaing ukol dito. Sa kabilang panig naman ay ipinaliwanag ni - at sinabi ang kanyang panig at mga dahilan, at nais na rin linawin ang lahat ng bagay at pangyayari.",Neighbor Disputes
"Nob. 26, 2019 ANOMALYA: Pinasok ang Apartment Nagtungo sa tanggapan ng Punong Barangay si -, 30 taong gulang, dalaga, at nakatira sa Apartment ni - sa Purok 3, ng Barangay na ito. Ayon sa kanya, noong ika-24 ng Nobyembre 2019, ay pinasok at nilusob ang kanyang tahanan at apartment. Sa kanyang pagbabalik ay nakita niyang bukas ang pinto at bintana, at maraming gamit at pera ang nawawala at ninakaw, na tinatayang nangyari noong gabi ng Nobyembre 25, 2019. Dumaan at nakita ang sirang pinto at bintana, at mga gamit na gulo at nagkalat. Nawawala rin ang kanyang pera, ginto, at iba pang kagamitan. Ang pintuan at bintana ay nasira at nabuksan. Lahat ito ay nagdulot ng matinding takot at pangamba, at siya ay labis na nababahala at nag-aalala sa kanyang kaligtasan at ari-arian.",Petty Criminal Offenses
"Nov 02, 2019 Tungkol sa kasunduang itinakda noong 11-24-2019 ganap na 2:45 ng hapon: Napagkasunduan na ang halagang ₱20,000.00 ay mababayaran nang buo kapag nakapag-asawa na si -. Napagkasunduan pa rin nina - at -, na walang magiging pananagutan si - sa anumang hinaharap na pangyayari, kaugnay nito, laban kay -.",Contract Disputes
"Dec 1, 2019 Ako si -, 18 taong gulang, dalaga, kasalukuyang nakatira sa San Dagatan, Purok 5, ay kusang-loob at hindi pinilit na sumama kay -, sapagkat kami ay nagmamahalan. Sa katunayan, ako ay lumagda sa ibaba nito.",Family Matters
"Paksa: Pagkakautang Petsa: Dec. 6, 2019- Nagtungo sa Tanggapan ng Punong Barangay si -, may sapat na gulang, may-asawa at nakatira rito sa Purok 1 ng Barangay na ito, upang ireklamo at isumbong si -, dahil sa hindi pagbabayad ng utang. Ayon kay -, umutang sa kanya si - ngunit hanggang ngayon ay hindi pa rin ito nababayaran, at ilang beses na niyang hiningi at kinausap ang may utang ngunit wala ring nangyari at patuloy na ipinagkaila. Dahil dito ay napilitan siyang magsumbong sa Punong Barangay upang maayos at mabigyang-linaw ang usapin at matumbasan o mabayaran na ang kanyang inutang.",Money/Debt Disputes
"2-18-2019 Ang mag-aaral na si -, taga Dagatan, ay nahuling tumalon sa bakod na kung saan ay lubhang delikado na maaaring maging ikapahamak. Bukod dito, ay may nasirang tubo ng tubig na nasira na magdudulot ng pagkabaha at kable ng kuryente at hugas sa balat na magdudulot ng perwisyo sa mag-aaral na tubo at ng sa barangay.",Money/Debt Disputes
"Dec. 18, 2019 Ang pamilya -, nina G. - at -, at ang mag-asawa -, nina - at -, ay nagkaroon ng pag-uusap tungkol sa lupang tinitirikan at bahay ni -. Napagkasunduan na pag-uusapan muli ito sa Enero 2020.",Property Disputes
"Enero 16, 2020 Muling nagkausap ang pamilya - at -, tungkol sa lupang pinag-aawayan na patungkol sa titulo at hangganan nina G. - at -. Napagkasunduan na wala nang iba pang reklamo o hinaing ang magkabilang panig.",Property Disputes
"Disyembre 24, 2019 Isyu: Aksidente sa Sasakyan / Pinsala sa Katawan at Ari-arian Nagtungo sa Tanggapan ng Punong Barangay si -, may sapat na gulang, taga-Purok 3, Barangay Gayaman, Odiongan, upang ireklamo ang aksidente kung saan ang kanyang Jeepney ay nakabangga ng trak, na nagdulot ng matinding pagkasira ng sasakyan, pinsala sa ari-arian, at pananakit ng katawan.",Property Disputes
"1-7-2020 Nagtungo sa tanggapan ng Punong Barangay si -, may sapat na gulang, taga-Purok 5, Barangay Dagatan, upang ipaalam at isumbong na ang kanyang kapatid na si -, taga-Balay-Pangin, Calauan, Laguna, ay nagbabanta sa kanyang pamilya at puputulin daw nito ang buong pamilya at papatayin kapag nakita at sinumang makilala. Kanina lang ay ipinaalam sa barangay na dalitang baka may mangyari kaya sa kanyang pamilya. Bilang patunay, si - ay lumagda sa ibaba ng reklamo niyang ito.",Neighbor Disputes
"01-18-2020 Sa kinauukulan: Nagtungo sa tanggapan ng Punong Barangay si -, 43 taong gulang, may kabuhayan at kasalukuyang nakatira sa Purok 4, ng Barangay na ito, upang ireklamo at isumbong si -, may sapat na gulang, may asawa at dating nakatira rito at residente rin ng Barangay na ito, dahil sa pananakit at panunumbat (sumbat). Ayon kay -, na siyang nagsalaysay at nakarinig sa nasasakdal, labis na pinagmalupitan nito ang kanyang pamilya at ginawang paghihiganti, kaya dumulog sa Punong Barangay.",Family Matters
"11-09-2020 Paksa: Usapin sa lupa Sa kinauukulan: Nagtungo si -, may sapat na gulang, nakatira sa -, upang isumbong at ireklamo sina - at - dahil sa hindi pagkakaunawaan at alitan kaugnay ng lupa at hangganan.",Property Disputes
"11-24-2020 Sa kinauukulan: Ang kasunduang ito ay napag-usapan nina - at -, may sapat na gulang at nakatira rito sa Barangay Dagatan. Idineklara nilang tapos na ang usapin at walang anumang hinaing o reklamo sa isa’t isa. Lahat ng isyu ay naayos na sa tulong at pag-aayos ng Punong Barangay at ibinigay na rin ang kaukulang kabayaran kay -. Bilang patunay, ang bawat panig ay lumagda sa ibaba bilang katibayan na kanilang ginustong kasunduan.",Money/Debt Disputes
01-14-2020 Paksa: Usapin at Alitan sa Lupa Walang napagkasunduan ukol sa inaagaw na lupa at pinag-uusapan — tungkol sa lupa na pinag-aawayan nina - at -.,Property Disputes
"Police Report: Physical Injury & Pagbabanta Nagtungo sa tanggapan ng Punong Barangay si -, 26 taong gulang, taga-Purok 4, upang ireklamo sina -, -, -, at -, dahil sa pananakit, pananampal, at pagbabanta sa kanya noong Enero 27, 2020. Ayon sa kanya, siya ay minaltrato, sinaktan, at pinagbantaan matapos ang simpleng hindi pagkakaunawaan habang sila ay nagkakasama.",Neighbor Disputes
"Tungkol sa: Ninakaw na bag na may ID, cellphone, at pitaka Nagtungo sa tanggapan ng Punong Barangay si -, 40 taong gulang, karpentero, nakatira sa Purok 5, upang magreklamo na ninakaw ang kanyang bag, pitaka, cellphone, ID, at TIN noong ika-12 ng Oktubre, bandang alas-1 ng hapon, habang siya ay nasa paaaralan. Hinanap at ipinaalam na sa barangay ngunit hindi na matagpuan at wala ring nakakaalam kung sino ang kumuha.",Petty Criminal Offenses
"Tungkol sa usapin at pagkakaunawaan sa pagitan nina - at -. Nagkasundo sina - at -, na ang usapin ay naayos na at wala nang anumang hinaing o reklamo sa isa’t isa. Napagkasunduan na rin na itigil na ang lahat ng gulo at hindi na magkakaroon ng anumang sumbong o reklamo mula ngayon hanggang sa Marso 20, 2020. Kung sakaling may mangyari pang hindi pagkakaunawaan, ang Barangay lamang ang tanging pupuntahan at haharapin para sa paglutas ng anumang usapin. Bilang patunay, ang magkabilang panig ay lumagda sa ibaba bilang katibayan na kanilang pinagkasunduan at tinanggap ito nang kusa at walang pilitan.",Contract Disputes
"Nagtungo sa Tanggapan ng Punong Barangay si -, may sapat na gulang, upang iulat ang pangyayaring pagnanakaw sa kanilang tindahan ng tubig. Ayon sa kanya, may dumaan na mga hinihinalang tao noong alas-dies ng gabi, at nakuha ang halagang P700.00 na lamang dahil iyon lamang ang nakuha ng mga ito. Pumunta siya rito upang magbigay ng pormal na ulat at maipabatid ang pangyayari.",Petty Criminal Offenses
"Ukol sa: Pagmamalupit sa kanyang anak na binata Nagtungo sa Tanggapan ng Punong Barangay si -, upang ireklamo ang ginawang pananakit at pagmamalupit sa kanyang anak na binata. Ayon sa kanya, ito ay paulit-ulit na ginagawa at humihingi siya ng tulong upang ito ay mapigilan at hindi na maulit pa. Ipinabatid lamang niya ang pangyayari sa Barangay.",Family Matters
Nagtungo ang mga sangkot upang ayusin ang usapin tungkol sa ginawang pagnanakaw at pananakit. Napagkasunduan na magbabayad at mananagot ang mga gumawa ng kasalanan. Ang lahat ng hinaing ay naayos na at wala nang ibang reklamo o hinaing ang bawat panig laban sa isa’t isa.,Petty Criminal Offenses
"Paksa: Tungkol sa pananakit Nagtungo sa tanggapan ng Punong Barangay si -, may sapat na gulang, upang ireklamo sina - at -, dahil sa pananakit at pananampal sa kanya, na nangyari noong Marso 15, bandang alas-7:00 hanggang 8:00 ng gabi. Ayon sa kanya, ito ay nakita at nakuha sa rekording ng CCTV. Ipinabatid din na ang dahilan lamang ay simpleng hindi pagkakaunawaan at wala namang seryosong dahilan ang mga gumawa nito.",Family Matters
"Paksa: Pagbabanta at Pananakit Nagtungo sa tanggapan ng Punong Barangay si -, upang ireklamo si - dahil sa hindi pagkakaunawaan kaugnay ng hangganan ng lupa at daluyan ng tubig. Ayon sa kanya, siya ay pinagbantaan, sinaktan, at tinulak ng isinumbong, at binabantaan pa na gagawan siya ng masama at sasalakayin kasama ang ibang kasama nito.",Neighbor Disputes
"Paksa: Hindi pagbabayad ng utang na halaga ng pera Nagtungo sa tanggapan ng Punong Barangay si -, may sapat na gulang at nakatira rito, upang ireklamo si - dahil sa hindi pagbabayad ng utang na nagkakahalaga ng P13,000.00. Ayon sa kanya, nakatakda sanang bayaran ito noong Hunyo 9, 2020 ngunit hindi pa rin ito naibabalik hanggang ngayon.",Money/Debt Disputes
"Paksa: Pagpapainom at pananakit Nagtungo sa tanggapan ng Punong Barangay si -, upang ireklamo sina -, -, -, at -, dahil sa ginawang pagpapainom at pananakit sa kanya. Ayon sa kanya, siya ay pinilit painumin at sinaktan habang nasa kanyang sariling bahay.",Petty Criminal Offenses
"Paksa: Pananakit, pananakot, at salitang mapanghamak at nakabababa Nagtungo sa himpilan ng Punong Barangay si -, upang ireklamo ang kanyang kapatid na si -, dahil sa pananakit, pananakot, at pagsasabi ng masasamang salita laban sa kanya. Nangyari ito kaninang umaga, at dahil sa matinding takot, napilitan siyang lumapit sa barangay upang humingi ng tulong at proteksyon, at maayos ang kanilang alitan sa tamang paraan.",Neighbor Disputes
"Paksa: Pagpapainom ng alak at pananakit Nagtungo sa tanggapan ng Punong Barangay si -, upang ireklamo sina -, -, -, at -, dahil sa pagpilit na painumin siya ng alak at pananakit sa kanya. Ayon sa kanya, ito ay ginawa sa kanyang sariling tahanan at walang wastong dahilan, at nais lamang niyang maitala ang pangyayari sa barangay.",Family Matters
"Kaugnay: Kasunduan noong Hunyo 17, 2020, Case #24 Nagtungo ang mga sangkot upang tapusin at lagdaan ang kasunduan: Ang motor ni - ay ibibigay kay - ng Barangay Maligaya, bilang kabayaran sa utang na P15,000.00 ni - kay -. Ang natitirang halaga ay babayaran nang tuloy-tuloy simula buwan ng Hulyo 2020. Ito ay pinagtibay at nilagdaan nina - at - (kumakatawan kay -), at saksi ni -.",Money/Debt Disputes
"Nagtungo sa tanggapan ng Punong Barangay si -, upang ireklamo si - dahil sa paglabag sa kasunduan tungkol sa lupang pag-aari. Ayon sa kanya, natapos na dapat ang usapin noong Mayo 2020, ngunit patuloy pa rin ang panghihimasok at paggawa ng hindi kanais-nais na gawain sa kanyang lupa hanggang ngayong Hunyo 2020. Humihingi siya ng tulong at kaukulang aksyon mula sa barangay upang maayos at mapigilan na ito.",Property Disputes
"Nagtungo sa tanggapan ng Punong Barangay si - kasama ang kanyang ina, upang ireklamo si - dahil sa paninirang-puri, panghahamak, at kawalan ng paggalang sa kanilang pagkatao. Ayon sa kanila, sila ay dinuduro, sinisigawan, at binabastos ng nasabing tao, pati na rin ang pagkakalat ng mga salitang hindi totoo at nakakasira sa pangalan nila. Humihingi sila ng tulong upang mapigilan ang ganitong pag-uugali at magkaroon ng kaukulang aksyon ang barangay.",Neighbor Disputes
"KASUNDUAN Nagtungo ang mga sangkot upang magkasundo at magkaroon ng kapayapaan. Napagkasunduan na walang magbabanggit ng nakaraan o anumang bagay na magiging sanhi ng gulo. Walang maninira o maninirang-puri sa isa’t isa, at nangakong hindi na muling aawayin o guluhin ang sinuman sa kabilang panig.",Neighbor Disputes
"July 2020 Isinumbong: - Paksa: Salitang panunumbat at pananakit Nagtungo sa tanggapan ng Punong Barangay si -, may sapat na gulang at nakatira rito, upang ireklamo si -. Ayon sa kanya, kaninang alas-8:30 ng gabi, ang nasabing tao ay dumaan, lasing, at nagsalita ng masama at mapanghamak laban sa kanya. Ito ay naging sanhi ng gulo at pagkakagalit, at nakaramdam siya ng takot at pangamba sa kanyang kaligtasan. Nais lamang niyang maitala ang pangyayari at humingi ng paalala upang hindi na maulit pa.",Petty Criminal Offenses
"Paksa: Pagbabanta at pagmumura na may hawak na kutsilyo Nagtungo sa himpilan ng Punong Barangay si -, upang ireklamo si - dahil sa ginawang pagbabanta, pagmumura, at paghawak ng kutsilyo habang nakatutok sa kanyang mga anak. Ayon sa kanya, madalas itong ginagawa ng nasabing tao kapag ito ay lasing, at nangyayari ito sa loob ng ilang araw. Ipinabatid niya ito sa barangay upang magkaroon ng babala at maiwasan ang anumang masamang pangyayari na maaaring mangyari sa kanilang pamilya.",Neighbor Disputes
"Paksa: Nakababagabag na gulo at kaguluhan sa publiko Nagtungo sa tanggapan ng Punong Barangay sina - at -, upang ireklamo si -, na kapatid ng isa sa kanila. Ayon sa kanila, noong humigit-kumulang alas-dies ng gabi, ito ay sumigaw, nanlaki ang mata, nagbanta at nanakit, gumawa ng ingay at kaguluhan sa labas ng bahay, at pumasok pa sa loob habang nagwawala. Muling nagbalik ito kinabukasan, humawak ng tubo at nagbanta na gagamitin ito laban sa kanila. Ipinabatid nila ito upang humingi ng tulong at proteksyon laban sa kanyang mapanganib na pag-uugali.",Neighbor Disputes
"Paksa: Matinding pananakot at pagbabanta Nagtungo sa tanggapan ng Punong Barangay si -, upang ireklamo si - dahil sa hindi pagkakasundo sa hangganan ng lupa. Ayon sa kanya, noong Hulyo 24, 2020, may dalang itak at panakot ang nasabing tao, pumasok sa kanyang lupain, at nagbanta na sasaktan siya kapag hindi siya umalis doon. Dahil sa matinding takot, napilitan siyang lumapit sa barangay upang humingi ng tulong at proteksyon laban sa ganitong panggigipit.",Neighbor Disputes
"Nagtungo sa tanggapan ng Punong Barangay si -, upang ipaalam ang hindi pagkakaunawaan at usapin tungkol sa hangganan ng lupa at karapatan sa lupang sinasaka. Ayon sa kanya, may mga bagay na hindi malinaw at may pagtatalo sa pagitan nila, at nais lamang niyang maitala ito at maayos sa tamang paraan sa tulong ng barangay.",Property Disputes
"Nagtungo sa tanggapan ng Punong Barangay si -, upang maghain ng reklamo laban sa kapitan ng barangay dahil sa mga ginagawang hakbang at gawain sa kanyang lupain. Ayon sa kanya, ang mga ito ay nakakaapekto at nakahahadlang sa kanyang karapatan at paggamit sa nasabing lupa. Ipinaabot niya ang kanyang hinaing at hiniling na bigyang-linaw at aksyon ang usapin upang mapangalagaan ang kanyang karapatan at pagmamay-ari.",Property Disputes
"Nagtungo sa tanggapan ng Punong Barangay si -, upang maghain ng reklamo kaugnay ng hindi pagkakaunawaan at gulo sa hangganan ng lupain sa kanilang lugar. Ayon sa kanya, may mga ginagawang hakbang at pagbabago ang kabilang panig na labag sa nakasanayang hangganan, at may nasasangkot din na opisyal ng barangay na bahagi ng usapin. Nais niyang maitala ang kanyang panig at humingi ng tulong upang malinawagan at maayos ang nasabing alitan.",Property Disputes
"Nagreklamo: - at Punong Barangay - Nagtungo sa kinauukulan sina - at -, upang maghain ng reklamo laban kay -. Ang mga isyung ibinintang ay: paggawa at pagbibigay ng sertipikasyon o papeles na hindi totoo, pagsasabi ng masasakit at nakabababang salita, at pagsuway at hindi paggalang sa utos ng kapitan at mga tanod ng barangay. Dahil dito, nawalan sila ng tiwala at nais nilang maitala ang mga ginawang kapabayaan at kasalanan ng nasabing tao.",Property Disputes
"Nagtungo sa tanggapan ng Punong Barangay sina - at -, upang magbigay ng pahayag at linawin ang usapin kaugnay ng alitan nina - at -. Ayon sa kanila, may mga nabanggit at paratang na hindi totoo, at nais nilang ipaliwanag ang tunay na pangyayari upang malinawan ang lahat at matigil na ang gulo at di-pagkakaunawaan sa pagitan ng mga sangkot.",Neighbor Disputes
"Nagtungo at nagharap sa tanggapan ng barangay sina - at -, kaugnay ng kanilang hindi pagkakaunawaan tungkol sa hangganan at paggamit ng lupa. Matapos ang mahabang pag-uusap at pagpapaliwanagan, napagkasunduan nilang ibalik sa dati at igalang ang orihinal na hangganan at karapatan ng bawat isa, at nangakong wala nang gulo o reklamo na magmumula sa kanilang panig ukol sa usaping ito.",Property Disputes
"Usapin: Pagbabanta ng kamatayan sa pamamagitan ng mensahe Nagtungo sa tanggapan ng Punong Barangay si -, may sapat na gulang at nakatira sa nasabing lugar, upang maghain ng reklamo. Ayon sa kanya, nakatanggap siya ng mga mensahe na may banta sa kanyang buhay, at sinasabing hindi niya alam kung ano ang gagawin kung mangyari ito. Ibinintang niya ito kay -, at sinabing ito rin ang tanging taong maaaring may kaugnayan o makapagsasabi tungkol sa bagay na ito. Itinala niya ang pangyayari bilang opisyal na reklamo sa barangay.",Neighbor Disputes
"Nagtungo sa kinauukulan si -, may sapat na gulang at nakatira sa nasabing lugar, upang maghain ng reklamo laban kay -. Ang mga paratang ay: 1.​ Hindi pagbabayad ng utang at hindi pagtupad sa mga pangakong sinabi. 2.​ Panloloko at pagpapanggap na tutulong, ngunit walang totoong ginawang kabutihan. 3.​ Pagkuha ng pera na sinasabing para sa negosyo, ngunit hindi naman ibinalik o ipinaliwanag kung saan napunta. Dahil dito, nagharap sila sa tanggapan ng Punong Barangay upang subukang ayusin at pag-usapan ang usapin.",Money/Debt Disputes
"Nagtungo sa tanggapan ng Punong Barangay si -, may sapat na gulang at nakatira sa nasabing lugar, upang maghain ng reklamo laban kay -. Ang pangunahing paratang ay ang pagpasok at panghihimasok ng nasabing tao sa kanyang lupain at hangganan nang walang pahintulot. Ayon sa kanya, may mga ginagawang pagbabago at paglilipat ng hangganan na labag sa kanyang karapatan at pagmamay-ari. Isinumite niya ito sa barangay upang magkaroon ng pagsusuri, linawin ang tunay na hangganan, at mapigilan ang karagdagang panghihimasok.",Property Disputes
"Nagtungo sa tanggapan ng Punong Barangay ang nagrereklamo upang ireklamo ang kinasasakitan. Ayon sa kanya, noong humigit-kumulang alas-8:00 ng gabi, hindi tumupad ang kabilang panig sa pangakong pagbabayad ng utang, at sa halip ay nanakit at nagbanta pa sa kanya habang nag-uusap. Ipinabatid niya ito upang humingi ng tulong at kaukulang aksyon laban sa ginawang pananakit at hindi pagtupad sa kanilang pinagkasunduan.",Neighbor Disputes
"Nagtungo sa tanggapan ng Punong Barangay ang nagrereklamo, may sapat na gulang at nakatira sa nasabing lugar, upang maghain ng reklamo ukol sa pagnanakaw. Ayon sa kanya, noong humigit-kumulang alas-3 o alas-4 ng madaling araw, may pumasok at kumuha ng limampung (50) manok mula sa kanyang sakahan, pati na rin ang mga plastik na lalagyan at iba pang kagamitan na nawawala. Wala siyang nakitang tao o nakilala ang gumawa nito, ngunit nais lamang niyang maitala ang pangyayari at ipaalam sa kinauukulan ang nangyaring pagkawala at pagnanakaw sa kanyang ari-arian.",Petty Criminal Offenses
"ng mga mahahalagang dokumento at pagkakakilanlan Nagtungo sa kinauukulan ang nagrereklamo upang maghain ng reklamo. Ayon sa kanya, kinuha at ginamit ng kinasasakitan ang kanyang mga mahahalagang papeles, kabilang ang mga dokumentong may kanyang litrato at pagkakakilanlan, nang walang pahintulot. Ang mga ito ay dinala at iniwan sa ibang lugar, at ginamit pa sa mga transaksyon na hindi niya alam at walang kinalaman. Ipinabatid niya ito upang linawin na wala siyang kaalaman at hindi siya sangkot sa anumang gawain na ginamitan ng kanyang pangalan o dokumento, at upang magkaroon ng opisyal na talaan ng pangyayari.",Contract Disputes
"Nagtungo sa tanggapan ng Punong Barangay ang nagrereklamo, may sapat na gulang at nakatira sa nasabing lugar, upang ireklamo ang kinasasakitan dahil sa ginawang paninirang-puri. Ayon sa kanya, kumalat at ipinamahagi ang mga salita at larawan na nakasasakit at hindi totoo tungkol sa kanya. Nais lamang niyang makaharap ang kabilang panig upang pag-usapan at ayusin ang gulo, at itigil na ang ganitong gawain.",Contract Disputes
"- Nagtungo sa tanggapan ng Punong Barangay ang nagrereklamo, may sapat na gulang at nakatira sa nasabing lugar, upang maghain ng reklamo laban sa kinasasakitan. Ayon sa kanya, noong humigit-kumulang alas-singko ng hapon, sinalakay at sinaktan siya ng nasabing tao, at nagbanta pa na may mas masamang mangyayari sa kanya. May mga nasambit ding masasakit na salita at paninirang-puri. Nais niyang makaharap ang kabilang panig upang pag-usapan at ayusin ang gulo, at itigil na ang pananakit at pananakot.",Neighbor Disputes
"Nagtungo sa tanggapan ng Punong Barangay ang nagrereklamo upang maghain ng sumbong laban sa kinasasakitan. Ayon sa kanya, ang mga ito ay pumasok at nag-angkin ng bahagi ng kanyang lupain, naglagay ng mga bakod at hangganan nang walang pahintulot, at inaangkin ito na para sa kanila kahit maliwanag na siya ang may-ari at nakatayo rito nang matagal na panahon. Nais niyang makaharap ang mga sangkot sa harap ng kinauukulan upang malinawan at maayos ang usapin, at maibalik sa kanya ang buong paggamit at pagmamay-ari ng nasabing lupa.",Property Disputes
"- Nagtungo sa tanggapan ng Punong Barangay ang nagrereklamo upang maghain ng reklamo laban sa kinasasakitan. Ayon sa kanya, noong Setyembre 28, 2020, hinablot at kinuha ang kanyang telepono, siya ay itinulak, sinaktan sa mukha at braso, at tinakot pa. Gayundin, may mga binitawang masasakit na salita at banta na sasaktan siya o ang kanyang mga anak kapag nakita sila. Alam din niyang may patuloy na pananakot at pang-aabuso mula sa kabilang panig, at natatakot siyang maulit pa ang mga pangyayaring ito.",Neighbor Disputes
"Nagtungo sa tanggapan ng Punong Barangay ang nagrereklamo, may sapat na gulang at nakatira sa nasabing lugar, upang maghain ng reklamo. Ayon sa kanya, nawala ang kanyang lisensya at humigit-kumulang isang libo (1,000) piso, at napag-alaman niyang ginamit pa ito ng iba noong nakaraang ika-10 hanggang ika-13 ng umaga. Ang kanyang lisensya ay ginamit sa serbisyo nang walang pahintulot niya, at natuklasan din niyang may nawawalang halaga na umabot pa sa pitong libo (7,000) piso. Ipinabatid niya ito upang maging opisyal na talaan at babala na hindi niya pinahintulutan ang sinuman na gamitin ang kanyang pangalan, lisensya, o ari-arian sa anumang gawain.",Contract Disputes
"Pahayag na ibinigay sa tanggapan ng Punong Barangay ni -, may sapat na gulang, kasalukuyang nakatira sa nasabing lugar. Ayon sa kanyang pahayag, wala siyang nalalaman o kinalaman sa anumang paratang o gawaing ibinibintang sa kanya, at tinatanggi niya ang lahat ng sinasabi laban sa kanya. Wala rin siyang anumang dokumento, litrato, o katibayan na maipakita upang patunayan ang kanyang panig, ngunit naninindigan siyang walang katotohanan ang mga paratang na ito.",Contract Disputes
"Nagtungo sa tanggapan ng Punong Barangay si —, nakatira sa nasabing lugar, upang maglahad ng kanyang salaysay. Inilahad niya na habang siya ay nasa labas ng kanyang bahay, lumapit sa kanya si — at sinigawan siya nang malakas. Nakita rin niyang may bitbit na patalim ang nasabing tao, at narinig niyang binigkas nito ang salitang “papatayin kita” kasama ang iba pang pananakot. Dahil dito, labis siyang natakot para sa kanyang kaligtasan, at nais niyang maitala ang pangyayari ukol sa ginawang pagbabanta at pananakot sa kanya.",Neighbor Disputes
"Nagtungo sa tanggapan ng Punong Barangay si —, may sapat na gulang at may asawa, upang iulat ang pangyayari noong Sabado ng gabi, ika-7 ng Nobyembre, mula alas-10 hanggang humigit-kumulang hatinggabi. Inilahad niya na habang siya ay nasa labas ng bahay upang patayin ang tubig na umaagos, bigla niyang narinig na bumukas ang pintuang bakal sa gilid ng kanilang bakuran. Nakita niyang may tao, kaya sumigaw siya at lumapit upang alamin kung sino ito at harapin ang kung anumang panganib, ngunit wala namang lumabas o nakita pang tao na pumasok sa kanilang bakuran. Agad niyang ipinaalam ito sa kinauukulan at dumating naman agad ang mga opisyal sa kanilang bahay upang tumugon. Bilang patunay at katotohanan ng kanyang salaysay, ito ay kanyang nilagdaan sa ibaba.",Family Matters
"Nagtungo sa tanggapan ng Punong Barangay si —, may sapat na gulang at nakatira sa nasabing lugar, upang maghain ng reklamo laban kay —. Inilahad niya na noong alas-6 ng gabi, nagkaroon ng alitan at masasakit na salita sa pagitan nila. Pagkatapos nito, nakita niyang pumunta ang kinasasakitan sa kanyang lupain, naglakad-lakad doon, at bantaang susunugin ang kanyang kubo gamit ang posporo at gas. Ipinahayag din niyang walang dahilan ang kabilang panig upang gawin ito, at labis siyang nabahala para sa kaligtasan ng kanyang ari-arian.",Property Disputes
"Nagtungo sa tanggapan ng Punong Barangay si - may sapat na gulang, upang ireklamo si -. Inilahad niya na noong alas-12:30 ng tanghali, nagkaroon ng alitan kung saan sinampal, tinulak, at pinagmumura siya ng nasabing tao. Sinaktan din siya sa mukha at braso, at sa harap pa ng maraming tao, kaya labis siyang napahiya at nasaktan. Bilang patunay ng katotohanan, nilagdaan niya ito sa ibaba.",Neighbor Disputes
"Nagtungo sa tanggapan ng Punong Barangay si-, 41 taong gulang at nakatira sa nasabing lugar, upang maghain ng reklamo laban kay -. Inilahad niya na pinalo at pinagbasag ng bintana, halu-halong materyales, at iba pang gamit ang kanilang bahay. Ang pangyayari ay nagmula lamang sa maling akala at hindi pagkakaunawaan, at nais niyang malinaw at maipaliwanag ang tunay na dahilan ng ginawang pananakit at paninira sa kanyang ari-arian.",Petty Criminal Offenses
"Nagtungo sa tanggapan ng Punong Barangay si -, may sapat na gulang at nakatira sa nasabing lugar, upang maghain ng reklamo laban kay -. Inilahad niya na noong nakaraang kaarawan ng kanyang asawa, ika-11 ng Disyembre 2020, pumasok nang walang paalam ang nasabing tao sa kanilang tahanan, kinuha ang kanyang asawa nang sapilitan, at nang matapos ay humawak at hinawakan ito nang masagwa. Binabantaan pa silang magkakaroon ng gulo o kaso kapag nagreklamo sila. Nais niyang makaharap ang kinasasakitan sa harap ng kinauukulan upang maayos at malinawan ang pangyayari.",Neighbor Disputes
"Nagtungo sa Tanggapan ng Punong Barangay si -, may sapat na gulang at nakatira sa nasabing lugar, upang ireklamo si -. Inilahad niya na patuloy na nakaririnig ng masasakit at mapanirang salita mula sa kinasasakitan, na humahantong sa panghihiya at paninirang-puri sa kanyang pagkatao at pamilya. Nagkaroon din ng pagtatalo sa kanilang bahay kung saan nagbanta at nagtaas ng kamay ang kabilang panig, at noong nakaraang alas-dose at alas-12:30 ng tanghali ay muling nagbanta ito. Nais niyang maitala ang pangyayari at makaharap si - upang malinawan at matigil na ang ganitong gawain. Bilang patunay ng katotohanan, ito ay kanyang nilagdaan sa ibaba.",Contract Disputes
"Nagpunta dito si - upang ipahayag na si - ay nagsabi sa kanya na humingi na siya ng paumanhin sa nangyaring gulo. Dagdag pa rito, nais niyang linawin na wala siyang hangarin na magdahilan o magbigay ng anumang paratang, at inaamin niyang may kasalanan din siya sa mga pangyayari.",Neighbor Disputes
"Nagtungo sa tanggapan ng Punong Barangay si —, may sapat na gulang at nakatira sa nasabing lugar, upang iulat na nawala o naiwan ang kanyang Quarantine Pass kasama ang litrato sa hindi matukoy na lugar, habang siya ay naglalakad pauwi galing sa trabaho. Ipinaalam niya ito upang walang sinuman ang makagamit ng nasabing dokumento sa masama o hindi tamang paraan. Bilang patunay at katotohanan, ito ay kanyang nilagdaan sa ibaba.",Contract Disputes
"Nagtungo sa tanggapan ng Punong Barangay si —, may sapat na gulang at nakatira sa nasabing lugar, upang ireklamo si —. Inilahad niya na noong alas-8 ng umaga, nakita niyang nagpapakain ng baboy ang kinasasakitan at bigla siyang sinigawan at pinagmumura nang masakit. Kahit wala naman siyang ginagawang masama o dahilan, patuloy pa rin itong nagmumura at nambabastos. Dumating pa ang ibang tao upang makiuso, ngunit hindi pa rin tumigil at nagbanta pang pupuntahan ang bahay at kukunin ang mga gamit nila. Bilang patunay, ito ay kanyang nilagdaan sa ibaba.",Neighbor Disputes
"Nagtungo sa tanggapan ng Punong Barangay si —, may sapat na gulang, upang ireklamo si —. Inilahad niya na ibinigay niya ang halagang 30,000.00 piso sa kabilang panig, na sinasabing gagamitin para sa mga dokumento at proseso ng paglalakbay ng kanyang anak patungong Japan. Gayunpaman, mula noon hanggang ngayon, wala pa ring naiprosesong dokumento at hindi na rin maibalik ang ibinigay na pera. Nais niyang maayos ito at makuha muli ang kanyang ipinamigay na halaga.",Money/Debt Disputes
"Nagtungo sa tanggapan ng Punong Barangay si —, may sapat na gulang at nakatira sa nasabing lugar, upang ipaalam na may bakod na itinayo sa lupang kanyang pag-aari nang walang paalam o pahintulot. Ginamit pa rito ang materyales na kawad na nakapalibot, at hindi niya alam kung sino ang may gawa nito. Ipinaalam lamang niya ang pangyayari, at ibinahaging ipagbibigay-alam din ito ni - upang maayos at mapag-usapan nang maayos sa barangay. Bilang patunay, ito ay kanyang nilagdaan sa ibaba.",Property Disputes
"Nagtungo sa tanggapan ng Punong Barangay si —, may sapat na gulang at nakatira sa nasabing lugar, upang ireklamo si —. Inilahad niya na may mga gamit at bagay na ipinahiram niya sa kabilang panig, ngunit hanggang ngayon ay hindi pa rin naibabalik o naisauli sa kanya. Nais niyang makaharap ang kinasasakitan sa harap ng kinauukulan upang maayos at makuha muli ang mga ito.",Property Disputes
"Nagtungo sa tanggapan ng Punong Barangay si —, may sapat na gulang at nakatira sa nasabing lugar, upang ireklamo si —. Inilahad niya na habang sila ay nagkukuwentuhan, biglang dumating ang kinasasakitan, nambato ng prutas, at nagbanta pa. Nang harapin at kausapin, lalo lamang nagalit, sumagot nang pabalang, at nagbanta na mananakit at gagawa ng masama. Nais nilang makaharap ito sa barangay upang maayos ang gulo at matigil ang pananakot.",Neighbor Disputes
"Nagtungo sa tanggapan ng Punong Barangay si — upang maglahad ng mga usapin tungkol sa lupang pinag-aawayan at mga kaugnay na dokumento. Inilahad niya ang mga sumusunod: ●​ May mga hinihinging kopya ng dokumento na hindi ibinigay ng kabilang panig, at tinanggihan din ng opisina sa probinsya ang kahilingang ito. ●​ Natuklasang may mali sa titulo at sukat ng lupa, at may mga pagbabagong ginawa nang walang paalam, kasama pa ang ibang kasama. ●​ Napag-alaman ding inani at inalis ang mga tanim sa lupang pinag-aawayan nang walang paalam at walang karapatan. ●​ May mga isyu rin sa kasulatan ng pagbili at pagbebenta na hindi naayos nang tama. Layunin ng pagpunta na maitama ang mga pagkakamali, maipakita ang tunay na pagmamay-ari, at maayos ang lahat ng hindi pagkakaunawaan ukol sa nasabing lupa.",Property Disputes
"Nagpunta si — sa tanggapan ng Punong Barangay upang magreklamo at ipaalam na may bahagi ng kanilang lupain na ibinenta ng ibang tao nang walang pahintulot at walang karapatan, at kahit may napagkasunduang halaga, hindi naman ito buo naibigay at malaki pa ang kulang na bayad. Bukod dito, patuloy pa ring inaangkin at ginagamit ng kabilang panig ang nasabing lupa kahit hindi naman sila ang tunay na may-ari, at marami ring hindi pagkakaunawaan at hindi pagtupad sa mga napag-usapan kaya nais niyang maayos at malinawan ang lahat ng usapin sa harap ng kinauukulan.",Property Disputes
"Nagtungo sa tanggapan ng Punong Barangay si —, may sapat na gulang at nakatira sa nasabing lugar, upang ireklamo sina — at —. Inilahad niya na noong Agosto 8, 2020, nangako ang mga ito na babayaran ang halagang 9,000.00 piso na kanilang inutang at ginamit sa kanilang pangangailangan. Gayunpaman, mula noon hanggang ngayon ay wala pa ring naibabayad at hindi tinutupad ang pangako. Nais niyang makaharap sila sa barangay upang mapilitang magbayad at maayos na ang usaping ito.",Money/Debt Disputes
"Nagtungo sa tanggapan ng Punong Barangay si — upang ireklamo sina — at — dahil sa pananakit at pagbabanta ng kanyang buhay, at nais niyang makaharap ang mga ito sa harap ng kinauukulan upang maayos at matigil na ang ganitong gawain. Bilang patunay, ito ay kanyang nilagdaan sa ibaba.",Contract Disputes
"Nagtungo si — sa tanggapan upang itala ang kasunduan na hindi na mananakit o babanta pa ang kabilang panig, magbabayad ng danyos, at lilinisin at aalisin ang mga gamit na nakatambak sa lupang pinag-aawayan.",Property Disputes
"Nagtungo si — sa tanggapan ng Punong Barangay upang ireklamo si — dahil bigla siyang sinuntok nang walang dahilan, nagdulot ito ng pananakit at pinsala sa kanyang katawan, at kailangan pa siyang ipagawa sa CT scan dahil sa naramdamang matinding sakit.",Petty Criminal Offenses
"Nagtungo si — sa tanggapan ng Punong Barangay upang ipaalam na may nagtatayo ng bakod at nag-aangkin ng bahagi ng kanilang lupain nang walang karapatan at pahintulot, at humihiling siya na maayos ito at malaman kung sino ang tunay na may-ari.",Property Disputes
"Nagtungo si — sa tanggapan ng Punong Barangay upang ipaalam na may mga taong nagbabanta at nanggugulo sa kanyang pamilya, at humihiling ng tulong upang mapigilan ito at malaman kung bakit sila may galit.",Neighbor Disputes
"Nagtungo si — sa tanggapan upang itala ang kasunduan na magbabayad ang kabilang panig ng halagang 6,000 piso sa takdang panahon, at kapag hindi tinupad ay babayaran ng karagdagang halaga bilang parusa. ----------------------------------------------------------------------------------------------------------------- Nagtungo si — sa tanggapan ng barangay upang magkaroon ng kasunduan na babayaran sa kanya ang nasirang motor sa halagang 6,000 piso sa itinakdang petsa, at kapag hindi tinupad ay isasampa ang naaangkop na kaso laban sa kabilang panig.",Money/Debt Disputes
"Nagtungo si — sa tanggapan ng Punong Barangay upang ipaalam na nawala ang kanyang dalawang bisikleta at isang working machine sa kanilang bakuran noong alas-dos hanggang alas-tres ng hapon, at ipinagbigay-alam ito sa kinauukulan.",Property Disputes
"Nagtungo si — sa tanggapan ng Punong Barangay upang itala ang kasunduan na mula sa kabuuang halagang 45,000 piso, may natanggap nang 15,000 piso at may natitira pang 15,000 piso na babayaran bago mag ika-15 ng Hunyo 2021, at kapag hindi nabayaran sa takdang panahon ay may karagdagang multa na ipapataw.",Money/Debt Disputes
"Nagtungo si — sa tanggapan ng Punong Barangay upang ipaalam na nawala ang kanyang plaka ng sasakyan na ninakaw noong ika-6 hanggang ika-10 ng Hunyo 2021 sa lugar na pinatatakan, at nilinaw na wala itong halaga sa iba at hindi ito magagamit sa masamang paraan.",Petty Criminal Offenses
"Nagtungo si — sa tanggapan ng Punong Barangay upang ipaalam na may kaunting di-pagkakaunawaan at gulo sa pagitan nila ng isa pang tao dahil sa mga ginawang gawain sa barangay, at nais niyang makaharap ito upang mapagkasunduan at malinawan ang lahat ng usapin.",Contract Disputes
Nagtungo si — sa tanggapan upang itala ang kasunduan at pagsasaayos tungkol sa usapin at gawaing pinag-awayan nina — at — ukol sa kanilang bahay at bakuran.,Contract Disputes
"Nagtungo si — sa tanggapan ng Punong Barangay upang ireklamo ang pagputol at pagkuha ng mahigit limampung (50) puno at kahoy sa kanyang lupain nang walang pahintulot, at hiniling na ito ay ipaimbestigahan at isampa ng kaukulang kaso laban sa may sala.",Property Disputes
"Nagtungo si — sa tanggapan ng Punong Barangay upang ireklamo ang paninirang-puri, pagmumura, pananakit at pagbabanta na ginawa laban sa kanyang kapamilya, pati na rin ang paggulo at paglabag sa karapatan sa lupain, at pagbabanta na saktan o patayin pa ang nasasangkot na tao.",Neighbor Disputes
"Nagtungo si — sa tanggapan upang ipaalam ang mga alitan at hindi pagkakaunawaan tungkol sa hangganan at pagmamay-ari ng lupain, kabilang ang pagpasok ng ibang tao sa lupang hindi sa kanila, pagtutol sa paggamit at paglilinis ng lupa, at paghingi ng paglilinaw at tamang sukat upang malaman kung sino ang tunay na may-ari at kung ano ang karapatan ng bawat panig.",Property Disputes
"Nagtungo si — sa tanggapan ng Punong Barangay upang ireklamo ang pagbabanta, paninakit at pananakit sa kanya ng isa pang tao, pati na rin ang pagwawasak ng kanyang gamit at sasakyan, at pagbabantang saktan at patayin pa siya kung hindi siya aalis sa kanilang lugar.",Neighbor Disputes
Nagtungo si — sa tanggapan ng Punong Barangay upang ireklamo ang pagbabanta sa kanilang mag-ina na ginawa ng isa pang tao.,Neighbor Disputes
"Nagtungo si — sa tanggapan ng Punong Barangay upang magbigay ng pahayag at kasunduan na hindi na magkakaroon ng gulo o banta sa pagitan ng magkabilang panig, at nangakong hindi na muling manggugulo o magbabanta sa isa’t isa.",Neighbor Disputes
"Nagtungo si — sa tanggapan ng Punong Barangay upang ireklamo ang hindi pagbabayad ng utang at pagtatangkang umiwas sa pananagutan, at hiniling na pag-usapan at ayusin ang usapin sa pamamagitan ng barangay upang mabayaran ang dapat bayaran.",Money/Debt Disputes
"Nagtungo si — sa tanggapan ng Punong Barangay upang ireklamo ang hindi pagbabayad ng utang na halos 2,000 piso at ang pagtatalo sa natitirang halagang 900 piso, at humiling na pag-usapan at ayusin ang usapin upang magkaroon ng pagkakasundo at mabayaran ang dapat ibayad.",Money/Debt Disputes
"Nagtungo si — sa tanggapan ng Punong Barangay upang ireklamo ang hindi pagbabayad ng halagang labindalawang libo pitong daan at siyamnapu't dalawa (12,792) piso na utang para sa motor, at humiling na pag-usapan at ayusin ang usapin upang mabawi ang nasabing halaga.",Money/Debt Disputes
"Nagtungo si — sa tanggapan upang itala ang kasunduan na babayaran ang halagang 900.00 piso bago mag ika-setyembre 2021 bilang kabayaran sa tubig at gamit, at ito ay magsisilbing katibayan ng pagkakasundo ng magkabilang panig.",Money/Debt Disputes
"Nagtungo si — sa tanggapan ng Punong Barangay upang ipaalam ang kasunduan na may utang na 1,000 piso na babayaran kapag nakapunta na sa itinakdang lugar, at nilinaw na kung hindi ito matutupad ay wala nang pananagutan ang kabilang panig at ituturing nang bayad at tapos na ang usapin.",Money/Debt Disputes
"Nagtungo si — sa tanggapan ng Punong Barangay upang ireklamo ang pagbawi at panghihimasok sa kanyang lupain, at iginiit na siya ang tunay na may-ari na may hawak na mga opisyal na dokumento; hinihiling na ayusin ito sa pamamagitan ng barangay upang matigil ang gulo at malinawan ang tunay na karapatan sa lupain.",Property Disputes
"Nagtungo si — sa tanggapan upang itala ang kasunduan tungkol sa pagbabayad ng utang na may kabuuang halaga; may natanggap nang bahagi at may natitirang balanseng babayaran nang paunti-unti hanggang sa itinakdang panahon, at ito ay magsisilbing katibayan ng napagkasunduan ng lahat ng panig.",Money/Debt Disputes
"Nagtungo si — sa tanggapan ng Punong Barangay upang ireklamo ang paninirang-puri, pagbabanta at panggugulo na ginawa sa kanya; sinabi ring may banta ng pananakit at pagkasira ng pangalan, at hiniling na ito ay pag-usapan at ayusin sa barangay upang matigil ang gulo at maipagtanggol ang kanyang karapatan.",Neighbor Disputes
"Nagtungo si — sa tanggapan ng Punong Barangay upang ireklamo ang nangyaring aksidente noong nakaraang ika-10 ng Agosto 2021, kung saan ang kanyang tatay ay nasaktan nang matindi, nagkaroon ng sugat sa mukha at katawan, kinailangang tahiin sa ospital, at sinasabing dulot ito ng lakas ng ulan at pagkabangga, at nais itong maitala bilang opisyal na ulat ng barangay.",Property Disputes
"Nagtungo sa tanggapan ng Punong Barangay ang magkabilang panig na sina — at — upang magkaroon ng pagkakasundo kaugnay ng nakaraang usapin. Napagkasunduan nilang kalimutan na ang lahat ng paratang at gulo, hindi na magsasampa ng anumang kaso laban sa isa’t isa, at nangakong hindi na muling magbabanta, maninira ng pangalan o manggugulo sa hinaharap.",Neighbor Disputes
"Nagtungo sa tanggapan ng Punong Barangay si — upang ipagbigay-alam ang pagkawala ng kanyang pitaka habang siya ay nagmamaneho ng kanyang motorsiklo. Ang laman nito ay kasama ang halagang isang libong piso at lisensya sa pagmamaneho; hindi niya tiyak kung saang bahagi ng Barangay Pag-asa ito nawala, kaya naman napilitan siyang ipaalam ito sa tanggapan upang baka sakaling may makapulot at maibalik ito sa kanya.",Petty Criminal Offenses
"Nagtungo sa tanggapan ng Punong Barangay si — upang ireklamo ang hindi pagtupad sa napagkasunduang kasunduan at pagbabayad, at iginiit na dapat itong tuparin ayon sa napag-usapan. Hiniling na ayusin ang usapin sa pamamagitan ng barangay upang matupad ang dapat ibigay at bayaran.",Contract Disputes
"Nagtungo sa tanggapan ng Punong Barangay si — upang maghain ng ulat ukol sa isang pangyayari na naganap noong ika-4 ng Setyembre 2021, sa ganap na ika-9:30 ng gabi, sa kanilang lugar. Ipinagbigay-alam ang mga detalye ng insidente at hinihiling na itala ito bilang opisyal na ulat ng barangay.",Property Disputes
"Nagtungo sa tanggapan ng Punong Barangay si — upang ireklamo ang hindi pagbabayad ng upa sa bahay, kuryente at tubig na naipon na sa loob ng tatlong buwan. Hiniling na pag-usapan at ayusin ang usapin sa pamamagitan ng barangay upang mabayaran ang lahat ng dapat ibayad at matigil ang gulo sa pagitan nila.",Money/Debt Disputes
"Nagtungo sa tanggapan ng Punong Barangay si — upang maghain ng reklamo laban sa hindi pagbabayad ng upa sa bahay, kuryente at tubig na naipon na sa loob ng tatlong buwan. Hiniling na pag-usapan at ayusin ang usapin sa pamamagitan ng barangay upang matupad ang pananagutan sa pagbabayad at malutas ang gulo sa pagitan nila.",Money/Debt Disputes
"Nagtungo sa tanggapan ng Punong Barangay si — upang ireklamo ang pagkuha nang walang paalam at pagdadala ng dalawang cellphone na pag-aari ng kanyang anak. Ang mga nasabing gamit ay iniulat na nakuha at inilayo, at hiniling na pag-usapan ito sa barangay hall upang maibalik ang mga gamit at maayos ang gulo sa pagitan nila.",Money/Debt Disputes
"Nagtungo sa tanggapan ng Punong Barangay si — upang maghain ng reklamo laban sa pananakit at panununtok na ginawa sa kanyang kamag-anak, na naganap bandang alas-kwatro ng hapon. Ibinahagi na ang insidente ay nagsimula sa simpleng usapan lamang, ngunit biglang naging marahas at nagdulot ng pinsala sa katawan ng biktima na kinailangan pang ipatingin sa doktor. Hiniling na pag-usapan ito sa barangay upang mapanagot ang may sala at maayos ang gulo sa pagitan ng magkabilang panig.",Property Disputes
"Nagtungo sa tanggapan ng Punong Barangay si — upang ireklamo ang pagbebenta at pagtatago ng kanyang cellphone. Ipinahayag na ang nasabing gamit ay ibinenta nang walang pahintulot at itinanggi na hawak ito, bagama’t alam naman talaga kung nasaan at kaninong mga kamay napunta. Hiniling na ayusin ang usapin sa pamamagitan ng barangay upang maibalik ang gamit at linawin ang pananagutan ng bawat isa.",Property Disputes
"Nagtungo sa tanggapan ng Punong Barangay si — kaugnay ng nakaraang ulat noong Nobyembre 15, 2020. Ipinagbigay-alam na hindi pa rin tumutupad sa napagkasunduan ang kabilang panig, at patuloy pa rin itong gumagawa ng mga bagay na nakakapinsala at nakakagulo, sa kabila ng dati nang kasunduan na itigil na ang anumang gulo o panghihimasok. Hiniling na itala ito bilang opisyal na ulat at gawan ng naaangkop na hakbang upang matigil na ang ganitong gawain.",Contract Disputes
"9:00 AM Nagtungo sa tanggapan ng Punong Barangay si — kung saan inireklamo ni — si — kaugnay ng kanilang mga pinansyal na usapin at hindi pagkakaunawaan. Napagkasunduan nilang ayusin ang lahat ng utang at pananagutan sa pamamagitan ng kabuuang halaga na tinanggap na bilang buong kabayaran. Itinakda rin na mula ngayon ay wala nang maniningil, maghahabol o magsasampa ng anumang kaso laban sa isa’t isa. Pangako rin nilang hindi na magbabanta, maninira ng pangalan o manggugulo sa buhay, pamilya at ari-arian ng kabilang panig, at igagalang ang kapayapaan at karapatan ng bawat isa. Ito ay nagsisilbing pormal at buong kasunduan na tatapusin at lulutas na ang lahat ng usapin sa pagitan nila.",Money/Debt Disputes
"Nagtungo sa tanggapan ng Punong Barangay si — kung saan inireklamo ni — si — kaugnay ng nakaraang usapin. Napagkasunduan nilang magkaroon ng kapayapaan at hindi na muling magdulot ng gulo sa isa’t isa, matapos ang ilang araw na pag-uusap at pag-aayos. Itinuturing na tapos at naayos na ang lahat ng hindi pagkakaunawaan sa pagitan nila, at ito ang nagsisilbing opisyal na kasunduan ng magkabilang panig.",Contract Disputes
"Nagtungo sa tanggapan ng Punong Barangay si — kung saan inireklamo ni — si — kaugnay ng nakaraang kaso. Napagkasunduan nilang tapusin na ang lahat ng usapin at hindi na muling magkaroon ng anumang gulo o hindi pagkakaunawaan. Itinakda na wala nang magsasampa ng kaso, magbabanta o makikialam sa buhay ng isa’t isa, at ito ang nagsisilbing pormal na kasunduan at katibayan ng kanilang pagkakasundo.",Neighbor Disputes
"Nagtungo sa tanggapan ng Punong Barangay si — kung saan inireklamo ni — si — kaugnay ng usapin tungkol sa lupang binibinta at hinahayaang gamitin ng walang pahintulot at kasunduan. Nagharap sila sa harap ng Punong Barangay upang pag-usapan at ayusin ang hindi pagkakaunawaan, at nilagdaan ang kasunduan bilang patunay na naitala at napakinggan ang reklamo at paliwanag ng bawat panig.",Property Disputes
"Nagtungo sa tanggapan ng Punong Barangay si — kung saan inireklamo ni — si — dahil sa pananakit at pananambang na ginawa laban sa kanya. Isiniwalat na ginamit pa ng kabilang panig ang isang baril na kalibre 38, na nagdulot ng matinding takot at panganib sa kanyang buhay at kaligtasan. Hiniling na pag-usapan at aksyunan ito sa barangay upang mapanagot ang may sala at masiguro ang kanyang kaligtasan.",Petty Criminal Offenses
"Nagtungo sa tanggapan ng Punong Barangay ang magkabilang panig kaugnay ng nakaraang kaso upang pormal na magkasundo at tapusin ang usapin. Tinanggap at ibinayad na ng kabilang panig ang halagang isinang-ayon nila bilang buong kabayaran at kasulugan ng lahat ng pananagutan. Itinakda na mula ngayon ay wala nang anumang habol, reklamo o usapin na natitira sa pagitan nila, at ito ang nagsisilbing opisyal na katibayan ng kanilang buong pagkakasundo at pagtatapos ng kaso.",Money/Debt Disputes
Nagtungo sa tanggapan ng Punong Barangay si — kung saan inireklamo ni — si — dahil sa pananakit at pananampal na ginawa noong ikalawa ng Nobyembre 2021. Nagharap ang magkabilang panig upang pag-usapan ang insidente at malutas ang gulo.,Neighbor Disputes
"Nagtungo muli sa tanggapan ng Punong Barangay ang magkabilang panig kaugnay ng parehong kaso. Napagkasunduan nilang tapusin na ang usapin, nangakong wala nang gulo o pananakit na magaganap, at itinuturing na buo at naayos na ang lahat ng hindi pagkakaunawaan sa pagitan nila.",Contract Disputes
"Nagtungo si -- sa tanggapan ng Punong Barangay upang maghain ng reklamo laban kina -- at -- dahil sa hindi pagbabayad ng utang at hindi pagtupad sa pangakong babayaran ang halaga ng lupang nabili na noong Oktubre 2021. Isiniwalat na hanggang ngayon ay hindi pa rin nababayaran ang utang at patuloy na ipinagpapaliban ang pagsasauli ng pera, sa kabila ng matagal nang kasunduan at panahon na ibinigay sa kanila. Hiniling na pag-usapan ito upang mapilitan silang tumupad sa kanilang pananagutan at maibalik ang kaukulang halaga.",Money/Debt Disputes
"Nagtungo si -- sa tanggapan ng Punong Barangay upang magreklamo laban kay -- dahil sa pananakit at panununtok na ginawa sa kanya habang sila ay nasa pampublikong lugar. Ibinahagi niya na bigla na lamang siyang nilapitan at sinaktan nang walang sapat na dahilan, at nagdulot ito ng sakit at takot sa kanyang sarili. Nagharap sila sa harap ng Punong Barangay upang pag-usapan ang pangyayari at malinawan ang bawat panig, at hiniling na maaksyunan ang reklamo para mapanagot ang may sala.",Petty Criminal Offenses
"Nagtungo si -- sa tanggapan ng Punong Barangay upang magreklamo laban kina -- at -- dahil sa patuloy na pagkakaalitan at hindi pagkakaunawaan na nagmumula pa sa kanilang nakaraan. Isiniwalat na sa loob ng mahabang panahon ay hindi sila nagkakaunawaan, at madalas na nagkakaroon ng hindi pagkakasundo at salitaan na nakakasakit at nakakagulo. Nagharap sila sa harap ng Punong Barangay upang pag-usapan at ayusin ang lahat ng ito, at nangakong mula ngayon ay iiwas na sa anumang gulo at magkakaroon ng maayos na pakikitungo sa isa’t isa.",Neighbor Disputes
"Nagkasundo sina -- at --, na ang una ay babayaran sa ikalawang panig ang kabuuang halaga na 10,000.00, sa o bago sumapit ang araw ng Pebrero 11, 2017. Ito ang magsisilbing buo at huling kabayaran para sa lahat ng pananagutan at usapin sa pagitan nila. Pareho nilang tinanggap at nilagdaan ito bilang katibayan ng kanilang buong pagkakasundo, at wala nang anumang habol o usapin na natitira mula sa araw na ito.",Money/Debt Disputes
"03-08-2021 Nagtungo sa tanggapan ng Punong Barangay si --, 42 taong gulang, upang maghain ng reklamo. Isiniwalat niya na nawawala ang kaniyang dalawang alahas: isang hikaw na may dalawang magkatambal na mutya, at isang kuwintas na walang kasamang palawit. Ipinahayag niyang sa kanyang palagay ay walang ibang nakakaalam o nakapasok sa kanyang tirahan maliban kay --, ang kanyang tagapamahala. Idinagdag niya na wala siyang ibang inaakusahan at hindi niya alam kung sino ang maaaring kumuha nito, ngunit siniguro niyang kung sinuman ang may sala ay dapat managot. Ipinahayag din niya na kung maibabalik lamang ang mga nawawalang gamit ay hindi na niya ito isusumbong pa at tatanggapin na lamang ang nangyari bilang aral.",Property Disputes
"Marso 23, 2021 Nagtungo sa Tanggapan ng Punong Barangay si --, 48 taong gulang, may-asawa, at naninirahan sa Purok 1, upang maghain ng reklamo laban kay --, may-asawa at kasalukuyang nakatira sa Purok 2. Isiniwalat niya na noong ika-20 ng Marso 2017, sa pagitan ng ika-7:00 at ika-8:00 ng gabi, habang siya ay nasa labas at nakikipagkwentuhan, bigla siyang nilapitan ni -- at binigyan ng malakas na suntok sa kanyang kanang bahagi ng mukha. Ang dahilan daw ay dahil sa hinala ng kabilang panig na siya ay nagbibigay ng perang halagang 20,000 piso kay -- na hindi naman totoo. Ipinahayag niyang hindi siya makapagpatuloy ng pagtatrabaho dahil sa naramdaman niyang sakit mula sa pagsuntok, at hanggang ngayon ay hirap pa rin siyang suminga at masakit pa rin ang kanyang mukha. Sinabi rin niyang wala naman siyang ibang kaalaman o galit kay -- at wala siyang intensyong gumanti o gumawa ng masama, at nais lamang niyang malaman ang tunay na dahilan kung bakit siya pinagbuntungan ng galit at sinaktan.",Money/Debt Disputes
"Mayo 26, 2019 Nagtungo sa tanggapan ng Punong Barangay si --, may asawa at nakatira sa Calauan, Laguna, upang maghain ng reklamo laban kay --, taga-Batangas City. Ibinahagi niya na mayroon silang usapin tungkol sa lupa at karapatan dito, at nagkaroon ng hindi pagkakaunawaan dahil sa panghihimasok at hindi paggalang ng kabilang panig sa kanyang karapatan at pagmamay-ari. Isiniwalat na nais niyang malinawan at maayos ito, at itinakda ang pagpupulong sa ika-14 ng Hunyo 2019 upang pag-usapan nang maayos at mapagkasunduan ang lahat ng bagay tungkol dito.",Property Disputes
"LALIG NICS Mayo 15, 2026 Nagsalaysay sa tanggapan ng Punong Barangay si --, 18 taong gulang, nakatira sa Brgy. Lalig, upang ibahagi ang naging pangyayari. Tinukoy niya na sina -- at --, kasama sina --, --, --, at --, ay may masamang kalooban sa kanya. Ayon sa kanya, habang siya ay naglalakad, hinarang siya nina -- at -- at pinagbintangan na namamato ng bubong. Nagkaroon ng pagtatalo, at nang makita ni -- na may binubunot na kutsilyo si --, agad siyang tumakbo palayo para sa kanyang kaligtasan.",Petty Criminal Offenses
"5-12-26 Nagsalaysay sa tanggapan ng Punong Barangay si --, nakatira sa Linayagan Village, upang ibahagi ang kanyang reklamo. Ipinahayag niya na may mga gamit at kagamitan siya na kinuha at itinago ni --, pati na rin ang pagdadala nito ng ibang babae sa kanilang tinutuluyang apartment at ang patuloy na pananakit at pananamantala sa kanya. Idinagdag din niya ang pag-aayaw at hindi pagpapalaya ni -- sa kanya.",Family Matters
"5-13-26 Nagharap sa tanggapan ng Punong Barangay ang magkabilang panig: sina -- at --, kaugnay ng isinumbong na reklamo. Mga nilalaman at pinag-usapan: 1.​ Ang mga gamit ni -- na kinuha ni -- ay iniwan lamang nito at naiwan sa loob ng kanilang apartment. 2.​ Ang paratang na pagdadala ng ibang babae ni -- sa kanilang tinutuluyan ay itinanggi nito at sinabing walang katotohanan ang ganoong paratang.",Family Matters
"Mayo 1, 2025 Nagtungo at nagharap sa tanggapan ng Punong Barangay sina -- at -- kaugnay ng utang at hindi pagbabayad. Napagkasunduan na magbabayad si -- ng halagang 1,000 piso bawat buwan simula Enero 2022 hanggang sa mabayaran ang buong halagang 24,675 piso. Sa bahagi naman ni --, siya ay magbabayad ng 500 piso bawat buwan, at hanggang Mayo 2022 ay naipon na ang kanyang utang na umabot sa 9,900 piso. Ito ang nagsilbing kasunduan at patunay ng kanilang napag-usapan.",Money/Debt Disputes
"Mayo 8, 2026 Nagtungo sina --, --, --, at -- sa tanggapan ng Punong Barangay. Ang pangunahing reklamo ay tungkol sa ipinagbiling solar panel na hindi naman natapos o naisagawa nang maayos. Ipinahayag ng nagbenta na nais niyang maibalik ang kanyang ibinayad na kabuuang 163,000 piso dahil hindi naibigay nang tama ang gamit. Sa kabilang panig, sinabing wala silang kakayahang ibalik agad ang buong halaga, at napagkasunduang magbabayad sila nang paunti-unti hanggang Mayo 15, 2026, kung saan magbabayad muna ng 100,000 piso at ang natitirang halaga ay pag-uusapan muli sa itinakdang araw.",Contract Disputes
"Mayo 6, 2026 Nagtungo si -- sa tanggapan ng Punong Barangay. Ang pangunahing reklamo ay ukol sa utang na halagang 1,500 piso na matagal nang hindi nababayaran ni -- kay --.",Money/Debt Disputes
"Mayo 15, 2026 Nagtungo at nagharap ang magkabilang panig sa tanggapan ng Punong Barangay. Ang pangunahing reklamo ay tungkol sa hindi pagkakaunawaan at pagtatalo sa hangganan at pagmamay-ari ng lupa. Napagkasunduan na magkakaroon ng pormal na pagsukat at paglilinaw ng hangganan sa pagitan ng kanilang mga lupain, at itinakda ang susunod na pagpupulong sa Mayo 31, 2026 upang matapos at maayos ang usapin.",Property Disputes
"Hunyo 6, 2025 Nagtungo sina -- at -- sa tanggapan ng Punong Barangay. Ang pangunahing reklamo ay tungkol sa utang na halagang 50,000 piso na hindi nabayaran, at nadagdagan pa ito ng 10,000 piso bilang interes kada buwan sa loob ng 15 buwan dahil sa hindi pagbabayad. Napagkasunduan na ang kabuuang babayaran ay magiging 150,000 piso, at ito ay huhulugan ng 4,000 piso tuwing ika-15 at ika-30 ng buwan simula Mayo 30, 2026 hanggang sa mabayaran nang buo ang halaga.",Money/Debt Disputes
"Mayo 4, 2026 Nagtungo si -- sa tanggapan ng Punong Barangay. Ang pangunahing reklamo ay tungkol sa mga post at mensahe sa Facebook na isinulat at inilathala ni -- gamit ang pangalang ""Lucky Mhe Nina Vlog"", na naglalaman ng mga salitang nakakasakit at nakababastos sa kanyang pagkatao.",Neighbor Disputes
"Mayo 4, 2026 Nagtungo si -- sa tanggapan ng Punong Barangay. Ang pangunahing reklamo ay tungkol sa ipinagbiling solar panel na hindi pa naibibigay o naisasagawa nang maayos ni -- sa kabila ng naunang kasunduan. LALIG NICS 115 Mayo 5, 2026 Nagtungo sina -- at -- sa tanggapan ng Punong Barangay. Ukol pa rin sa nasabing solar panel, walang naabot na kasunduan dahil kailangang makasama pa si -- na may kinalaman din sa usapin, kaya muling itinakda ang pagpupulong sa susunod na araw.",Contract Disputes
"Mayo 12, 2026 Hindi pa rin dumating si -- sa itinakdang oras at araw ng pagpupulong. Dahil dito, ang usapin ay maaari nang isumbong sa hukuman o sa naaangkop na ahensya ng pamahalaan upang maaksyunan.",Property Disputes
"Mayo 1, 2026 Nagsalaysay sa tanggapan ng Punong Barangay si --, nakatira sa nasabing lugar, upang maghain ng reklamo laban kay --. Ipinahayag niya na mula pa noong Pebrero 18, 2026, ay mayroong hindi pagkakaunawaan tungkol sa hangganan ng kanilang lupain. Sinasabi niyang gumawa at naglatag ng mga pader at bakod ang kabilang panig na lumalagpas at sumakop sa kanyang lupang may sukat na humigit-kumulang 1,2000 metro, at ito ay isinagawa nang walang paalam at walang kaukulang pahintulot mula sa kanya. Itinakda ang pagpupulong sa Mayo 5, 2026, ganap na ika-10:00 ng umaga, upang pag-usapan at ayusin ang nasabing usapin. Lagda:",Property Disputes
"Nagtungo si --- upang magreklamo ukol sa sulat na natanggap na may plaka numero NAT544, na naging dahilan ng pagkakaalitan at hidwaan. Binanggit din na ibinigay ang tulong bilang pamilya ngunit iniharap ito sa mas nakakataas, at nang kinailangan ng tulong ay wala namang dumating. Hindi na rin naisagawa ang napag-usapan tungkol sa karanasan at posisyon, at nananatiling hindi nauunawaan ang mahalagang bagay na kaugnay nito.",Neighbor Disputes
"Nagtungo si --- upang magreklamo ukol sa nangyari sa tabi ng Public Market sa Lopez, Quezon, kung saan pagkatapos niyang magbayad, hindi na ibinalik ang kanyang sobrang sukli na may halaga.",Money/Debt Disputes
"Nagtungo si --- upang maghain ng reklamo ukol sa kasunduan sa pagbili ng lupa. Nagbayad siya ng halagang ₱960,000 bilang paunang bayad, ngunit hindi natuloy ang pagbili at paglilipat ng pagmamay-ari. Nais niyang mabawi at maibalik sa kanya ang buong halagang kanyang ibinayad.",Property Disputes
"Nagtungo si --- upang maglahad ng nangyaring kaguluhan noong gabi ng Abril 17, 2026 sa isang lugar, kung saan nagkaroon ng hindi pagkakaunawaan at mainit na salitaan. Matapos mag-usap at magpalagayan, napagkasunduan nilang magkaayos at nagkapatawaran sa isa’t isa, at pinagtibay na wala nang dapat ipaglaban o ipagalit pa at maayos na ang lahat sa pagitan nila.",Contract Disputes
"Nagtungo si --- upang magreklamo ukol sa pangyayari kung saan nakaranas siya ng panlilinlang at panloloko. Nangakuan siya na babayaran ng halagang ₱3,000 kapalit ng pagpapagawa at pagkukumpuni ng kanyang motorsiklo, ngunit hindi ito natupad. Sa halip, dinala ang sasakyan sa ibang lugar at ginamit pa ito ng iba, na nagdulot ng pinsala at kawalan ng kumpyansa.",Property Disputes
"Nagtungo si --- upang magreklamo dahil may pera na umabot sa halagang ₱37,425 ang naipadala at pumasok sa account niya ngunit hindi niya ito alam at hindi rin niya ito nakuha. Napagkasunduan na ibabalik ito ng kabilang panig, babayaran nang may halagang ₱1,000 bawat buwan simula Mayo 3, 2026 hanggang sa mabuo ang kabuuan ng halaga, at ang lahat ng babayaran ay iaabot sa itinalagang kinatawan.",Money/Debt Disputes
"Nagtungo si --- upang magreklamo dahil hindi siya pinayagang pumasok at magtrabaho sa lugar na kanyang pinagtatrabahuhan, kahit dumating siya sa tamang oras. Nakita rin niyang may kasama ang kanyang katrabaho at sinasabing siya ay sinuntok at tinamaan sa batok, habang ang paghaharap ay itinakda kinabukasan ng alas-dose ng hapon.",Petty Criminal Offenses
"Nagtungo si --- upang maghain ng reklamo laban kay --- dahil sa paglabag sa kasunduan at hindi pagtupad sa pangakong serbisyo at gawain na napag-usapan noong Abril 19, 2026. Binanggit din na nagkaroon ng hindi pagkakaunawaan, pagbabanta, at pananakit, kaya naman hiniling na maayos at mapakinggan ang kanyang hinaing ukol sa ginawang paglabag at pananakit na natamo.",Contract Disputes
"Nagtungo si --- upang magreklamo dahil ginawa at isinulat ang kanyang pangalan nang walang pahintulot at pahintulot niya. Ipinahayag din na may mga sinabi at ibinintang laban sa kanya na hindi naman totoo at walang katotohanan, na nagdulot ng pinsala at kahihiyan. Napagkasunduan na magkakaroon ng paghaharap sa Abril 24, 2026, alas-nuwebe ng umaga upang ayusin at pag-usapan nang maayos ang usapin.",Property Disputes
"Nagtungo si --- upang magreklamo ukol sa mga gawa at paninira na inilathala sa social media, at sinabing hindi totoo ang mga ibintang laban sa kanya. Ipinahayag din na matagal nang inaayos ang usapin ngunit laging naipagpapaliban, at nababahala siya dahil sa mga pahayag na maaaring magdulot ng kapahamakan, panganib, at pagkakaroon ng aksidente.",Neighbor Disputes
"Nagtungo si --- upang magreklamo dahil kinuha at hindi ibinalik ang halagang dalawang daan at limampung piso na utang at pag-aari niya. Matapos mag-usap at magkasundo, napagkasunduan na ibabalik ito sa loob ng dalawang araw.",Money/Debt Disputes
"Nagtungo si --- upang magreklamo ukol sa utang na hindi nabayaran nang tama at sa takdang panahon. Napagkasunduan na babayaran ang utang sa halagang ₱8,000 bawat buwan, ngunit hindi ito nasunod at tanging ₱400 lamang ang naibigay. May pangakong magbabayad ng ₱5,000 kada buwan, ngunit mula pa noong Setyembre 2025 ay wala nang naibigay at naitalang bayad, kaya’t umabot na sa malaking halaga ang kabuuang hindi nabayaran.",Money/Debt Disputes
"Nagtungo si --- upang magreklamo dahil kinuha at inutang ang halagang ₱2,150, ngunit hanggang ngayon ay hindi pa ito nababayaran at naisauli sa kanya.",Money/Debt Disputes
"Nagtungo si --- upang magreklamo na siya ay sinaktan at ginawan ng pananakit na pisikal ng kanyang kinakasama noong Abril 21, 2026. Binanggit din na may banta sa kanyang buhay at kaligtasan, at sinabing siya ay inalipusta at pinagbantaan pa. Nagtakda ng paghaharap upang ayusin at pag-usapan ang usapin.",Neighbor Disputes
"Nagtungo si --- upang magreklamo ukol sa hindi pagtupad sa kasunduan sa pagbabayad ng utang. Napagkasunduan na magbabayad ng ₱10,000 buwanan hanggang sa mabuo ang kabuuang halagang ₱250,000, at kapag may sobra ay ibabawas sa puhunan. Ngunit hindi ito nasunod at hindi rin binigay ang itinakdang bayad at interes, kaya’t nananatiling hindi nababayaran ang buong halaga ng utang.",Money/Debt Disputes
"Nagtungo si – upang magreklamo ukol sa hindi natapos na serbisyo at hindi maibabalik na bayad. Nabigay na ang kabayaran para sa trabaho, ngunit hindi ito naisagawa nang maayos. Humiling siya na ibalik lamang ang halagang ₱20,000 na ibinayad, ngunit sinabing may karagdagang gastos at bayarin na umabot sa ₱6,900. Mayroon ding isyu ukol sa mga nasirang gamit at bagay na nagkakahalaga ng ₱2,600. Itinakda ang pagpupulong sa Abril 23, 2026, alas-nuwebe ng umaga para sa paglilinaw at pag-aayos.",Contract Disputes
"Nagtungo si --- upang magreklamo dahil napilitan siyang pumirma sa isang kasulatan at binigyan lamang siya ng halagang ₱1,200 kapalit nito. Mayroon ding hindi pagkakaunawaan ukol sa isang cellphone na kanyang gamit at pag-aari. Napagkasunduan na muling magkita at pag-usapan ito sa Abril 27, 2026, alas-onse ng umaga.",Contract Disputes
"Nagtungo si --- upang maghain ng reklamo ukol sa hindi naibayad na halagang ₱1,300.00 na kaugnay ng kanilang pinagkasunduan at transaksyon. Humiling siya na maipakita at maibigay sa kanya ang nasabing halaga ayon sa napag-usapan. Napagkasunduan na pag-usapan at ayusin pa ito nang masinsinan, at inihanda na ang listahan ng mga kasangkot para sa karagdagang paglilinaw.",Contract Disputes
"Nagtungo si --- upang maglahad ng nangyaring kaunting alitan at hindi pagkakaunawaan sa pagitan nila na kinasangkutan ang kanilang mga kasama. Matapos mag-usap at magpalagayan, nagkapatawaran sila at sumundong na ayos na ang lahat at wala nang dapat ipaglaban. Napagkasunduan ding magbigyan pa ng ilang araw upang makapaghanda at maayos ang mga listahan at mga bagay na napagkasunduan nila.",Contract Disputes
"Nagtungo si --- upang magreklamo ukol sa hindi nabayarang utang na may halagang ₱5,700.00. Matapos mag-usap at magkasundo, napagpasyahan na babayaran ito sa loob ng sampung araw. Napagkasunduan na ibibigay ang halagang ₱5,700.00 sa Abril 24, 2026, at ang natitirang ₱2,850.00 ay ibibigay sa susunod na limang araw. Inihanda na rin ang kanilang kasulatan bilang patunay sa napagkasunduan.",Money/Debt Disputes
"Nagtungo si --- upang magreklamo dahil siya ay pinagpapalo, sinaktan, at binantaan ng kanyang kaanak sa isang pampublikong lugar sa gabi, na naganap pa sa harap ng maraming tao. Itinakda ang paghaharap sa parehong araw sa alas-diyes ng umaga upang pag-usapan at ayusin ang gulo. Matapos ang pagpupulong, napagkasunduan na itigil na ang anumang uri ng pananakit at pananakit ng damdamin, at aayusin na lamang nang maayos at mapayapa ang anumang hindi pagkakaunawaan sa pagitan nila.",Petty Criminal Offenses
"Nagtungo si --- upang maglahad ng pangyayari na naganap sa pamilihan noong Abril 15, 2026, kung saan nagkaroon ng banggaan at nasaktan ang isang bata habang ito ay nakasakay sa motorsiklo. Napagkasunduan na magtutulungan ang magkabilang panig sa lahat ng gastusing medikal at pangangalagang kailangan para sa paggaling ng bata hanggang sa ganap na ito ay makabuti.",Property Disputes
"Nagtungo si --- upang maghain ng reklamo ukol sa pagkasira ng mga gamit tulad ng telepono at laptop na nangyari dahil sa ginawa ng kausap. Napagkasunduan na magbabayad ang may sala ng halagang ₱3,500.00 kapalit ng nasirang cellphone, at ito ay babayaran nang hulugan sa loob ng tatlong buwan simula Mayo hanggang Hulyo 2026. Kapag nabayaran na nang buo ang halaga, wala nang pananagutan at usapin na mananatili sa pagitan nila. Isinulat at nilagdaan ang kasunduan bilang patunay ng napag-usapan.",Contract Disputes
"Nagtungo si --- upang magreklamo dahil siya ay binastos, sinigawan, at sinabihan ng masasamang salita at banta sa loob mismo ng barangay. Sinabi rin na pinagbantaan pa siyang sasaktan, kaya’t labis siyang natakot at nabahala sa kanyang kaligtasan. Napagkasunduan na huwag na itong ulitin at magkakasundo na lamang nang maayos. Itinakda ang muling pagpupulong sa Abril 18, 2026, upang lalo pang pag-usapan at ayusin ang usapin.",Neighbor Disputes
"Nagtungo si --- upang humiling na makausap ang kanyang kaanak dahil mayroon silang hindi pagkakaunawaan at alitan. Itinakda ang pagpupulong sa Abril 15, 2026, alas-singko ng hapon upang magkaroon ng pagkakataong mag-usap, maglinaw ng isyu, at maayos ang kanilang gulo.",Neighbor Disputes
"Nagtungo si --- upang maglahad ng hinaing ukol sa paggamit at paninira ng kanilang bahay at ari-arian. Napagkasunduan na kung may magagawang pagkasira pa, ang may sala ay mananagot at babayaran ang lahat ng pinsala hanggang sa ganap na maayos at maibalik sa dati ang lahat. Nilagdaan nila ang kanilang kasunduan bilang patunay at paninindigan sa napag-usapan.",Contract Disputes
"Nagtungo si --- upang magreklamo dahil may utang na hindi nababayaran para sa isang cellphone na kinuha nang hulugan. Napagkasunduan na babayaran ang natitirang halagang ₱4,440 bago matapos ang Abril 2026. Kapag hindi ito natupad, ibabalik ang cellphone at sasagutin pa ang anumang karagdagang gastos o pinsala. Nilagdaan nila ang kasunduan bilang patunay sa napag-usapan.",Money/Debt Disputes
"Nagtungo si --- upang pag-usapan ang tungkol sa paghahabla at mga utos mula sa hukuman na may kinalaman sa pagbabayad at karapatan ng bawat isa. Binanggit na may desisyon mula sa korte na dapat sundin hanggang Mayo 24, 2024. Ipinaliwanag ng bawat panig ang kanilang panig at hinaing — nais ng isa na maayos nang maayos at mapayapa ang lahat, habang ang kabila naman ay nais na matapos na ang usapin at wala nang gulo. Gayunpaman, walang naging malinaw na kasunduan at nanatiling bukas ang isyu, na ipagpapatuloy pa sa ibang paraan o pagkakataon.",Neighbor Disputes
Nagtungo si --- upang humiling at makipag-usap tungkol sa kanyang nais at pangangailangan na makaharap at makausap ang kanyang kausap ukol sa kanilang mga hindi pagkakaunawaan at mga bagay na kailangang linawin at ayusin sa pagitan nila.,Property Disputes
"Nagtungo si --- at umalis ng tanggapan patungong Lucena City para dumalo sa pagdinig sa hukuman noong alas-nuwebe ng umaga. Bumalik siya sa tanggapan noong alas-tres ng hapon ng parehong araw matapos ang gawain, kaugnay ng isang kaso at reklamo na inihain laban sa isang indibidwal noong ika-apat ng Hunyo.",Contract Disputes
"Nagtungo si --- upang pag-usapan ang hindi natapos at hindi maayos na paggawa ng bahay na ipinagawa niya. Napagkasunduan na tatapusin at aayusin ang lahat ng kulang at sira bago o sa Abril 16, 2026; kapag hindi nagawa, kailangang ibalik ang bayad at panagutin ang may sala.",Contract Disputes
"Nagtungo s - dahil sa isyu tungkol sa cellphone na ipinaayos, kung saan sinisingil siya ng ₱6,900, at napagkasunduan na ibabalik ito sa loob ng isang linggo bago o sa Abril 15, 2026 ngunit hanggang ngayun ay hindi pa binabalik. Nilagdaan nila ang kasunduan bilang patunay ng napag-usapan.",Contract Disputes
"Nagtungo si --- upang magreklamo ukol sa utang na halagang ₱10,500.00 na hindi pa nababayaran. Itinakda ang pagpupulong sa parehong araw nang alas-nuwebe ng umaga. Matapos mag-usap, napagkasunduan na babayaran ang utang sa pamamagitan ng hulugan: ₱500.00 simula Abril 19, 2026, hanggang sa mabayaran nang buo ang halagang ₱10,000.00. Nilagdaan nila ang kasunduan bilang patunay ng napag-usapan.",Money/Debt Disputes
"Nagtungo si --- upang maglahad ng reklamo na habang siya ay nagtatrabaho sa kalsada, ninakaw ang kanyang bag na naglalaman ng kanyang mga gamit, kagamitan, pera, at iba pang mahahalagang dokumento at pagkakakilanlan na nagkakahalaga ng mahigit anim na libong piso. Isinulat ito bilang opisyal na ulat at patunay ng pangyayari.",Petty Criminal Offenses
"Nagtungo si --- upang humiling na makausap ang kanyang kausap tungkol sa usapin ng lupa at pagmamay-ari. Sa pagpupulong noong Abril 13, 2026, naipaliwanag na ang hindi pagkakaunawaan ay tungkol sa lupang sinasabing ibinenta na noon pang Hunyo 9, 2025, ngunit hanggang ngayon ay hindi pa ito naisasagawa o naayos nang maayos.",Property Disputes
"Nagtungo si --- upang humiling na makausap ang kinauukulan tungkol sa natitirang utang na halagang ₱40,000.00. Itinakda ang pagpupulong sa Abril 9, 2026, alas-nuwebe ng umaga upang pag-usapan at ayusin ang nasabing usapin.",Money/Debt Disputes
"Nagtungo si --- upang pag-usapan ang usapin ng pagkakautang at nasasangkot na lupa. Inilahad na may utang na naiwan at kailangang bayaran, at napagkasunduan na itigil na ang pagkalkula ng interes. Magbabayad na lamang ng limang libong piso buwan-buwan hanggang sa maubos ang dalawang daan at limampung libong halaga. Ang bawat bayad ay ibabawas sa kabuuang utang, at kapag nabayaran na ang lahat, ibabalik ang nasabing lupa. Itinakda ang muling pagpupulong sa Abril 22, 2026, alas-nuwebe ng umaga upang lagdaan ang pormal na kasunduan.",Money/Debt Disputes
"Nagtungo si --- upang magreklamo dahil sila ay pinagbantaan at sinaktan ng kanyang mga kaanak sa kanilang tahanan noong alas-walo at kalahati ng gabi. Sinabi niyang natakot siya at ang kanyang mga anak dahil sa pananakit at pagbabanta na sasaktan ang buong pamilya kapag may nakakaalam ng pangyayari. Isinulat ito bilang opisyal na ulat at hiling na maaksyunan ang kanyang reklamo. Itinakda ang pagdinig o pagpupulong sa Abril 6, 2026, sa ganap na ala-una ng hapon.",Neighbor Disputes
"Nagtungo si --- upang maglahad na habang siya ay naglalakad kahapon ng alas-nuwebe ng umaga, nawala o ninakaw ang kanyang pitaka na naglalaman ng mga mahahalagang gamit tulad ng pagkakakilanlan at pera. Isinulat ito upang maging opisyal na ulat at patunay ng pangyayari.",Petty Criminal Offenses
"Nagtungo si --- upang magreklamo ukol sa natitirang utang na halagang ₱1,700.00 para sa isang motorsiklo. Napagkasunduan noong Abril 15, 2026 na ibibigay ang kaukulang bayad at ibabalik naman ang nasabing gamit batay sa napag-usapan nilang dalawa.",Money/Debt Disputes
"Nagtungo si --- upang maghain ng reklamo laban sa isang indibidwal na nakatira rin sa parehong lugar. Ayon sa kanya, noong Marso 20, 2026, bandang alas-una ng hapon, siya ay pinagtulungan, sinampal, at pinagbantaan ng kanyang buhay ng nasabing tao at mga kasama nito habang siya ay nasa tapat lamang ng kanilang bahay. Ipinagbigay-alam din niya na ang pangyayaring ito ay dahil lamang sa simpleng usapin at hindi pagkakaunawaan. Isinulat ito upang maging opisyal na ulat at hiling na maaksyunan at mapatawan ng kaukulang parusa ang may sala.",Petty Criminal Offenses
"Nagtungo si --- upang magreklamo ukol sa hindi pagbabayad ng utang na nagkakahalaga ng labindalawang libong piso. Sinabi na may kasunduang babayaran ito sa pamamagitan ng serbisyo o trabaho ngunit hindi ito tinupad. Napag-usapan na magkakaroon ng pagpupulong muli sa ika-labing-isa hanggang ika-labinglima ng buwan na ito. Binanggit din na kung hindi pa rin maayos, kailangang dumaan na sa tamang proseso at legal na hakbang upang makuha ang nararapat na kabayaran.",Money/Debt Disputes
"Nagtungo si --- upang magreklamo dahil may utang na hindi pa nababayaran at nananatili pa ring balanse na nagkakahalaga ng limang libo at pitong daang piso. Isinulat ito bilang opisyal na ulat at patunay ng kanyang hinaing. Itinakda ang pagpupulong sa Marso 27 at Marso 30, parehong alas-nuwebe ng umaga, upang pag-usapan at ayusin ang nasabing usapin.",Money/Debt Disputes
"Nagtungo si --- upang maglahad ng hinaing ukol sa kanilang kasunduan sa upa at paggamit ng pwesto. Ipinaliwanag na nagbayad siya ng halagang ₱45,000.00 bilang deposito at paunang bayad, ngunit ayon sa kanya ay hindi nasunod ang napag-usapan at may hindi pagkakaunawaan sa tunay na may-ari at kondisyon ng kanilang kasunduan.",Money/Debt Disputes
"Nagtungo si --- upang magreklamo laban sa isang indibidwal na may utang sa kanya na nagkakahalaga ng ₱700.00. Ayon sa kanya, kapag hinihingi niya ang bayad, siya ay sinasagot ng masasamang salita, pinagbabantaan, at sinasaktan pa minsan. Nangyari ito noong ika-labing-anim ng buwan na ito habang siya ay pauwi. Itinakda ang pagdinig sa Marso 25, 2026, alas-diyes ng umaga upang pag-usapan at ayusin ang usapin.",Money/Debt Disputes
"Nagtungo si --- upang hilinging makausap ang isang empleyado ukol sa mga padalang gamit na hindi naibigay at hindi rin nabayaran ayon sa napag-usapan. Sa pagpupulong noong Marso 25, 2026, napagkasunduan na may kabuuang utang na ₱54,000.00, at babayaran ito ng tig-₱3,000.00 bawat buwan simula Abril 25, 2026 hanggang sa mabayaran nang buo.",Money/Debt Disputes
"Nagtungo si --- upang magreklamo na noong Marso 22, 2026, bandang hapon, siya ay sinaktan at binugbog ng kanyang kaisa-isang anak habang sila ay nasa bahay pa lamang. Ayon sa kanya, sinasaktan siya tuwing magkakaroon ng hindi pagkakaunawaan, at natatakot siyang maulit pa ito at lumala ang pangyayari sa hinaharap.",Petty Criminal Offenses
"Nagtungo si --- upang magreklamo dahil nakatanggap siya ng mga mensahe at pananakot mula sa isang tao, na ayon daw ay galing din at sinasabayan pa ng iba pang mga kaanak. Nais niyang linawin kung bakit siya pinagbabantaan at sinasabihan ng masama. Itinakda ang pagpupulong sa Marso 25, 2026, alas-diyes ng umaga upang pag-usapan at ayusin ang usapin. Isinulat ito bilang opisyal na ulat at patunay ng pangyayari.",Neighbor Disputes
"Nagtungo si --- upang magreklamo tungkol sa pananakit sa kanya na ginawa ng mga taong kasama niya. Nangyari ito noong Marso 17, 2026, bandang alas-nuwebe ng gabi. Napag-usapan na sasagutin ng pamilya ng mga nanakit ang lahat ng gastos sa pagpapagamot, at ang mga resulta at medikal na ulat ay iaabot sa hukuman para sa kaukulang aksyon at karagdagang reklamo kung kinakailangan.",Family Matters
Nagtungo si --- upang maglahad ng reklamo tungkol sa pananakit at masamang pagtrato sa kanya. Napag-usapan at napagkasunduan nilang ayusin ang usapin at nangakong hindi na mauulit pa ang ganitong pangyayari.,Contract Disputes
"Nagtungo si --- upang magreklamo tungkol sa pananakit at masamang pagtrato sa isang bata noong Disyembre 10, 2025. Binanggit din na may iba pang mga taong kasama sa pangyayari. Itinakda ang pagdinig sa Marso 23, 2026, ala-una ng hapon upang pag-usapan at ayusin ang usapin.",Family Matters
"Nagtungo si --- upang ipahayag ang nilalaman ng kanilang kasunduan tungkol sa isang tricycle na ibinenta. Napagkasunduan na may natitirang utang na limampung libong piso na babayaran simula Marso 18, 2026. Binigyan din ng karapatan ang nagbenta na bawiin at muling bilhin ang nasabing sasakyan sa halagang animnapung libong piso. Subalit lumipas na ang takdang panahon at hindi ito nagawa, kaya’t hinihiling na maayos na ang usaping ito at magkaroon ng tamang pagsasaalang-alang.",Money/Debt Disputes
"Nagtungo si --- upang magreklamo na ang kanyang ari-arian ay sinira at kinuha nang walang paalam. Ang nasabing bagay ay itinapon at iniwan lamang sa pampublikong lugar, at nang makuha niya ay sira-sira na at wala nang gamit. Nangyari ito noong Marso 17, 2026, bandang alas-onse ng gabi. Itinakda ang pagdinig o pagpupulong sa Marso 19, 2026, alas-nuwebe ng umaga upang pag-usapan at ayusin ang usapin.",Property Disputes
"Nagtungo si --- upang maglahad na siya ay sinaktan at pinukpok sa mukha at ulo ng isang taong kilala niya. Ang nangyari ay sa pagitan ng alas-dos hanggang alas-onse ng gabi. Isinulat ito at ipinaabot sa mga kinauukulan, at itinakda ang pagdinig sa Marso 18, 2026, alas-onse ng umaga. Lahat ng pangyayari ay naganap sa tapat ng kanilang bahay mula alas-dos hanggang alas-siyete ng gabi.",Petty Criminal Offenses
"Nagtungo si --- upang magreklamo ukol sa hindi pagbabayad ng utang na nagkakahalaga ng ₱2,400.00. Isinulat ito bilang opisyal na ulat. Itinakda ang pagpupulong sa Marso 18, 2026, alas-diyes ng umaga. Sa nasabing pagpupulong, nagkasundo ang dalawa na babayaran ang utang sa halagang ₱600.00 bawat buwan simula Marso 20, 2026, hanggang sa mabayaran nang buo. Nangako rin ang may utang na tutupad sa kasunduan.",Money/Debt Disputes
Nagtungo si --- upang maglahad at ipagbigay-alam ang pagkawala ng isang aklat na pag-aari ng isang mag-aaral. Isinulat ito upang maging opisyal na ulat at patunay ng pangyayari.,Property Disputes
"Nagtungo si --- upang ipagbigay-alam ang pagkawala ng aklat na pag-aari ng kanyang apo, isang mag-aaral. Isinulat ito upang maging opisyal na ulat at patunay ng pangyayari.",Property Disputes
"Nagtungo si --- upang maglahad ng pangyayari tungkol sa aksidente at pagkabangga ng tricycle na minamaneho niya, na naganap noong alas-kwatro at kwarenta ng hapon. Ayon sa napag-usapan, sumang-ayon siyang magbabayad ng labindalawang libong piso bilang kabayaran sa nasirang sasakyan. Napagkasunduan din na kapag naibigay na ang kabuuan ng halaga, wala nang karapatang maghabol o magsampa ng anumang reklamo ang kabilang panig ukol sa nasabing insidente. Isinulat ito upang maging opisyal na patunay at talaan ng kanilang kasunduan.",Money/Debt Disputes
"Nagtungo si --- upang maglahad at ipagbigay-alam ang pagkawala ng isang aklat na ipinahiram sa kanya. Ayon sa kanya, hindi niya alam kung paano nawala ang aklat at kung sino ang kumuha nito. Isinulat ito upang maging opisyal na patunay at ulat ng pangyayari.",Money/Debt Disputes
"Nagtungo si --- upang magreklamo na ang kanyang ari-arian ay kinuha at ginamit nang walang paalam at pahintulot. Sinasabing ang kabilang panig ay nakipag-usap nang masama at nambato pa, at hindi inamin na siya ang kumuha ng mga gamit at gasolina. Itinakda ang pag-uusap at pagdinig sa Marso 17, 2026, alas-diyes ng umaga. Isinulat ito upang maging opisyal na talaan at patunay ng pangyayari.",Property Disputes
"Nagtungo si --- upang pag-usapan ang kanilang hindi pagkakaunawaan at hidwaan. Ayon sa isa, siya ay sinisisi at pinararatangan na kumuha at gumamit ng mga gamit na hindi naman niya pag-aari. Sinabi naman ng isa na ang kabilang panig ang kumuha at nagbenta ng kanyang mga gamit at ari-arian. Matapos ang pagpapaliwanagan, napagkasunduan nilang tapusin na ang usapin, wala nang sumbatan o hablahan ng paninisi, at hindi na magkakaroon ng anumang gulo o away. Nangako rin ang isa na hindi na siya muling makikialam sa buhay at gawain ng kabilang panig. Ito ay nakatala bilang patunay ng kanilang napagkasunduan.",Contract Disputes
"Nagtungo si --- upang maglahad at ipagbigay-alam ang pagkawala ng kable o kawad na tanso na may sukat na 14 mm² at habang tatlong metro. Ito ay inilalagay sana sa gilid ng kalsada sa Lalig, Tiaong, Quezon, at nawala noong Marso 11, 2026, bandang alas-nuwebe hanggang alas-nuwebe at kwarenta ng gabi. Isinulat ito upang maging opisyal na ulat at patunay ng pangyayari.",Money/Debt Disputes
"Nagtungo si --- upang ipagbigay-alam at ireklamo na simula pa noong Abril 10, 2026, ay may nakawawala at ninanakaw na gamit at kagamitan sa kanyang inuupahang pwesto. Sinasabing may pumapasok nang lihim at kinukuha ang mga kagamitan at kuryente nang walang paalam. Noong Marso 13, 2026, ay muling pumasok ang hindi kilalang tao at kinuha ang natitirang mga gamit at kagamitan, kaya’t dito na naghahain ng opisyal na reklamo at ulat sa kinauukulan.",Petty Criminal Offenses
"Nagtungo si --- upang ayusin at tapusin ang usapin tungkol sa utang at hindi pagkakaunawaan. Napagkasunduan na may natitirang halagang dapat bayaran, at itinakda ang mga petsa ng pagbabayad: Marso 25, 2026 at Abril 15, 2026. Nangako ang may utang na tutupad sa kasunduan, at kapag nabayaran na ang lahat ay wala nang hablahan o reklamo ang bawat panig. Ito ay nakatala bilang patunay ng kanilang pinagkasunduan.",Money/Debt Disputes
Nagtungo si --- upang ipagbigay-alam at ireklamo ang ginawang pananakit at pananamantala sa kanya ni ---. Sinabi niyang may banta pa na lalo itong gagawin at titindi ang masamang pagtrato sa kanya. Isinulat ito upang maging opisyal na ulat at patunay ng kanyang reklamo.,Neighbor Disputes
"Nagtungo si --- upang maglahad ng reklamo tungkol sa pananakit na ginawa sa kanya. Ayon sa pahayag, ito ay nangyari matapos ang kanilang hindi pagkakaunawaan at mainit na pagtatalo. Matapos mapakinggan ang magkabilang panig, napagkasunduan nilang wala nang sumbatan o hablahan, at nangako silang hindi na muling magkakagulo o mag-aaway pa. Isinulat ito bilang opisyal na ulat at patunay ng kanilang pinagkasunduan.",Contract Disputes
"Nagtungo si --- upang maglahad at magbigay-alam tungkol sa pagkawala ng kanyang pitaka at mga laman nito. Nawala ito noong Marso 12, 2026, habang siya ay nasa kalsada at naglalakad pauwi. Nakalagay sa loob ang kanyang mga mahahalagang dokumento at pera. Isinulat ito upang maging opisyal na ulat at patunay ng pangyayari para sa kinakailangang gamit.",Petty Criminal Offenses
"Nagtungo si --- upang maglahad ng reklamo tungkol sa hindi pagkakaunawaan at kasunduan sa lupa. Sinasabing may napagkasunduan na halaga ngunit hindi ito tinupad at binago ng kabilang panig, kaya nagkaroon ng pagtatalo at hindi pagkakaunawaan. Napagkasunduan na muling pag-usapan at ayusin ito sa darating na Marso 19, 2026, sa alas-nuwebe ng umaga. Isinulat ito upang maging opisyal na talaan at patunay ng pangyayari.",Property Disputes
"Nagtungo si --- upang ipagbigay-alam ang hindi pagtupad sa pangako at kasunduan tungkol sa perang dapat sana ay ibayad o ibigay sa kanya. Ayon sa pahayag, nakatakda itong ibigay noong Marso 20, 2026, ngunit hindi ito tinupad at itinanggi pa ng kabilang panig ang kanilang napag-usapan. Itinakda ang muling pagdinig at pag-uusap sa Marso 17, 2026, alas-nuwebe ng umaga. Isinulat ito upang maging opisyal na talaan at patunay ng pangyayari.",Money/Debt Disputes
"Nagtungo si --- upang maglahad ng reklamo tungkol sa pananakit at pang-aabuso na ginawa sa kanya. Matapos mapakinggan ang magkabilang panig at magkaroon ng pag-uusap, napagkasunduan nilang tapusin na ang usapin at wala nang sumbatan o hablahan sa isa’t isa. Nangako rin silang pananatilihin ang kapayapaan at hindi na muling magkakagulo. Nakasaad din na ang lahat ng kaukulang dokumento ay iaayos sa darating na Marso 12, 2026. Isinulat ito bilang opisyal na patunay ng kanilang napagkasunduan.",Contract Disputes
"Nagtungo si --- upang maglahad ng reklamo tungkol sa pagkawala ng mga gamit at kagamitan. Kabilang sa mga nawala ay mga dokumento, pera, at iba pang mahahalagang bagay na naiwan at nawala sa lugar ng kanilang tirahan. Isinulat ito upang maging opisyal na ulat at patunay ng pangyayari para sa kinakailangang gamit at aksyon.",Money/Debt Disputes
"Nagtungo si --- upang ireklamo at ipagbigay-alam ang hindi pagbabayad ng utang na halagang sampung libong piso. Nakatakda ang pagdinig at pag-uusap sa Marso 12, 2026, alas-nuwebe ng umaga upang ayusin at pag-usapan ang usapin tungkol sa utang at obligasyon.",Money/Debt Disputes
"Nagtungo si --- upang maglahad ng reklamo tungkol sa hindi pagbabayad ng utang na nagkakahalaga ng sampung libong piso. Itinakda ang pagdinig sa Marso 12, 2026, alas-nuwebe ng umaga upang pag-usapan at ayusin ang usapin tungkol sa bayaran at obligasyon.",Money/Debt Disputes
"Nagtungo si --- upang maghain ng reklamo tungkol sa hindi pagbabayad ng utang na nagkakahalaga ng tatlong libo at isang daang piso. Napagkasunduan na babayaran ito sa Marso 15, 2026, at kung hindi matutupad, ay may karapatan nang magsagawa ng kaukulang hakbang ang nagpautang. Isinulat ito bilang opisyal na talaan at patunay ng kanilang pinagkasunduan.",Money/Debt Disputes
"Nagtungo si --- upang maglahad ng reklamo tungkol sa hindi pagbabayad ng utang na nagkakahalaga ng tatlong libo at isang daang piso. Nakasaad na dapat sana ay nabayaran na ito noong Marso 11, 2026, ngunit hanggang ngayon ay hindi pa rin natutupad ang pangako at obligasyon. Dumating pa ang kabilang panig ngunit itinanggi ang reklamo at hindi rin tumupad sa usapan. Isinulat ito upang maging opisyal na talaan at patunay ng pangyayari.",Money/Debt Disputes
"Nagtungo si --- upang ireklamo ang paninira at pagkasira ng kanyang ari-arian na ginawa ni --- noong ikawalo ng Marso 2026. Sinabi rin na may banta pa at panggigipit na natatanggap mula sa kabilang panig. Ayon sa nagrereklamo, may mga nawawalang gamit at hindi pa maayos ang lahat, at wala rin pa itong natatanggap na paumanhin o paliwanag tungkol sa nangyari. Isinulat ito upang maging opisyal na ulat at patunay ng kanyang reklamo.",Neighbor Disputes
"Nagtungo si --- upang pag-usapan at ayusin ang hindi pagkakaunawaan tungkol sa lupang ibinenta umano ng kabilang panig. Napagkasunduan na muling magkita at mag-usap sa ika-sampu ng Marso 2026, ganap na alas-dose ng tanghali, upang linawin ang lahat at ayusin ang usapin tungkol sa sukat at halaga ng lupang pinag-uusapan.",Property Disputes
"Nagtungo si --- upang maglahad ng usapin tungkol sa pangakong tulong at bayaran na dapat sana ay ibigay sa kanya sa Marso 19, 2026. Ayon sa pahayag, pinagtibay ito ng mga sangkot at nilagdaan bilang patunay ng kanilang kasunduan at obligasyon, upang magsilbing opisyal na talaan at katibayan ng kanilang usapan.",Contract Disputes
"Nagtungo si --- upang magreklamo tungkol sa hindi pagbibigay at hindi pagtanggap ng inilaang tulong o kabayaran na nagkakahalaga ng limang daang libong piso. Ayon sa pahayag, bagaman may kasunduan at pangako, ay hindi ito natupad at nagkaroon ng hindi pagkakaunawaan at pagtatalo sa pagitan ng mga sangkot. Sinasabing may mga salita at gawa rin na naging dahilan ng lalong paglala ng kanilang gusot. Isinulat ito upang maging opisyal na talaan at patunay ng lahat ng nangyari at reklamo.",Money/Debt Disputes
"Nagtungo si --- upang maglahad ng usapin tungkol sa obligasyon at dapat bayaran na hinihingi mula sa mga empleyado ng isang establisyimento. Napagkasunduan na muling magkita at pag-usapan ito nang mas malalim sa Marso 6, 2026, ganap na alas-dos ng hapon, upang ayusin at linawin ang lahat ng bagay na may kinalaman sa kanilang kasunduan at pananagutan.",Contract Disputes
"Nagtungo si --- upang ipagbigay-alam na ilalabas at ibebenta na ang mga naiwang gamit sa kanyang apartment, bilang kabayaran sa hindi pa nababayarang upa at bayarin sa kuryente. Kabilang sa mga gamit ay makinang panlaba, repridyereytor, telebisyon, at iba pang kagamitan at kasuotan. Ibinigay rin sa kinauukulan ang mga bagay na may kinalaman sa ipinagbabawal na gamot at mga dokumento ng mga dating nangungupahan. Isinulat ito upang maging opisyal na ulat at patunay ng pangyayari.",Money/Debt Disputes
Nagtungo sina --- upang magtipon at mag-usap tungkol sa usaping kinahaharap nilang ayusin at linawin. Nagkaroon sila ng pagpupulong sa tanggapan ng barangay upang pagtibayin at pag-usapan ang mga bagay na may kinalaman sa kanilang hindi pagkakaunawaan at kasunduan.,Property Disputes
"Nagtungo muli si --- upang pag-usapan ang hindi pagbabayad ng utang na dapat sana ay nabayaran na noong Enero 27, 2026, ngunit hindi natupad ang pangako. Napagkasunduan na muling magkita at harapin ang usapin sa Marso 16, 2026, ganap na alas-nuwebe ng umaga, upang maayos at mapagkasunduan na ang dapat gawin tungkol sa obligasyon.",Money/Debt Disputes
"Nagtungo si --- upang maghain ng ulat at reklamo tungkol sa kumakalat na balita at usapin mula sa Maynila. Ito ay may kinalaman sa inilaang tulong o kabayaran na nagkakahalaga ng anim na daang libong piso, na sinasabing hindi naipamahagi nang tama at maayos. Nakalista rin ang mga pangalan ng mga taong sangkot at may kinalaman sa nasabing usapin. Isinulat ito upang magsilbing opisyal na talaan at patunay ng kanyang pahayag.",Money/Debt Disputes
"Nagtungo si --- upang maghain ng reklamo laban kay --- dahil sa hindi pagbabayad ng utang na nagkakahalaga ng labintatlong libo at anim na daang piso. Sinabi rin na may karagdagang obligasyon pa itong labing-apat na libo at limang daang piso na dapat bayaran. Napagkasunduan na muling magkita at pag-usapan ang usaping ito sa Marso 5, 2026, upang ayusin at linawin ang lahat ng bagay tungkol sa kanilang kasunduan at pananagutan.",Money/Debt Disputes
"Nagtungo si - , labing-apat na taong gulang, mula sa Sta. Cruz, Putol, San Pablo City, upang ibigay ang kanyang pahayag. Ito ay ipinasa kina Dexter Motas at Chairman Arvee Dylan para sa kaukulang aksyon at tamang paglutas sa usapin. Isinulat at nilagdaan ito bilang opisyal na talaan at patunay ng kanyang ibinigay na ulat.",Contract Disputes
"Nagtungo muli sina - at - upang ayusin ang usapin tungkol sa hindi natapos na gawaing kinontrata ni - kay -. Napagkasunduan na ibabalik ni - ang halagang 25,000 piso bilang kabayaran sa hindi natapos na serbisyo. Babayaran niya ang 10,000 piso sa Marso 7, 2026, at ang natitirang 15,000 naman sa Marso 14, 2026. Kung hindi matutupad, kusa nang isasailalim ito sa hukuman. Bilang garantiya, iiwan muna ni - ang kanyang makinang panlaba at repridyereytor, na kukunin lamang kapag nabayaran na nang buo sa itinakdang petsa.",Contract Disputes
"Nagtungo si — sa tanggapan ng barangay upang maghain ng reklamo laban kay — tungkol sa hindi pagbabayad ng utang na nagkakahalaga ng 59,000 piso. Sinabing may naunang kasunduan na ito ay dapat nabayaran na, ngunit hindi natupad ang pangako. Napagkasunduan na muling magkita at pag-usapan nang masinsinan ang usaping ito sa Marso 4, 2026, ganap na alas-otso ng umaga, upang makapagkasundo sa tamang paraan ng pagbabayad at paglutas ng gusot.",Money/Debt Disputes
"Nagtungo si — upang maghain ng reklamo tungkol sa halagang 6,000 piso na ibinigay pa noong Setyembre 2025 bilang bayad sa pagpoproseso ng lisensya para sa trabaho. Ibinigay ito sa ngalan ni —, ngunit hanggang ngayon ay wala pa ring lisensyang natatanggap at hindi rin naibabalik ang pera. Dumulog siya sa barangay upang linawin at ayusin ang usaping ito at humingi ng tamang solusyon.",Money/Debt Disputes
"Nagtungo sina — at — sa tanggapan ng barangay upang ayusin ang usapin ng kanilang pagkakautang. Napagkasunduan na babayaran ni — ang halagang 10,000 piso sa Abril 30, 2026, at ang natitirang 10,000 naman kapag nakalikom na ng pondo. Bukod dito, may karagdagang utang na 10,000 piso na babayaran ni — sa pamamagitan ng buwanang hulog na 1,200 piso simula Hunyo hanggang Hulyo 2026. Nilagdaan nila ito bilang katibayan ng kanilang pinagkasunduan.",Money/Debt Disputes
"Nagtungo ang mag-asawang — sa tanggapan ng barangay upang ayusin ang kasunduan kaugnay ng isang lupain. Nakasaad sa kanilang nakasulat na kasulatan na binubuo ito ng 75 metro kuwadrado, sa halagang limang daan at limampung piso bawat metro kuwadrado, at matatagpuan sa Sitio Sibul, Lalig,, Tiaong, Quezon. Ang kabuuang halaga ng nasabing lupa ay umabot sa 45,000 piso. Dumulog sila rito upang gawing opisyal at mapagtibay ang kanilang napagkasunduan.",Property Disputes
"Nagtungo sina — sa tanggapan ng barangay upang maglahad ng kanilang kasunduan hinggil sa lupa. Napagkasunduan na ibibili nila ang nasabing lupa sa halagang pitumpu’t limang libong piso, na matatagpuan sa Sito Siboll, Lalig, Tiaong, Quezon. Ang nasabing lupain ay may sukat na apatnapung metro kwadrado at ito ay paksa ng kanilang pag-uusap at pinagkasunduan.",Property Disputes
"Nagtungo si — sa tanggapan ng barangay upang maghain ng reklamo laban kay — dahil sa hindi pagtupad sa pinagkasunduan at hindi pagbabayad ng utang na matagal nang inaasahan. Itinakda ang pagpupulong para sa Pebrero 27, 2026, ngunit hindi dumating ang kabilang panig, kaya’t napagpasiyahan na maghahain na ng pormal na reklamo at aksyon ang barangay upang maayos ang usapin.",Money/Debt Disputes
Madalas po nilang inilalagay ang kanilang mga paso sa gitna ng common pathway kaya hirap kaming makadaan papunta sa likod ng bahay.,Neighbor Disputes
Tuwing umuulan ay direktang bumabagsak sa aming bakuran ang tubig mula sa improvised na bubong ng katabi naming bahay.,Neighbor Disputes
Ilang beses ko nang kinausap ang kapitbahay tungkol sa pag-iwan ng construction debris sa gilid ng aming lote pero hindi pa rin nila nililinis.,Neighbor Disputes
Ang alaga nilang kambing ay palaging pumapasok sa taniman namin at kinakain ang mga gulay na itinanim para sa aming pamilya.,Neighbor Disputes
Nagkaroon ng pagtatalo dahil inilagay nila ang kanilang water drum sa tapat mismo ng aming gate.,Neighbor Disputes
May kapitbahay po kaming nagsusunog ng lumang goma sa bakuran at pumapasok ang makapal na usok sa aming bahay.,Neighbor Disputes
Nahaharangan ang drainage sa pagitan ng aming bahay dahil sa mga kahon at lumang gamit na iniimbak ng katabi naming residente.,Neighbor Disputes
Ginawang tambakan ng sirang appliances ang bakanteng bahagi sa tabi ng aming bakod nang walang paalam sa amin.,Neighbor Disputes
Palaging nakaparada ang kanilang tricycle sa kanto kaya nahihirapan kaming lumabas gamit ang sasakyan.,Neighbor Disputes
Nagkakaproblema kami dahil ang kanilang alagang manok ay araw-araw na pumapasok sa aming bakuran at nagkakalat ng dumi.,Neighbor Disputes
Naglagay sila ng extension ng bubong na umaabot na sa itaas ng aming laundry area kaya hindi na natutuyo ang sinampay namin.,Neighbor Disputes
May hindi pagkakaunawaan tungkol sa paggamit ng shared na gripo sa pagitan ng dalawang kabahayan.,Neighbor Disputes
Tuwing gabi ay nagtitipon ang mga bisita nila sa tapat ng bahay namin at sobrang lakas ng usapan hanggang madaling araw.,Neighbor Disputes
Inilipat nila ang tambakan ng basura malapit sa aming bakuran kaya naaamoy namin ito buong araw.,Neighbor Disputes
Ang puno nila ay nakasandal na sa bubong namin ngunit tumatanggi silang putulin ang mga sanga nito.,Neighbor Disputes
Nagkaroon ng alitan dahil ginagamit nila ang aming side access bilang daanan ng kanilang delivery cart nang walang pahintulot.,Neighbor Disputes
Palaging nakabukas ang kanilang malakas na speaker habang nagbebenta kaya naaabala ang mga estudyanteng nag-aaral sa bahay.,Neighbor Disputes
Ang alagang aso ng respondent ay madalas tumatahol sa gabi at nagdudulot ng gulo sa buong purok.,Neighbor Disputes
Nilagyan nila ng harang ang dating maluwag na daanan papunta sa likod ng mga bahay sa lugar.,Neighbor Disputes
Nagkaroon ng sigalot dahil sa pagtapon nila ng hugas-bigas sa gilid ng aming bakod na nagdudulot ng mabahong amoy.,Neighbor Disputes
"Humiram po siya ng ₱3,500 para sa pambayad ng matrikula ng anak ngunit walong buwan na ang nakalipas at wala pa ring bayad.",Money/Debt Disputes
Pinahiram ko ng rice cooker ang respondent para sa handaan ngunit hanggang ngayon ay hindi pa naibabalik.,Money/Debt Disputes
Nag-abono ako ng puhunan para sa maliit naming negosyo ngunit hindi niya ibinalik ang napagkasunduang bahagi ko.,Money/Debt Disputes
Nanghiram siya ng welding machine para sa isang proyekto pero hindi na niya ito ibinalik matapos gamitin.,Money/Debt Disputes
May natitirang balanse siya sa hulugang cellphone na binili sa akin ngunit tumigil na siya sa pagbabayad.,Money/Debt Disputes
Umutang siya sa akin ng pera para sa pagpapagamot ng kamag-anak ngunit hindi na siya sumasagot sa aking mga mensahe.,Money/Debt Disputes
Nagkaroon kami ng kasunduan sa paghiram ng generator set pero nasira ito at ayaw niyang sagutin ang pagpapagawa.,Money/Debt Disputes
Umutang siya ng paninda sa tindahan ko at nangako na babayaran matapos ang anihan ngunit hindi ito natupad.,Money/Debt Disputes
Nagpahiram ako ng laptop para sa school requirements ng kanyang anak at hindi na ito naibalik sa takdang araw.,Money/Debt Disputes
May hindi pa nababayarang halaga para sa mga hollow blocks na kinuha niya mula sa aking hardware supply.,Money/Debt Disputes
Pinakiusapan niya akong mag-abono muna sa bayad sa internet ngunit ilang buwan na siyang hindi naghuhulog ng kanyang parte.,Money/Debt Disputes
Nanghiram siya ng bisikleta para sa trabaho ngunit ipinahiram pala ito sa ibang tao nang walang pahintulot ko.,Money/Debt Disputes
May natitirang utang siya sa pagpapatahi ng mga uniporme na ginawa ko para sa kanilang grupo. Hanggang ngayun ay hindi pa niya ito binabayaran,Money/Debt Disputes
Nangutang siya sa akin ng 1000 at sinabi na ibabalik ito para sa online selling ngunit wala akong natanggap na balik na bayad o update.,Money/Debt Disputes
Kumuha siya ng mga gamit sa aking tindahan nang pautang at tumigil na sa pagpunta matapos lumaki ang balanse.,Money/Debt Disputes
Pinahiram ko ng sound system para sa event ngunit hindi naibalik ang isang speaker pagkatapos ng okasyon.,Money/Debt Disputes
Nangako siyang huhulugan buwan-buwan ang utang para sa motorsiklo pero dalawang hulog lang ang naibigay.,Money/Debt Disputes
Humiram siya ng pressure washer para sa negosyo at ibinalik itong may sira ngunit tumatangging magbayad.,Money/Debt Disputes
Nag-abono ako sa kanilang group order ng paninda ngunit hindi nila ibinalik ang aking inilabas na pera.,Money/Debt Disputes
Pinahiram ko siya ng cash para sa renewal ng tricycle permit ngunit hindi na niya ako binayaran.,Money/Debt Disputes
Hindi kami magkasundo ng kapatid ko sa paggamit ng bahay na naiwan ng aming mga magulang. Kaya kami ay dumulog sa barangay,Family Matters
Nagkaroon ng alitan dahil ako lang ang gumagastos para sa pag-aalaga ng aming matandang ina.,Family Matters
Ang aking tiyuhin ay gumagamit ng family-owned na bukid nang hindi pinapayagan ang ibang tagapagmana.,Family Matters
May hindi pagkakaunawaan sa paghahati ng kita mula sa maliit na paupahang pag-aari ng pamilya.,Family Matters
Hindi tumupad sa usapan ang aking kapatid tungkol sa pagpapagamot para sa aming may sakit na ama.,Family Matters
Nagkaroon ng sigalot dahil sa pagdedesisyon kung sino ang maninirahan sa ancestral house.,Family Matters
Ang pinsan ko ay kumuha ng mga gamit sa bahay ng lola namin nang walang paalam sa ibang kamag-anak.,Family Matters
Hindi kami magkasundo tungkol sa schedule ng pag-aalaga sa aming lolo na may edad na.,Family Matters
May alitan sa pagitan naming magkakapatid tungkol sa paggamit ng family tricycle para sa hanapbuhay.,Family Matters
Tumanggi ang kapatid ko na ibalik ang perang pinagsama-sama para sa pagpapagawa ng puntod ng aming magulang.,Family Matters
Hindi nagkakasundo ang mga tagapagmana sa pag-upa ng bahagi ng minanang lote.,Family Matters
May pagtatalo tungkol sa pagkuha ng mga kagamitan mula sa bahay ng namatay naming kamag-anak.,Family Matters
Ang isa naming kapatid ay hindi sumusunod sa napagkasunduang hatian ng bayad sa kuryente sa iisang bahay.,Family Matters
Nagkaroon ng alitan dahil sa pagputol ng puno sa family property nang walang konsultasyon sa iba. Kaya kami ay dumulog sa barangay,Family Matters
Hindi ibinibigay ng kamag-anak ko ang bahagi ng ani na dati naming napagkasunduan bilang magkakapamilya.,Family Matters
Ang respondent ay patuloy na gumagamit ng silid sa bahay na nakalaan sana para sa isa pang kapatid. Kaya nagkakaroon ng away sa pamilya.,Family Matters
Nagkaroon ng hindi pagkakaunawaan sa pag-aalaga ng mga alagang hayop na pag-aari ng buong pamilya.,Family Matters
Tumanggi ang aking kapatid na tumulong sa gastusin para sa maintenance ng aming lola kahit may kasunduan kami.,Family Matters
May alitan sa paggamit ng water pump na magkakasamang binili ng magkakapatid.,Family Matters
Hindi maayos ang usapan tungkol sa paglipat ng pamilya ng isa kong kapatid sa bahay na pag-aari ng aming mga magulang.,Family Matters
Inilipat umano ng respondent ang palatandaan ng hangganan ng aming lote nang walang pahintulot.,Property Disputes
May hindi pagkakasundo tungkol sa lapad ng daanang ginagamit ng dalawang magkatabing lote.,Property Disputes
Naglagay sila ng permanenteng istruktura sa bahagi ng lupang matagal nang ginagamit ng aming pamilya.,Property Disputes
Ang respondent ay gumagamit ng bahagi ng aming lote bilang paradahan kahit hindi naman siya may-ari nito.,Property Disputes
Nagkaroon ng alitan dahil sa lokasyon ng bagong itinayong bakod sa pagitan ng dalawang ari-arian.,Property Disputes
Hinaharangan nila ang access papunta sa likurang bahagi ng aming lupain.,Property Disputes
May pagtatalo tungkol sa paggamit ng common open space sa loob ng compound.,Property Disputes
Ang kanilang tindahan ay lumawak at umano'y sumasakop na sa bahagi ng aming lupa.,Property Disputes
Hindi kami magkasundo sa eksaktong hangganan ng taniman na magkatabi ang lokasyon.,Property Disputes
Naglagay sila ng kulungan ng hayop sa lugar na inaangkin din ng aming pamilya.,Property Disputes
May problema sa paggamit ng easement area na nagsisilbing daanan ng ilang residente.,Property Disputes
Ang respondent ay nagbubunton ng mga materyales sa bahagi ng lupang aming ginagamit.,Property Disputes
Nagkaroon ng sigalot tungkol sa lokasyon ng poso na malapit sa hangganan ng dalawang lote.,Property Disputes
Hindi kami magkasundo sa paggamit ng bakanteng espasyo sa gitna ng magkadikit na property.,Property Disputes
Ang bahagi ng kanal ay inilipat umano at naapektuhan ang dating sukat ng aming lote.,Property Disputes
Naglagay siya ng poste sa daanang ginagamit namin para makarating sa aming sakahan.,Property Disputes
May alitan sa paggamit ng access road sa loob ng pribadong compound.,Property Disputes
Ang respondent ay nagtayo ng maliit na kubo sa lugar na inaangkin naming bahagi ng aming ari-arian.,Property Disputes
Nagkaroon ng pagtatalo dahil sa pagmarka ng bagong property line na hindi namin sinang-ayunan.,Property Disputes
Hindi kami magkasundo sa paggamit ng bahagi ng lupa na matagal nang pinaghahatian ng dalawang pamilya.,Property Disputes
Nagbigay ako ng down payment para sa paggawa ng gate ngunit hindi natapos ang proyekto sa napag-usapang panahon.,Contract Disputes
Umupa ako ng apartment at hindi ibinalik ang security deposit kahit maayos ko itong iniwan.,Contract Disputes
May kasunduan kami sa pagre-repair ng motorsiklo pero lumala pa ang sira matapos gawin.,Contract Disputes
Nagbayad ako para sa customized cabinet ngunit ibang disenyo ang na-deliver.,Contract Disputes
Kumuha ako ng tao para magpintura ng bahay ngunit iniwan niya ang trabaho nang hindi pa tapos.,Contract Disputes
Umorder ako ng mga monoblock chair para sa event ngunit kulang ang bilang na ibinigay.,Contract Disputes
Nagkaroon ng hindi pagkakaunawaan sa renta dahil may dagdag na singil na wala sa usapan.,Contract Disputes
Nagbayad ako para sa pag-install ng tiles ngunit hindi natapos ang buong area na napagkasunduan.,Contract Disputes
Kinuha ng respondent ang bayad para sa paggawa ng signboard ngunit hindi ito na-deliver.,Contract Disputes
Umupa kami ng sound system para sa okasyon pero maraming kagamitan ang hindi dumating.,Contract Disputes
Nagpagawa ako ng steel window ngunit hindi tugma ang sukat sa aming usapan.,Contract Disputes
May kasunduan sa pag-arkila ng tricycle ngunit hindi sinunod ang napag-usapang iskedyul ng paggamit.,Contract Disputes
Nagbayad ako para sa landscaping service ngunit kalahati lamang ng trabaho ang natapos.,Contract Disputes
Ang umuupa sa akin ay hindi sumusunod sa mga kondisyon na malinaw naming napagkasunduan.,Contract Disputes
Nagkaroon ng alitan matapos ibenta ang secondhand refrigerator na lumabas na may depekto agad.,Contract Disputes
Kumuha ako ng mananahi para sa uniforms ngunit hindi natapos bago ang napagkasunduang petsa.,Contract Disputes
Nagbigay kami ng reservation fee para sa venue ngunit hindi ito naibigay sa amin sa araw ng event.,Contract Disputes
Umupa ako ng kagamitan para sa construction ngunit kulang ang mga item na ipinahiram.,Contract Disputes
May kasunduan sa paggawa ng maliit na tindahan ngunit hindi sinunod ang napag-usapang materyales.,Contract Disputes
Nagkaroon ng problema sa bentahan ng gamit dahil iba ang kondisyon ng item kaysa sa ipinakita.,Contract Disputes
Pinagsabihan ako ng respondent sa harap ng maraming tao gamit ang nakakahiya at mapanirang salita.,Petty Criminal Offenses
May kapitbahay na paulit-ulit akong tinatakot na sisirain ang aking paninda kapag hindi ako sumunod sa kanya.,Petty Criminal Offenses
Sinulatan ng masasakit na salita ang pader sa tapat ng aming bahay na tumutukoy sa akin.,Petty Criminal Offenses
Paulit-ulit akong ginugulo ng respondent sa pamamagitan ng paninitsit at panlalait tuwing dumadaan ako.,Petty Criminal Offenses
Nasira ang aking mga paso matapos umanong sipain ng respondent habang sila ay nag-aaway.,Petty Criminal Offenses
Pumasok siya sa aming bakuran nang walang pahintulot at nakipagtalo sa aking pamilya.,Petty Criminal Offenses
Nagpakalat siya ng maling kuwento tungkol sa akin sa aming lugar na nakasira sa aking reputasyon.,Petty Criminal Offenses
Sinigawan at minura ako sa harap ng mga customer sa palengke.,Petty Criminal Offenses
May nagdikit ng papel na may mapanirang paratang sa harap ng aking tindahan.,Petty Criminal Offenses
Tinakot niya akong sasaktan ang aking alagang hayop kapag hindi ko inalis ang reklamo ko laban sa kanya.,Petty Criminal Offenses
Madalas pong iniiwan ng kapitbahay ang kanilang construction materials sa harap ng aming gate kaya nahihirapan kaming makapasok at makalabas ng bahay.,Neighbor Disputes
Tuwing madaling araw ay pinapaandar ng katabi naming bahay ang kanilang water pump na sobrang ingay at nakakaistorbo sa aming pahinga.,Neighbor Disputes
Nagrereklamo po ako dahil ang alagang pato ng kapitbahay ay palaging pumapasok sa aming gulayan at sinisira ang mga tanim.,Neighbor Disputes
Ilang beses na pong tinatapon ng kabilang bahay ang pinaglinisan nilang tubig diretso sa daanan sa pagitan ng aming mga bahay.,Neighbor Disputes
May kapitbahay po kaming nagsasampay ng basang damit sa bakod na nakaharang sa aming bintana at tumutulo sa aming side.,Neighbor Disputes
Yung puno ng mangga ng katabi naming lote ay sobrang lawak na ng sanga at bumabagsak na sa bubong namin ang mga sanga nito kapag may hangin.,Neighbor Disputes
Ang kapitbahay po namin ay ginawang paradahan ng traysikel ang tapat ng aming tindahan kaya nababawasan ang pumapasok na customer.,Neighbor Disputes
Madalas pong nagpapakawala ng kambing ang kapitbahay at kinakain nito ang mga halaman sa aming bakuran.,Neighbor Disputes
Humihingi po ako ng tulong dahil may kapitbahay na nagsusunog ng plastik tuwing gabi at pumapasok ang usok sa aming bahay.,Neighbor Disputes
Yung alaga nilang aso ay laging tumatahol buong gabi at hindi na kami makatulog nang maayos.,Neighbor Disputes
Nagkaroon po ng alitan dahil ang aming kapitbahay ay naglagay ng bubong na umaabot sa aming side at lahat ng tubig-ulan ay bumabagsak sa aming bakuran.,Neighbor Disputes
Ang katabing bahay ay gumagamit ng malakas na speaker habang nag-eexercise tuwing alas singko ng umaga at naaabala ang buong paligid.,Neighbor Disputes
Nagtatambak po ng lumang kahoy at yero ang kapitbahay sa gilid ng aming bakod kaya nagiging pugad ng daga.,Neighbor Disputes
Paulit-ulit pong pinapakialaman ng kapitbahay ang aming ornamental plants sa harap ng bahay nang walang paalam.,Neighbor Disputes
Yung katabi naming residente ay naglalagay ng mga paso sa gitna ng common pathway kaya hirap dumaan ang mga tao.,Neighbor Disputes
May hindi pagkakaunawaan po kami dahil naglagay ang kapitbahay namin ng ilaw na direktang nakatutok sa aming kwarto tuwing gabi.,Neighbor Disputes
Kapag may bisita ang kapitbahay ay ginagamit nila ang aming driveway nang hindi nagpapaalam.,Neighbor Disputes
Nagkaroon po ng pagtatalo dahil ang kapitbahay namin ay naglagay ng CCTV na nakatutok sa aming bakuran.,Neighbor Disputes
Ang residente sa katabing unit ay nagaalwagihanggang gabi hindi na kami makapagpahinga.,Neighbor Disputes
Madalas pong mag-ipon ng tubig sa lote ng kapitbahay at nagiging sanhi ito ng pagdami ng lamok sa lugar.,Neighbor Disputes
Ang kapitbahay po namin ay nagpaparada ng delivery cart sa makitid na eskinita kaya nahaharangan ang daanan ng mga residente.,Neighbor Disputes
Hindi po kami magkasundo dahil ginagamit ng kapitbahay namin ang aming gripo nang walang pahintulot kapag nawawalan sila ng tubig.,Neighbor Disputes
Ang kanilang manok ay umaakyat sa aming bubong tuwing umaga at nagdudulot ng ingay at dumi.,Neighbor Disputes
Nagrereklamo po ako dahil may kapitbahay kami na nagkukumpuni ng motorsiklo sa kalsada at nakakasagabal sa daan.,Neighbor Disputes
Ang katabi naming bahay ay naglagay ng kulungan ng baboy malapit sa aming kusina kaya umaalingasaw ang amoy.,Neighbor Disputes
Tuwing may handaan ay ginagamit ng kapitbahay ang buong kalsada para sa kanilang tent nang hindi nagpapaalam sa mga maaapektuhan nito.,Neighbor Disputes
"Humiram po siya ng ₱3,000 para pambili daw ng gamot ng kanyang anak ngunit isang taon na ang lumipas ay wala pa ring bayad.",Money/Debt Disputes
May utang po sa akin ang kapitbahay na pambayad sana sa grocery ngunit ilang beses nang nangako na magbabayad at hindi natutupad.,Money/Debt Disputes
Humiram po ng generator ang respondent noong brownout ngunit tumanggi nang isauli matapos gamitin.,Money/Debt Disputes
Nagpahiram po ako ng ekstrang gulong ngunit hindi na ito naibalik sa akin.,Money/Debt Disputes
May kasunduan kaming hulugan ang hiniram niyang cellphone ngunit tumigil siya sa pagbabayad matapos ang dalawang hulog.,Money/Debt Disputes
Nanghiram po siya ng puhunan para sa online selling ngunit hindi na ma-contact matapos makuha ang pera.,Money/Debt Disputes
"Pinautang ko po ng ₱3,800 ang isang magsasaka para makabili ng binhi, nangako ng bayad pagkatapos ng anihan pero sinasabing mababa ang ani kaya wala pa rin maibigay.",Money/Debt Disputes
"Humiram po ng ₱1,600 ang isang tindera saakin para makadagdag sa kanyang paninda ng gulay, nangako ng bayad tuwing may kita pero ilang buwan na ay wala pa akong natatanggap.",Money/Debt Disputes
"Humiram po ng panggastos sa binyag yung pinsan ko na si - ng ₱8,500 noong January. Sabi niya babayaran pagka-bonus niya nung May pero ngayon blinock na ako sa Messenger.",Money/Debt Disputes
"Nagsasangla po ng ATM tong isang katrabaho ko, tapos nung kinuha ko yung card dahil sabi niya may laman na pambayad sa utang niya, nalaman ko na nag-file siya ng affidavit of loss at nagpalit ng card para hindi ko makuha yung hulog.",Money/Debt Disputes
"Nag-avail po ako ng online hulugan ng cellphone sa isang kakilala rito sa barangay. Nakatapos na ako ng limang buwan, tapos nung huling hulog ko na, ayaw ibigay yung resibo at sinasabing may interes pa raw na hindi napag-usapan nung una.",Money/Debt Disputes
"Nagpautang po ako ng halagang ₱15,000 sa isang kaibigan para sa placement fee niya pa-abroad. Nakaalis na siya at dalawang taon na sa Taiwan pero ni sinkong duling wala siyang ipinadala sa akin, palaging offline kapag chinat.",Money/Debt Disputes
"Humiram po ng pera sa akin ang aking kumare na nagkakahalaga ng ₱7,500 para daw sa emergency na operasyon ng asawa niya. Nalaman ko na lang sa Facebook na nagbakasyon sila sa Boracay, pero pag sinisingil ko, walang pera daw siya.",Money/Debt Disputes
"Nag-invest po ako sa isang paluwagan dito sa aming komunidad ng halagang ₱10,000. Nung turn ko na para sumahod, bigla na lang naglaho ang coordinator at hindi na sumasagot sa mga tawag at text namin ng iba pang miyembro.",Money/Debt Disputes
Hindi po kami magkasundo ng kapatid ko sa paghahati ng gastusin sa pag-aalaga sa aming matandang ina.,Family Matters
May alitan po sa pamilya tungkol sa paggamit ng lumang bahay ng aming mga magulang.,Family Matters
Ang aking tiyuhin ay hindi sumusunod sa napag-usapang schedule ng pag-aalaga sa aming lola.,Family Matters
Nagkaroon ng hindi pagkakaunawaan sa magkakapatid tungkol sa kita mula sa minanang taniman.,Family Matters
Nagkaroon ng pagtatalo tungkol sa pag-iingat ng mga dokumento ng namayapang magulang.,Family Matters
Ang aking kapatid ay inilipat ang mga gamit ng aming ina nang hindi ipinapaalam sa ibang pamilya.,Family Matters
"Sinasadya po ng aking biyenan na pumasok sa aming kwarto kapag wala ako at pinapakialaman ang aming mga personal na gamit at pinapakialaman ang pagpapalaki ko sa aking mga anak, na nagiging sanhi ng madalas na away namin ng asawa ko.",Family Matters
Pinag-aawayan po naming magkakapatid ang pangangalaga sa aming lola na may dementia. Ang aking ate ang may hawak ng pensyon ni lola pero pinapabayaan naman niya ito sa akin at ayaw magbigay ng pambili ng mga gamot.,Family Matters
Yung bunso naming kapatid ay palaging nagdadala ng mga barkada sa bahay na iniwan ng magulang namin kung saan ako nakatira ngayon. Nag-iinuman sila hanggang madaling araw at binabastos ang asawa ko kapag sinasabihan silang matulog na.,Family Matters
"Humiram po ang aking hipag ng halagang ₱12,000 para daw sa tuition ng kanyang anak. Natuklasan ko na ipinataya niya lang ito sa online casino, at ngayon ay ayaw na niyang makipag-usap sa akin kapag naniningil ako.",Family Matters
"Pinagkakaitan po ako ng aking dating asawa na makita ang aming pitong taong gulang na anak, kahit may kasunduan kami na tuwing weekend ay pwedeng sumama sa akin ang bata. Ngayon ay tinatago niya ito sa akin.",Family Matters
"Ang aking tiyahin ay pilit na kinukuha ang kalahati ng buwanang padala ng aking kapatid mula sa ibang bansa, na para talaga sa aming may-sakit na ina, dahil sinasabi niya na siya naman daw ang nagpalaki sa amin nung bata pa kami.",Family Matters
Nagrereklamo po ako laban sa aking pinsan dahil pilit niyang pinapalayas ang aming matandang lola sa bahay na kanyang tinutuluyan upang magamit niya ang espasyo para sa kanyang bagong tayong negosyo ng carwash.,Family Matters
"Ang aking asawa ay madalas akong saktan physically at itaboy palabas ng bahay tuwing siya ay uuwing lasing galing sa sugalan, kaya humihingi ako ng proteksyon mula sa barangay para sa akin at sa aking mga anak.",Family Matters
"Nag-aaway po ang aking dalawang anak na lalaki dahil sa hatian sa tricycle na iniwan ng kanilang yumaong ama, at umabot na sa punto na nagkakapasakitan sila ng pisikal tuwing magkakasalubong sa terminal.",Family Matters
"Ang aking kapatid po ay palaging pumupunta sa aming bahay para manghingi ng pera sa aming matandang ina na may sakit, at kapag hindi nabibigyan ay nagwawala siya at sinisira ang mga kagamitan sa loob ng bahay.",Family Matters
"Inaangkin po ng aking kapatid ang buong pensyon ng aming yumaong ama na dapat sana ay hinahati sa aming tatlong magkakapatid para sa pangkalahatang gastusin ng pamilya, at ayaw niyang magpakita ng anumang ulat ng pera.",Family Matters
Ang aking pinsan po ay gumawa ng pekeng kasunduan sa pagbili ng aming ancestral home at pilit kaming pinapalayas ng aking pamilya kahit walang kaukulang pirma ng lahat ng mga tagapagmana ng ari-arian.,Family Matters
"Pinagkakaitan po ako ng aking mga kapatid ng aking karapatan na tumira sa bahay na iniwan ng aming mga magulang, at pinalitan nila ang lahat ng mga kandado ng pinto upang hindi ako makapasok at makuha ang aking mga personal na gamit.",Family Matters
"Inaangkin po ng aking tiyuhin ang bahagi ng lupa na ibinigay sa aking ama bago ito pumanaw, at pinagbabantaan niya kaming palayasin sa pamamagitan ng pagpapakita ng isang lumang dokumento na wala namang legal na bisa.",Family Matters
"Nag-aaway po kami ng kapitbahay ko dahil yung pader na itinayo niya ay lumampas ng kalahating metro sa aking lote, nalaman ko ito nung nagpasurvey ako ng lupa.",Property Disputes
"Ang aking kapitbahay ay hinarangan ang nag-iisang daanan o right-of-way papunta sa aking bahay sa likod, naglagay siya ng gate at nilagyan ng posas o lock.",Property Disputes
Nagrereklamo ako dahil ang boundary line ng aming lupa ay ginalaw ng katabi namin nung nagpatayo siya ng bagong bakod habang kami ay nasa probinsya.,Property Disputes
"May lumang easement po sa gilid ng aming lote para sa patubig ng bukid, pero tinayuan ito ng kapitbahay ko ng permanenteng istraktura kaya nababara ang tubig.",Property Disputes
"Nag-away kami ng aking pinsan dahil sa hatian ng lupang pamana, sinakop niya ang pinakamagandang bahagi sa harap ng kalsada at iniwan sa akin ang sa likod.",Property Disputes
"Ang aking katabi ay nagtayo ng extension ng kanyang bubong na sumasayad na sa aking pader, at tuwing umuulan ay sa aking lupa bumabagsak ang lahat ng tubig.",Property Disputes
"Nagrereklamo ako dahil ang aming common area sa compound ay ginawang pribadong garahe at tambakan ng isang kapitbahay, hindi na kami makadaan nang maayos.",Property Disputes
"Ayaw ibigay ng dating may-ari ang posesyon ng lupang nabili ko na at may kaukulang deed of sale, patuloy pa rin silang nakatira doon nang walang bayad.",Property Disputes
"Nag-aaway kami dahil sa isang bakod na bato na nasa pagitan ng aming mga lote, sinira niya ito nang walang paalam para palawakin ang kanyang bakuran.",Property Disputes
"Ang aking kapitbahay ay nagtayo ng balkonahe sa ikalawang palapag ng kanyang bahay na nakalawit na sa ibabaw ng aking bakuran, nawalan kami ng privacy.",Property Disputes
Nagrereklamo ako dahil ang daanan ng mga tao sa aming purok ay unti-unting sinusakop ng isang residente sa pamamagitan ng paglalagay ng mga pananim at harang.,Property Disputes
"Nag-away kami ng aking kapatid dahil sa lupang binili namin nang ambagan, ayaw niyang ilagay ang pangalan ko sa titulo at sinasabi niyang sa kanya lang ito.",Property Disputes
"Ang aking katabi ay naghukay sa gilid ng aking pader para sa kanyang itatayong septic tank, natatakot ako dahil baka gumuho ang pundasyon ng aking bahay.",Property Disputes
"Nagrereklamo ako dahil ang aking lote ay ginawang tapunan ng mga debris at semento ng kontratista ng kapitbahay ko, ayaw nilang linisin pagkatapos ng gawa.",Property Disputes
"Ang right-of-way na napagkasunduan namin taon na ang nakalipas ay biglang binawi ng may-ari ng lupa sa harap, ngayon ay wala na kaming madaanan pabalik sa amin.",Property Disputes
"Nag-away kami dahil sa boundary tree o puno na nasa pagitan ng aming lupa, pinutol niya ito nang mag-isa at kinuha ang lahat ng kahoy nang hindi ako kinonsulta.",Property Disputes
Ang aking kapitbahay ay nagtayo ng isang tindahan na nakadikit sa aking bakod at gumamit ng aking pader bilang isa sa mga dingding ng kanyang establisyimento.,Property Disputes
Nagrereklamo ako dahil ang aking paupahang lote ay ayaw lisanin ng nangungupahan kahit tapos na ang kontrata at may abiso na kami na gagamitin na namin ito.,Property Disputes
"Nag-away kami ng aking pinsan dahil sa daanan ng sasakyan sa loob ng aming subdivision compound, palagi niyang hinaharangan ng kanyang mga gamit sa negosyo.",Property Disputes
"Ang aking katabi ay naglagay ng drainage pipe na nakatutok sa aking lupa, kaya tuwing naglalaba sila ay nagiging maputik at bumabaha sa aking bakuran.",Property Disputes
Nagrereklamo ako dahil ang titulo ng lupa na aking binili ay may overlap pala sa titulo ng kapitbahay ko ayon sa huling pagsusuri ng geodetic engineer.,Property Disputes
"Nag-away kami dahil sa paggamit ng shared wall sa pagitan ng aming dalawang townhouse, nagpako siya ng mga malalaking bakal na naging sanhi ng pagkakabitak ng pader ko.",Property Disputes
Ang aking kapitbahay ay nagtayo ng temporaryong tirahan para sa kanyang mga trabahador sa loob mismo ng aking bakanteng lote nang walang pahintulot ko.,Property Disputes
Nagrereklamo ako dahil ang easement ng ilog sa likod ng aming bahay ay tinambakan ng kapitbahay ko ng mga lupa at bato kaya lumilipat ang agos sa aking pader.,Property Disputes
"Nag-away kami dahil sa isang kapirasong lupa sa pagitan ng aming mga bahay na pareho naming pinagtataniman ng gulay, inaangkin niya na sa kanya daw yun.",Property Disputes
"Ang aking katabi ay naglagay ng barbed wire sa ibabaw ng aming shared fence na nakaharap sa aking bahay, napakadelikado para sa aking mga anak na naglalaro.",Property Disputes
Nagrereklamo ako dahil ang aking lupa na may tax declaration ay unt-unting pinapasukan ng mga informal settlers na pinapayagan ng aking kapitbahay.,Property Disputes
"Nag-away kami ng aking tiyuhin dahil sa boundary ng aming sakahan, tuwing mag-aararo siya ay dinadagdagan niya ang kabig ng lupa pabor sa kanyang panig.",Property Disputes
"Ang aking kapitbahay ay nagtayo ng mataas na pader na tuluyang humarang sa bintana ng aking kusina, nawalan kami ng bentilasyon at liwanag sa loob.",Property Disputes
Nagrereklamo ako dahil ang aking bakanteng lote ay ginawang paradahan ng mga truck ng isang kumpanya dito sa amin nang walang anumang kasunduan sa upa.,Property Disputes
"Nag-away kami dahil sa paggamit ng balon o poso na nasa boundary ng aming dalawang lote, ayaw niya kaming papag-fetch ng tubig kahit may ambag kami sa paggawa.",Property Disputes
"Ang aking katabi ay nagtayo ng isang carport na ang bubong ay lumampas sa aming property line, at ang tulo ng tubig ay sumisira sa aking mga halaman.",Property Disputes
Nagrereklamo ako dahil ang aking kapatid ay nagbenta ng isang bahagi ng aming shared land nang walang aking pirma at pahintulot bilang co-owner.,Property Disputes
"Nag-away kami dahil sa alulod ng bahay ng kapitbahay ko na nakatutok sa aking bintana, tuwing umuulan ay pumapasok ang wisik ng tubig sa aking sala.",Property Disputes
"Ang aking kapitbahay ay naglagay ng mga malalaking bato sa tapat ng kanyang bahay na sumakop na sa kalahati ng kalsada, nahihirapan kaming magmaniobra ng kotse.",Property Disputes
Nagrereklamo ako dahil ang aking lote na iniwan ko habang ako ay nasa abroad ay tinayuan ng permanenteng bahay ng aking pinsan nang walang pahintulot.,Property Disputes
"Nag-away kami dahil sa pagmamay-ari ng isang lumang kalsada sa loob ng aming ari-arian, pilit niyang sinasabi na ito ay pampublikong daanan na.",Property Disputes
"Ang aking katabi ay nagtayo ng kural ng kambing na nakadikit sa aking pader ng bahay, ang ihi at dumi ng hayop ay sumisipsip sa aking pader at napakabaho.",Property Disputes
Nagrereklamo ako dahil ang aking kapitbahay ay ayaw pumayag na pumasok ang mga surveyor sa kanyang lote para makuha ang tamang sukat ng aking boundary.,Property Disputes
"Nag-away kami dahil sa paggamit ng common driveway sa aming apartment compound, palagi niyang iniiwan ang kanyang sirang motorsiklo doon nang matagal.",Property Disputes
"Nagreklamo po ako dahil ang aking pinapaupahang bahay ay hindi na binabayaran ng nangungupahan sa loob ng tatlong buwan, at ayaw pa rin nilang umalis dito.",Contract Disputes
"May kasunduan kami ng isang karpintero na aayusin niya ang aming kusina sa loob ng dalawang linggo, nakuha na niya ang down payment pero hindi na nagpakita.",Contract Disputes
"Bumili ako ng appliances sa isang tindahan na may warranty, nung masira pagkalipas ng isang linggo ay ayaw nilang palitan o irepair nang libre ayon sa usapan.",Contract Disputes
"Nagbayad ako ng paunang bayad sa isang caterer para sa darating na kasal ng aking anak, kinansela nila ang event dahil sa kanila pero ayaw ibalik ang deposit ko.",Contract Disputes
"May kontrata kami ng aking landlord na hindi magtataas ng upa sa loob ng isang taon, pero pagkalipas ng anim na buwan ay bigla siyang nagdagdag ng limang daan.",Contract Disputes
"Kumuha ako ng serbisyo ng isang tricycle driver para ihatid-sundo ang aking anak sa eskwelahan buwan-buwan, bigla siyang tumigil nang walang sabi-sabi kahit bayad na.",Contract Disputes
"Nagreklamo ako laban sa isang contractor na nag-install ng aming bubong, napakapangit ng gawa at tumutulo pa rin nung umulan, ayaw naman nilang ayusin muli.",Contract Disputes
"May kasunduan kami ng aking kapitbahay na bibilhin ko ang kanyang lumang ref sa pamamagitan ng dalawang hulog, nung ibibigay ko na ang huling hulog ay binawi niya.",Contract Disputes
"Nagpa-renovate ako ng aking banyo at nagbigay ng pondo para sa mga materyales, nalaman ko na mga mumurahing klase ang ginamit at hindi yung napagkasunduan namin.",Contract Disputes
"Ang aking kontrata sa pag-upa ng puwesto sa palengke ay may deposito na dalawang buwan, nung umalis ako matapos ang kontrata ay ayaw ibalik ng may-ari ang pera.",Contract Disputes
Nag-away kami ng aking ahente sa lupa dahil hindi niya ibinigay ang aking komisyon mula sa benta ng ari-arian na ako naman ang naghanap ng direktang mamimili.,Contract Disputes
Nagreklamo ako dahil ang kinuha kong sastre para gumawa ng mga uniporme ng aking mga empleyado ay naghatid ng mga maling sukat at kulang ang bilang ng gawa.,Contract Disputes
"May kasunduan kami na babayaran niya ang paggamit ng aking sound system sa kanyang event, matapos ang okasyon ay marami siyang reklamo at ayaw ibigay ang buong bayad.",Contract Disputes
"Ang aking landlord ay biglang nagpatupad ng bagong patakaran na bawal ang bisita sa loob ng apartment, na hindi naman nakasulat sa aming pinirmahang kontrata.",Contract Disputes
"Nagbayad ako para sa pagpapadala ng aking mga balikbayan box sa probinsya, lumipas na ang dalawang buwan ay hindi pa nakakarating at ayaw mag-refund ng ahensya.",Contract Disputes
"Kumuha ako ng aircon technician para maglinis ng aming unit, matapos niyang gawin ay tuluyan nang hindi gumana ang aircon at ayaw niyang panagutan ang sira.",Contract Disputes
"May nakasulat kaming kasunduan sa pagbili ng baboy pangkumpis, nagbigay ako ng down payment pero nung araw ng katayan ay ibinenta niya sa ibang tao ang baboy.",Contract Disputes
"Nagreklamo ako dahil ang pinaupahan kong sasakyan ay ibinalik ng nangungupahan na may matinding gasgas at yupi, ayaw niyang bayaran ang pagpapagawa sa talyer.",Contract Disputes
"Nag-away kami ng aking subcontractor sa construction dahil iniwan nila ang trabaho sa kalagitnaan ng proyekto, kahit naibigay ko na ang kaukulang sahod nila.",Contract Disputes
"May kasunduan kami sa pagbili ng isang kapirasong lupa sa pamamagitan ng installment, matapos kong makumpleto ang bayad ay ayaw niyang ibigay ang deed of sale.",Contract Disputes
"Kumuha ako ng photography service para sa kaarawan ng aking anak, natapos ang event pero anim na buwan na ay ayaw pa rin nilang ibigay ang mga soft copies ng larawan.",Contract Disputes
"Nagreklamo ako laban sa aking kasosyo sa pagtatanim ng sibuyas, nagkasunduan na hahatiin ang kita pagkatapos ng ani pero sinolo niya ang pera nung makabenta.",Contract Disputes
"May kontrata kami ng pag-upa na kasama ang bayad sa tubig at kuryente, pero ngayon ay pinagbabayad pa kami ng landlord ng karagdagang singil para sa maintenance.",Contract Disputes
"Nagbayad ako ng advance para sa pagpapagawa ng gate na bakal sa isang talyer, lumampas na ang takdang araw ng deliver pero hindi pa rin nila nasisimulan ang gawa.",Contract Disputes
"Nag-away kami ng aking supplier ng bigas dahil nagpadala sila ng mga sako na may amag at sira ang kalidad, malayo sa sample na ipinakita nila sa akin noon.",Contract Disputes
"Kumuha ako ng guwardya para sa aking tindahan sa pamamagitan ng isang agency, hindi sila nagpadala ng tao sa takdang oras kaya nanakawan ang aking establisyimento.",Contract Disputes
"May kasunduan kami ng aking pinsan na aayusin niya ang aking laptop, nagbayad ako ng pambili ng piyesa pero nalaman ko na kinuha lang niya ang mga lumang piyesa ko.",Contract Disputes
"Nagreklamo ako dahil ang pinaupahan kong washing machine sa isang laundry shop ay nasira dahil sa maling paggamit, ayaw nilang bayaran ang halaga ng unit.",Contract Disputes
"May kontrata kami sa pagbili ng mga pananim na saging, nagbayad ako ng deposito pero nung panahon ng anihan ay itinaas niya ang presyo bawat kilo nang walang abiso.",Contract Disputes
"Nag-away kami ng aking mekaniko dahil nagdagdag siya ng mga kung anu-anong serbisyo at piyesa sa aking kotse nang walang pahintulot ko, tapos ang laki ng singil.",Contract Disputes
Pinasok po ng kapitbahay ko ang aking bakuran nang walang pahintulot habang ako ay nasa palengke at sinira niya ang aking mga tanim na bulaklak dahil lang sa galit.,Petty Criminal Offenses
"Sinigawan ako at pinagmumura ng aking katabi sa harap ng maraming tao sa kalsada, tinawag akong magnanakaw at manloloko nang walang anumang ebidensya.",Petty Criminal Offenses
"Binato ng anak ng kapitbahay ang aming bintana at nabasag ang salamin, nakita ng aking anak ang ginawa niya ngunit ayaw aminin at bayaran ng kanyang mga magulang.",Petty Criminal Offenses
Nagreklamo ako dahil pinagbantaan ako ng isang lalaki sa aming purok na sasaktan daw niya ako at gigibain ang aking tricycle kapag nakita niya ulit akong dumaan doon.,Petty Criminal Offenses
"Sinasadya po ng isang residente dito na harangan ang aking daanan tuwing ako ay lalabas ng bahay, tinutulak niya ako at ginugulo nang walang dahilan.",Petty Criminal Offenses
"Nagkalat ng maling kwento sa Facebook ang aking kapitbahay, sinabi niya na ako daw ay may nakakahawang sakit para layuan ako ng mga tao sa aming barangay.",Petty Criminal Offenses
"Sinira ng isang lasing ang gate ng aming bahay nung gabi ng piyesta, sinisipa niya ito nang malakas hanggang sa matanggal ang trangka at masira ang bisagra.",Petty Criminal Offenses
"Nag-away kami ng isang drayber dahil pilit niyang pinapasok ang aking pribadong lote kahit may nakasulat na 'No Trespassing', at pinagmumura pa niya ako nung sinita ko.",Petty Criminal Offenses
"Pinagbantaan po ng aking kapitbahay ang aking buhay, sinabi niya sa mga tao na papatayin niya ako kapag hindi ko binura ang reklamo ko laban sa kanya sa barangay.",Petty Criminal Offenses
"Nagreklamo ako dahil palaging tinatapon ng katabi ko ang kanilang basura sa aking bubong, nagiging sanhi ito ng pagkabara ng aking alulod at pagkasira ng yero.",Petty Criminal Offenses
Sinira ng alagang aso ng kapitbahay ang aking mga paninda sa harap ng aking sari-sari store dahil hinayaan nilang makawala kahit alam nilang agresibo ito.,Petty Criminal Offenses
Tinawag akong 'pokpok' at kung anu-anong bastos na salita ng aking hipag sa harap ng aking mga kamag-anak nung magkaroon kami ng pagtatalo tungkol sa pera.,Petty Criminal Offenses
"Binato ng mga kabataan ang aming bubong ng mga bato at bote tuwing madaling araw, natatakot ang aking pamilya na baka may masaktan sa amin sa loob ng bahay.",Petty Criminal Offenses
"Sinadya po ng aking kapitbahay na gasgasan ang aking kotse gamit ang pako habang ito ay nakapark sa labas ng aking bahay, nakita siya sa CCTV ng kapitbahay.",Petty Criminal Offenses
Pinagbantaan ng isang lalaki sa aming kalye ang aking anak na sasaksakin daw niya ito kapag nakita niya ulit na naglalakad sa tapat ng kanilang bahay.,Petty Criminal Offenses
"Nagreklamo ako dahil pumasok ang aking kapitbahay sa loob ng aking bahay nang walang paalam habang ako ay natutulog, at nag-eskandalo siya sa loob ng aking sala.",Petty Criminal Offenses
"Siniraan ako ng aking katrabaho sa aming boss, gumawa siya ng kwento na nagpapakita na ako ay nagnanakaw ng mga suplay sa opisina kaya ako ay nasuspinde.",Petty Criminal Offenses
"Binura at sinira ng kapitbahay ang aking mga pananda sa boundary ng aming lupa, binuwal niya ang mga kawayan na inilagay ko bilang harang sa aming lote.",Petty Criminal Offenses
Sinasadya ng isang grupo ng mga kalalakihan na sipulan at bastusin ang aking anak na babae tuwing siya ay uuwi galing sa paaralan sa gabi.,Petty Criminal Offenses
Nagreklamo ako dahil pinunit ng aking kapitbahay ang aking mga posters at tarpaulin para sa aking negosyo na nakapaskil sa aking sariling bakod.,Petty Criminal Offenses
Sinigawan ako ng aking landlord sa harap ng aking mga boarders at tinawag akong patay-gutom dahil lang sa nahuli ako ng tatlong araw sa pagbabayad ng upa.,Petty Criminal Offenses
Binato ng putik ng aking kapitbahay ang aking bagong pinturang pader dahil lang sa nagalit siya nung sinabihan ko siyang huwag magtapon ng basura doon.,Petty Criminal Offenses
Pinagbantaan ng aking bayaw ang aking pamilya na susunugin daw niya ang aming bahay kapag hindi namin ibinigay sa kanya ang porsyento niya sa benta ng lupa.,Petty Criminal Offenses
Pumasok ang alagang kambing ng katabi ko sa aking halamanan at kinain ang lahat ng aking mga pananim na gulay na ibinebenta ko sana sa palengke.,Petty Criminal Offenses
Sinadya po ng kapitbahay ko na putulin ang wire ng aking internet connection dahil lang sa naiinggit siya na kami lang ang may maayos na signal sa aming kalye.,Petty Criminal Offenses
"Nagreklamo ako dahil palaging nag-iwan ng mga panirang salita ang aking kapitbahay sa aking mga post sa Facebook, sinisiraan niya ang aking pamilya sa publiko.",Petty Criminal Offenses
Sinira ng isang residente ang aking paninda na tricycle sa pamamagitan ng pagbutas sa mga gulong nito habang ako ay nasa loob ng aking bahay at nagpapahinga.,Petty Criminal Offenses
Tinulak ako at pinagbantaang sasaktan ng aking kapitbahay nung sitahin ko siya dahil sa pagpaparada ng kanyang malaking sasakyan sa tapat mismo ng aking gate.,Petty Criminal Offenses
"Pumasok ang aking kapitbahay sa aking manukan at pinakawalan ang aking mga alagang manok na panabong, nawala ang tatlong piraso na nagkakahalaga ng malaki.",Petty Criminal Offenses
Sinigawan at kinaladkad ng aking tiyahin ang aking anak na minor de edad dahil lang sa napagbintangan niya itong kumuha ng kanyang mga prutas sa bakuran.,Petty Criminal Offenses
Nagreklamo ako dahil sinadya ng kapitbahay na basagin ang aming bumbilya sa labas ng bahay para maging madilim ang aming tapat at makagawa sila ng kalokohan.,Petty Criminal Offenses
"Siniraan ako ng aking kapitbahay sa aking mga pinagkakautangan, sinabi niya na ako ay tatakas na at hindi magbabayad ng aking mga obligasyon sa kanila.",Petty Criminal Offenses
"Binato ng aking kapitbahay ang aming aso ng malaking bato at nabali ang paa nito, dahil lang sa tumahol ang aso nung dumaan siya sa tapat ng aming bakod.",Petty Criminal Offenses
Pinagbantaan po ako ng isang manginginom sa aming kalye na aabangan daw niya ako sa madilim na bahagi ng eskinita kapag hindi ko siya binigyan ng pera pambili ng alak.,Petty Criminal Offenses
"Pumasok ang aking kapitbahay sa aking tindahan at nagwala, pinagtatapon ang aking mga paninda dahil lang sa hindi ko siya pinayagang mangutang muli.",Petty Criminal Offenses
"Sinadya ng katabi ko na tapunan ng maduming langis ang aking tapat ng pinto, kaya naging madulas at mapanganib para sa aking mga anak na naglalaro doon.",Petty Criminal Offenses
Tinawag akong magnanakaw ng aking kapitbahay sa gitna ng pagpupulong ng aming homeowners association nang walang anumang patunay o basehan.,Petty Criminal Offenses
Sinira ng aking kapitbahay ang aking pananda sa lupa sa pamamagitan ng pagbunot sa mga posteng semento na inilagay ng surveyor na kinuha ko.,Petty Criminal Offenses
Pinagbantaan ako ng aking pinsan na gigibain daw niya ang aking bahay gamit ang palakol kapag hindi ko binago ang aking testimonya sa barangay tungkol sa lupa.,Petty Criminal Offenses
"Pumasok ang alagang baka ng kapitbahay sa aking palayan at niyurakan ang mga bagong tanim na palay, malaki ang naging lugi ko sa nagastos sa pagtatanim.",Petty Criminal Offenses
"Yung kapitbahay po namin, laging nagtatapon ng basura sa tapat ng gate namin imbes na mag-antay ng truck. Sobrang baho na po at pinapugaran na ng langaw ang pwesto namin.",Neighbor Disputes
"Humiram po ng sampung libo si Mareng Helen para daw sa tuition ng anak niya nung isang taon. Hanggang ngayon, puro ""bukas na lang"" ang sinasabi tuwing sisingilin ko siya.",Money/Debt Disputes
Nag-aaway po ang mga kapatid ko dahil sa naiwang lumang tricycle ni Tatay. Gusto po kasi ibenta ng panganay pero ginagamit pa nung bunsong kapatid namin pampasada.,Family Matters
Sinigawan po ako at pinahiya sa harap ng maraming tao sa palengke ni Aling Susan. Tinawag niya akong magnanakaw at manggagamit kahit wala naman siyang patunay.,Petty Criminal Offenses
Yung bakod po ng katabi naming lote ay lumagpas na sa boundary namin nung nilagyan nila ng extension para sa garahe nila. Sana po mabisita ng barangay para masukat nang tama.,Property Disputes
"Nagpagawa po ako ng cabinet sa isang karpintero at nag-down na ako ng 50%. Dalawang buwan na ang nakalipas, hindi pa rin sinisimulan at ayaw na niyang ibalik ang pera ko.",Contract Disputes
"Grabe po yung ingay gabi-gabi sa katabing boarding house. Nag-iinuman sila sa labas at sumisigaw kahit lampas hatinggabi na, hindi makatapos mag-aral ang mga anak ko para sa exam.",Neighbor Disputes
"Hindi po nagbabayad ng hulog sa kinuha niyang sapatos at pabango sa akin si Janet. Sabi niya installment, pero pagkatapos ng unang bayad ay laging nagtatago na kapag dadaan ako.",Money/Debt Disputes
"Inirereklamo ko po ang tiyuhin ko dahil ayaw kaming paalisin sa maliit na bahay na pamana ni lolo, samantalang may kasunduan naman na hahatiin sa lahat ng magkakapatid ang pwesto.",Family Matters
Binasag po ng lasing na minor yung bintana ng tindahan ko kagabi matapos ko silang sawayin na huwag mag-ingay sa tapat ng bahay namin. Nakita po sila sa CCTV ng kapitbahay.,Petty Criminal Offenses
"Gusto pong harangan ng may-ari ng katabing lupa ang daanan ng tricycle namin papasok sa highway. Sabi niya pribado raw yun, pero yun lang ang kaisa-isang kalsada na kasya ang sasakyan.",Property Disputes
"Nag-arkila po sa akin ng sound system para sa kasal si Jeffrey. Tapos na ang event at nagamit naman nang maayos, pero kulang pa rin ng limang libo ang binayad niya sa akin hanggang ngayon.",Contract Disputes
Yung aso po ng tapat-bahay namin ay laging hinahayaang gumala sa labas. Lagi pong dumudumi sa tapat ng gate namin at tinakot pa kamakailan ang bunsong anak ko nung palabas ng bahay.,Neighbor Disputes
"Kumuha po ng paninda sa akin si Marites na nagkakahalaga ng pitong libo. Sabi niya babayaran niya pagkasweldo niya nung katapusan, pero lumipas na ang dalawang buwan ay puro rason pa rin.",Money/Debt Disputes
Ayaw pong magbigay ng sustento ng ex-husband ko para sa gatas at diaper ng mga bata. May trabaho naman siya sa talyer pero inuubos lang niya ang pera niya sa pagsusugal at barkada.,Family Matters
Palagi po akong pinariringgan ng bayaw ko tuwing dadaan ako sa tapat ng bahay nila. Tinatakot niya ako na may mangyayari daw sa akin kapag hindi ko binawi ang sumbong ko sa kuya niya.,Petty Criminal Offenses
Nagsasampay po ng basang damit ang kapitbahay namin sa ibabaw mismo ng pader na pag-aari ko. Natutuluan po tuloy at nababasa ang mga gamit ko na nakaimbak sa gilid ng bakuran namin.,Neighbor Disputes
"May utang po sa akin si Kiko na walong libo mula pa nung nakaraang Pasko. Nanghihiram ako ngayon ng kahit kalahati lang dahil may emergency kami, pero blinacklist na niya ako sa Messenger.",Money/Debt Disputes
Inirereklamo ko po ang pinsan ko dahil pinutol niya ang puno ng mangga na nakatanim sa compound namin na walang paalam. Ang katwiran niya ay nadadamay daw ang bubong nila sa mga tuyong dahon.,Property Disputes
Nag-rent po ng apartment sa akin si Sarah pero apat na buwan na siyang hindi nagbabayad ng upa at kuryente. Ayaw din niyang umalis kahit ilang beses ko na siyang binigyan ng notice.,Contract Disputes
Yung tambutso po ng motor ng katabi namin ay sadyang napakaingay lalo na kapag madaling araw na siya umuuwi. Ginigising niya ang buong purok tuwing magrerebba siya ng makina sa tapat namin.,Neighbor Disputes
Nabili po sa akin ng bentilador at rice cooker si Aling Nena. Nangakong magbabayad kada linggo pero tuwing dadaan ako sa tindahan niya ay laging sarado o kaya naman ay wala daw siyang benta.,Money/Debt Disputes
Nagkakagulo po kaming magkakamag-anak dahil sa pondo na iniwan ng lola namin para sa pagpapalibing sa kaniya. Kinurakot po kasi ng tita ko ang natirang pera na dapat ay paghahatian namin.,Family Matters
Pinagbintangan po ako ng kapitbahay ko na ako raw ang kumuha ng nawawalang manok niya. Nagwawala siya sa harap ng bahay namin at pinagmumura ako kahit kakagising ko lang po nung umaga.,Petty Criminal Offenses
Yung gutter po ng bubong ng kabilang bahay ay direktang bumubuhos ang tubig sa loob ng compound namin kapag umuulan. Bumabaha po tuloy sa may kusina namin dahil sa maling design nito.,Neighbor Disputes
Nagpa-advance po ng sweldo ang helper ko para daw sa gamot ng nanay niya pero kinabukasan ay hindi na pumasok at hindi na rin macontact. Gusto ko lang po makuha yung naiwan niyang utang.,Money/Debt Disputes
Inirereklamo ko po ang biyenan ko dahil pinapakialaman niya ang pagpapalaki ko sa aking mga anak at palagi akong sinusumbatan sa harap ng aso ko na wala daw akong silbing magulang.,Family Matters
Sadyang scratching o gasgas po ang ginawa sa gilid ng kotse ko na nakapark sa tapat ng bahay namin. Nakita ko sa dashboard camera na yung kapitbahay kong nakaalitan ko nung isang araw ang gumawa.,Petty Criminal Offenses
Yung ugat po ng malaking puno ng acacia mula sa bakuran ng katabi namin ay sumisira na sa semento ng sahig ng aming sala. Delikado po baka gumuho ang pader namin dahil dito.,Property Disputes
"Kumuha po ako ng catering service para sa binyag ng anak ko at nagbayad na ng buo. Nung araw ng okasyon, kulang ang pagkain at panis pa ang ulam na dinala nila sa amin.",Contract Disputes
Araw-araw pong nagsusunog ng tuyong dahon at plastik ang nakatira sa likod ng bahay namin. Pumasok po ang usok sa kwarto ng sanggol ko na may hika kaya laging isinusugod sa ospital.,Neighbor Disputes
"Nagpahiram po ako ng laptop sa katrabaho ko para sa temporary work from home niya. Anim na buwan na siyang nag-resign pero ayaw pa rin ibalik ang gamit ko, ginagamit na daw ng kapatid niya.",Money/Debt Disputes
Niloloko po ng panganay kong kapatid ang aming matandang ina para pirmahan ang deed of sale ng lupa sa probinsya na hindi naman napagkasunduan ng buong pamilya. Nais namin itong pigilan.,Family Matters
Sinundan po ako ng isang lalaki habang naglalakad pauwi sa aming eskinita at hinawakan ang aking braso habang bumubulong ng mga bastos na salita. Natatakot na po akong lumabas mag-isa.,Petty Criminal Offenses
"Ang aming shared pathway o daanan ng mga tao sa purok ay nilagyan ng tindahan ng isa naming kapitbahay kaya halos hindi na makadaan ang mga residente, lalo na kapag may dalang grocery.",Property Disputes
Nagbayad po ako ng down payment para sa pag-arkila ng jeep para sa outing namin. Kinansela nila ang biyahe dahil nasiraan daw pero ayaw na nilang ibalik ang dineposito kong pera.,Contract Disputes
"Yung aircon ng kapitbahay namin ay sobrang ingay ng compressor at ang tulo ng tubig nito ay diretso sa bubong namin, gumagawa ng nakakarinding ingay buong gabi kaya hindi kami makatulog.",Neighbor Disputes
"Nanghiram po ng pera ang kumare ko para daw pambayad sa kuryente dahil mapuputulan na sila. Dalawang taon na, tuwing sisingilin ko ay siya pa ang galit at nagdadabog sa akin.",Money/Debt Disputes
"Inirereklamo ko po ang asawa ko dahil palagi siyang lasing at nagwawala sa loob ng bahay, binabasag ang mga plato at tinatakot ang mga bata tuwing humihingi ako ng panggastos sa araw-araw.",Family Matters
Pinagbabato po ng kapitbahay namin ang bubong namin gamit ang mga bato at bote nung nakaraang gabi habang sila ay nag-iinuman. Natakot po ang pamilya ko dahil may mga bata kaming natutulog.,Petty Criminal Offenses
"May alitan po kami sa sukat ng lupa dahil nung nagpasurvey ang katabi ko, pinalabas nila na sa kanila ang kalahati ng daanan na matagal na naming ginagamit bilang daan papuntang kalsada.",Property Disputes
"Bumili po ako ng segunda manong motorsiklo sa isang kakilala at nagkapirmahan kami na ibibigay ang orig na OR/CR pagkatapos ng isang buwan. Anim na buwan na, puro palusot pa rin ang sinasabi.",Contract Disputes
Ang mga manok na panabong ng kapitbahay ko ay nakakulong sa tapat mismo ng bintana ng aming kusina. Sobrang baho ng dumi at napakaraming langaw na pumapasok sa aming pagkain.,Neighbor Disputes
Nag-supply po ako ng mga gulay at karne sa karinderya ni Aling Myrna pero hindi niya binayaran ang huling tatlong delivery na nagkakahalaga ng anim na libong piso. Sabi niya wala pa siyang kita.,Money/Debt Disputes
Ayaw pong makipagtulungan ng kapatid ko sa pag-aalaga at mga gastusin para sa aming paralisadong ama. Ako lahat ang sumasagot sa gamot at pagkain habang siya ay nagwawaldas lang ng pera.,Family Matters
Pinasok po ng kapitbahay namin ang aming bakuran nang walang pahintulot para kumuha ng mga panggatong at pinagpuputol ang aking mga tanim na halaman nang hindi man lang nagtatanong.,Petty Criminal Offenses
Kumuha po ako ng online seller coordinator para magbenta ng mga damit ko. Nagpadala ako ng mga items nagkakahalaga ng sampung libo pero hindi niya ako binalikan ng kita o ng mga unsold items.,Contract Disputes
Nagsasagawa po ng welding shop sa loob ng residential area ang kapitbahay ko. Ang talsik ng spark ay umaabot sa aming garahe at ang amoy ng sinusunog na bakal ay nagdudulot ng ubo sa amin.,Neighbor Disputes
Humiram po ng pera para sa emergency medical operations ang kapitbahay ko. Nangakong magbabayad gamit ang kaniyang 13th month pay pero nung makuha niya ito ay ibinili lang niya ng bagong TV.,Money/Debt Disputes
Nag-aaway po kami ng aking pinsan tungkol sa kung sino ang dapat magmay-ari ng lumang pwesto ng tindahan na iniwan ng aming lolo na walang kasulatan o testamento bago pumanaw.,Family Matters
Gumawa po ng pekeng account sa Facebook ang isang kakilala ko at ginamit ang aking mga larawan para manira ng ibang tao at magpakalat ng mga maling kwento tungkol sa aking personal na buhay.,Petty Criminal Offenses
Ang lupa po na ibinenta sa amin nung nakaraang taon ay may ibang tao palang umaangkin ngayon at sinasabing peke ang pinanghahawakan naming pirma ng dating may-ari na kamag-anak din nila.,Property Disputes
"Nagpa-renovate po ako ng banyo sa isang contractor. Kalahati pa lang ang nagagawa pero iniwan na nila ang trabaho dahil may nakuha silang mas malaking project, ayaw nilang ibalik ang sobra sa bayad.",Contract Disputes
"Ang puno ng niyog ng kapitbahay namin ay nakalaylay na sa ibabaw ng aming bubong. Ilang beses na kaming natutulugan ng tuyong niyog na nagdulot ng butas sa aming yero, ayaw naman nilang putulin.",Neighbor Disputes
Hindi po ako binabayaran ng aking dating kasamahan sa trabaho para sa sinalihan niyang paluwagan sa opisina. Nakuha na niya ang kaniyang sahod nung unang buwan pero hindi na naghulog pagkatapos.,Money/Debt Disputes
Gusto po akong palayasin ng aking stepmother sa bahay ng aking ama ngayong pumanaw na si tatay. Sinasabi niya na wala daw akong karapatan dito dahil hindi naman niya ako tunay na anak.,Family Matters
"Hinarangan po ng tricycle driver ang tapat ng gate namin at nung pakiusapan ko siyang iurong nang kaunti para makalabas ang sasakyan ko, pinagmumura niya ako at hinamon ng suntukan.",Petty Criminal Offenses
"Yung kapitbahay po namin ay nagtayo ng piggery sa likod ng bahay nila na dikit sa aming boundary line. Sobrang tindi po ng amoy ng dumi ng baboy, hindi kami makakain nang maayos sa aming kusina.",Neighbor Disputes
"May kasunduan po kami ng aking tenant na aalis siya sa katapusan ng buwan dahil gagamitin na ng pamilya ko ang pwesto, pero ngayon ay ayaw niyang lumabas at nagbanta pang magwawala.",Contract Disputes
Lagi pong nagpaparada ng sasakyan ang kapitbahay sa tapat mismo ng aming daanan ng sasakyan. Hirap na hirap po kaming magpasok at maglabas ng aming motorsiklo dahil sinasakop nila ang kalsada.,Neighbor Disputes
Nagpautang po ako ng pera para sa puhunan sa palengke ng aking kaibigan. Sabi niya hahatiin namin ang kita buwan-buwan pero nung lumago ang negosyo ay ayaw na niyang magpakita sa akin.,Money/Debt Disputes
"Pinagkakaitan po kami ng aking tita sa karapatan naming gumamit ng poso na nasa gitna ng aming magkakabit na compound, kahit pa ang lolo namin ang nagpagawa nun para sa aming lahat.",Family Matters
Nag-post po sa social media ang katrabaho ko ng mga mapanirang usapan na ako raw ay nagpupuslit ng mga gamit mula sa opisina. Sobrang naapektuhan po ang aking reputasyon at trabaho dahil dito.,Petty Criminal Offenses
Yung dulo po ng pader ng aming katabi ay sumakop sa halos kalahating metro ng aming eskinita na siyang daanan ng mga residente papuntang barangay hall. Sobrang sikip na po tuloy ngayon.,Property Disputes
"Bumili po ako ng cellphone sa isang online seller na may warranty daw ng anim na buwan. Sira po ang nakuha ko at nung ibinabalik ko para mapalitan, hinarangan na niya ang aking account.",Contract Disputes
Yung mga bata po sa tapat namin ay laging naglalaro ng basketball sa tapat ng bahay namin gamit ang improvised na ring. Ilang beses na nilang natamaan ang aming bintana at mga halaman.,Neighbor Disputes
"Sumalo po ako sa hulog ng isang motorsiklo mula sa aking pinsan at nagbayad na ako ng malaking halaga, ngunit nung matapos ko ang hulog ay ayaw niyang ilipat sa pangalan ko ang mga papeles.",Money/Debt Disputes
"Gusto po akong obligahin ng aking mga kapatid na bayaran ang lahat ng utang na naiwan ng aming mga magulang nung sila ay mamatay, kahit pa pare-pareho naman kaming nakinabang sa ari-arian nila.",Family Matters
Sinasadya pong tapunan ng dumi ng pusa ng aming kapitbahay ang aming bubong tuwing gabi upang inisin kami dahil nagreklamo kami dati tungkol sa kanilang maingay na videoke tuwing weekend.,Petty Criminal Offenses
Inirereklamo ko po ang may-ari ng katabing bakanteng lote dahil hinahayaan lang niyang tumubo ang matataas na talahib at pamugaran ng mga ahas at daga na lumilipat na sa loob ng bahay namin.,Neighbor Disputes
Nagpagawa po ako ng pinto at bintana sa isang welding shop at nagbigay na ng deposit para sa materyales. Lumipas ang tatlong linggo na lagpas sa deadline pero wala pa ring nadidiliber sa amin.,Contract Disputes
Ang alagang manok ng kapitbahay namin ay palaging pumapasok sa aming veranda at doon nangingitlog at dumudumi. Sinabihan ko na sila pero ang sagot ay hindi naman daw nila matatalian ang ibon.,Neighbor Disputes
"Nanghiram po ng pera sa akin ang isang tricycle driver para ipagawa ang kaniyang gulong at nangakong huhulugan araw-araw mula sa pasada, ngunit isang linggo lang nagbayad at tuluyan nang nagtago.",Money/Debt Disputes
Pinag-aawayan po namin ng aking kapatid ang pamamahagi ng kita mula sa paupahang kwarto na iniwan ng aming mga magulang. Solong kinukuha ng bunso ang bayad at ayaw magbigay sa amin.,Family Matters
Tinakot po ako ng asawa ng aking kapitbahay na sasaksakin daw niya ako kapag nakita pa niya akong nagdidilig sa gilid ng kalsada na malapit sa kanilang nakaparadang motorsiklo.,Petty Criminal Offenses
"Ang amin pong boundary line ay binago ng katabing may-ari nung gumawa sila ng bagong drainage system, sinira nila ang lumang landmark at nilagpasan ang tamang sukat ng kanilang lote.",Property Disputes
"Nag-arkila po kami ng resort para sa isang family reunion at nagbayad na ng reservation fee. Pagdating namin doon, may ibang gumagamit at ayaw kaming papasukin o ibalik ang aming pera.",Contract Disputes
"Ang mga nangungupahan sa tapat ng bahay namin ay laging nagtatambay sa tapat ng aming bintana habang nagsisigarilyo, pumapasok po ang mabahong usok sa loob at nahihirapan ang nanay kong matanda.",Neighbor Disputes
Nangutang po ang aking katrabaho ng pambili ng gatas ng kaniyang anak. Isang taon na ang nakalipas at nakalipat na siya ng ibang kumpanya ngunit hindi pa rin binabayaran ang kaniyang utang.,Money/Debt Disputes
Inirereklamo ko po ang aking tiyo dahil ginagamit niya ang pangalan ng aking yumaong ama upang kumuha ng mga donasyon at tulong pinansyal mula sa mga kamag-anak namin sa ibang bansa.,Family Matters
"Binaligtad po ako ng aking kapitbahay sa pamamagitan ng pagkalat ng kwento na ako raw ang nagnakaw ng kaniyang mga pananim na orchids, dahilan upang pag-usapan ako ng masama sa aming purok.",Petty Criminal Offenses
"Gusto pong kunin ng isang developer ang maliit na bahagi ng aming bakuran para daw sa gagawing kalsada ng subdivision, pero wala naman silang pinapakitang kaukulang permit o bayad sa amin.",Property Disputes
May kontrata kami sa isang mananahi para sa mga uniporme ng aming shop. Lagpas na sa napagkasunduang petsa at bayad na ang materyales pero kalahati pa lang ang natatapos niya.,Contract Disputes
"Yung mga kabataan po na nakatira sa dulo ng eskinita ay madalas maglaro ng online games sa labas ng bahay namin hanggang madaling araw, sobrang ingay at nagmumura pa tuwing natatalo sila.",Neighbor Disputes
Humiram po ng pera ang may-ari ng sari-sari store para daw sa pandagdag ng kaniyang grocery items. Ilang buwan na ang lumipas at malakas naman ang kaniyang benta pero ayaw niyang magbayad.,Money/Debt Disputes
Inirereklamo ko po ang aking nakatatandang kapatid dahil pinagmamalupitan niya ang aming bunsong kapatid na may kapansanan sa pag-iisip tuwing lasing siya at umuuwi sa aming bahay.,Family Matters
Sinadya pong sirain ng kapitbahay ko ang aming doorbell sa pamamagitan ng pagpukpok nito ng bato dahil daw naiingay siya tuwing may nagdedeliver ng mga order namin sa online shop.,Petty Criminal Offenses
May hindi pagkakaunawaan po kami tungkol sa right-of-way dahil ang tanging daanan po namin palabas ng aming compound ay nilagyan ng gate ng may-ari ng lupang nasa unahan namin ngayon.,Property Disputes
"Nag-avail po ako ng package para sa pag-aayos ng mukha at buhok para sa kasal ng kapatid ko, ngunit hindi sumipot ang makeup artist sa tamang oras kaya na-late kami at nasira ang schedule.",Contract Disputes
Nagtatapon po ng maruming tubig mula sa paglalaba ang kapitbahay namin diretso sa aming eskinita kaya palaging madulas at mabaho ang daanan ng mga tao sa aming lugar araw-araw.,Neighbor Disputes
"Nagpautang po ako ng pera sa aking kumare gamit ang kaniyang gintong alahas bilang sangla, pero nalaman ko na peke pala ang alahas nung sinubukan kong ipasuri ito sa pawnshop.",Money/Debt Disputes
Nag-aaway po kaming magkakapatid dahil ayaw ibigay ng isa naming kasama sa bahay ang share ng aming bunso mula sa perang ipinapadala ng aming ate na nagtatrabaho sa ibang bansa.,Family Matters
Pinasok po ng hindi kilalang tao ang aking bakuran at nung sinita ko ay pinagmumura ako at sinabing wala akong karapatang magpalayas sa kaniya dahil kalsada daw ang pwesto na tinitindigan niya.,Petty Criminal Offenses
Ang aming boundary fence ay bigla na lang giniba ng katabi naming lote habang kami ay nasa trabaho upang magtayo sila ng sarili nilang pader na pumasok na sa loob ng sukat ng lupain ko.,Property Disputes
"May kasunduan kami ng isang ahente na ibibigay niya ang komisyon ko sa paghahanap ng mamimili ng kaniyang kotse. Matapos mabili ang sasakyan, hindi na niya ako sinasagot sa tawag.",Contract Disputes
"Yung mga nakatira sa itaas ng aming inuupahang kwarto ay palaging nagpupukpok ng kung ano-ano tuwing gabi, dahilan upang magising ang aking sanggol at hindi kami makapagpahinga nang maayos.",Neighbor Disputes
"Nanghiram po ng limang libo sa akin ang isang vendor sa palengke para pambayad sa kaniyang pwesto. Isang taon na ang nakalipas, tuwing dadaan ako ay tinataguan niya ako sa ibang stall.",Money/Debt Disputes
"Ayaw pong pirmahan ng aking tiyo ang papeles para sa waiver of rights ng lupa na matagal nang ibinigay ng lolo namin sa aking ina, humihingi po siya ng malaking halaga bago pumirma.",Family Matters
"Sinabihan po ako ng aking kapitbahay ng ""baog"" at ""walang kwentang babae"" sa gitna ng daan habang maraming tao ang nakakarinig, na nagdulot sa akin ng matinding kahihiyan at iyak.",Petty Criminal Offenses
Yung drainage pipe po ng katabing commercial building ay nakatutok sa aming pribadong lote kaya doon bumubuhos ang lahat ng maruming tubig at basurang galing sa kanilang pasilidad.,Neighbor Disputes
Nagpagawa po ako ng kusina sa isang mason at nagbayad na ng pambili ng semento at graba. Kinuha niya ang pera pero hindi na bumalik upang tapusin ang natitirang kalahati ng trabaho.,Contract Disputes
"Ang alagang kambing ng kapitbahay namin ay hinahayaang makalag sa gabi at kinakain ang aking mga pananim na gulay at bulaklak sa aking bakuran, ilang beses ko na silang sinabihan tungkol dito.",Neighbor Disputes
"Kumuha po ng paninda sa aking online shop ang isang reseller at nangakong magbabayad matapos ang isang linggo, pero lumipas na ang buwan ay blinock na ako sa lahat ng social media accounts niya.",Money/Debt Disputes
Inirereklamo ko po ang aking amain dahil palagi niyang kinukuha ang pera ng aking ina na kita mula sa paglalaba para lang ipambili ng alak at ipangtaya sa iligal na sabong dito sa amin.,Family Matters
"Sinasadya pong harangan ng motorsiklo ng kapitbahay ang tapat ng aming pintuan upang hindi kami makalabas nang maayos, nung pakiusapan ko ay nagbanta pa silang reresbakan ako ng pamilya niya.",Petty Criminal Offenses
"Gusto pong bakuran ng aming katabi ang bahagi ng lupang matagal nang itinalagang pampublikong eskinita ng aming komunidad, dahilan upang mawalan ng daanan ang mahigit sampung pamilya.",Property Disputes
Nag-arkila po ako ng pwesto para sa aking maliit na negosyo at nagbayad ng dalawang buwang deposit. Biglang binawi ng may-ari ang pwesto pagkalipas ng isang linggo at ayaw ibalik ang deposit ko.,Contract Disputes
Yung usok at amoy po mula sa ihawan ng barbecue ng aming kapitbahay ay direktang pumapasok sa aming sala tuwing hapon. Sumasakit po ang ulo namin gabi-gabi dahil sa tindi ng amoy ng sunog.,Neighbor Disputes
Nanghiram po ng pitong libo ang aking bayaw para daw sa pagpaparehistro ng kaniyang sasakyan. Lumipas na ang itinakdang buwan ng bayaran pero wala pa rin siyang kusa na magsauli ng pera.,Money/Debt Disputes
Nagkakagulo po kaming magpipinsan dahil sa pamana ng aming lolo na isang kalabaw at mga kagamitan sa bukid. Ayaw po kasing ipagamit ng nakatatandang pinsan sa iba naming kasamahan.,Family Matters
Pinagbantaan po ako ng isang lalaki sa aming purok na raratratin daw niya ang aking bahay matapos magkaroon ng simpleng sagutan ang aming mga anak habang naglalaro sa labas ng kalsada.,Petty Criminal Offenses
"Yung bagong pader na itinayo ng katabi namin ay sumakop sa easement o dalampasigan ng sapa na katabi ng aming lote, na naging dahilan upang masira ang proteksyon namin laban sa baha.",Property Disputes
Nagkasundo kami ng isang tsuper na ihahatid niya ang aming mga produkto sa Maynila. Nag-advance ako ng pambili ng krudo pero hindi siya sumipot sa takdang oras at hindi na macontact.,Contract Disputes
Ang videoke po sa tapat namin ay walang tigil kahit lampas alas-dose na ng gabi tuwing may birthday. Hindi po makatulog ang aking lola na may sakit sa puso dahil sa lakas ng bass ng sound system.,Neighbor Disputes
"Nangutang po sa akin ang aking kapitbahay para daw pambili ng bigas at ulam nung mawalan ng trabaho ang asawa niya. Ngayong may trabaho na silang dalawa, ayaw na nilang bayaran ang utang nila.",Money/Debt Disputes
Inirereklamo ko po ang aking kapatid dahil palagi niyang binebenta ang mga kagamitan sa loob ng aming ancestral home nang walang pahintulot mula sa aming iba pang mga magkakapatid.,Family Matters
Pinaratangan po ako ng aking biyenan na ako raw ay nangungurakot sa sweldo ng aking asawa at pinagkakalat ito sa aming mga kapitbahay na nagdulot ng malaking pinsala sa aking dangal.,Petty Criminal Offenses
"Ang sanga po ng puno ng santol ng aming katabi ay nakalaylay na sa aming bakuran at nagpababagsak ng mga uod at bulok na prutas sa aming garahe, ayaw naman nilang payagang putulin namin ito.",Neighbor Disputes
May kontrata kami sa isang gumagawa ng aluminum window para sa aming bahay. Nagbayad na ako ng down payment pero lumipas ang isang buwan ay wala pa ring ginagawa o dalang materyales.,Contract Disputes
Ang alagang pusa ng kapitbahay ko ay palaging pumapasok sa aming kusina at ninanakaw ang aming mga ulam na nakahanda sa lamesa. Ilang beses ko na silang sinabihan na ikulong ito.,Neighbor Disputes
Nagpahiram po ako ng pera sa aking katrabaho na pambili daw niya ng gamot para sa kaniyang anak. Nalaman ko na lang sa iba na ipinansugal lang pala niya ito sa online casino.,Money/Debt Disputes
Inirereklamo ko po ang aking tiya dahil ayaw niyang ibigay ang bahagi ng aking yumaong ina mula sa benta ng lupain na ipinamana ng aming mga nuno na matagal nang naibenta.,Family Matters
"Sinadya pong gasgasan ng isang tinedyer ang aking bagong biling motorsiklo habang ito ay nakapark sa tapat ng aming bahay. Sabi ng mga nakakita, ginawa niya ito dahil sa utos ng kaniyang tropa.",Petty Criminal Offenses
Ang sukat po ng kalsada na ibinigay sa amin bilang right-of-way ay unti-unting pinapakitid ng katabing may-ari sa pamamagitan ng paglalagay ng mga malalaking paso ng halaman sa gilid.,Property Disputes
"Kumuha po ako ng aircon cleaning service para sa tatlong unit sa aming bahay. Matapos nilang linisin, hindi na gumagana ang dalawang unit at ayaw nilang panagutan ang sira ng mga ito.",Contract Disputes
Nagpapatugtog po ng napakalakas na sound system ang kapitbahay namin tuwing alas-singko pa lang ng umaga araw-araw. Nagigising po ang aking mga anak na panggabi ang pasok sa trabaho.,Neighbor Disputes
Nanghiram po ng limang libo sa akin ang aking kaibigan para daw sa pagpapasuri ng kaniyang asawa sa ospital. Lumipas ang anim na buwan pero nakikita ko siyang nag-iinuman gabi-gabi.,Money/Debt Disputes
Nag-aaway po kaming magkakapatid dahil ayaw pirmahan ng panganay namin ang bentahan ng maliit na lote na gagamitin sana namin pampagamot sa aming maysakit na magulang.,Family Matters
"Minura po ako at tinawag na ""walang hiya"" ng aking kapitbahay sa harap ng aking mga anak dahil lang sa hindi ko pagpapahiram sa kaniya ng aming hagdanan nung nakaraang linggo.",Petty Criminal Offenses
"Ang aming katabi ay nagtayo ng septic tank na napakalapit sa aming poso ng tubig. Ngayon po ay may kakaibang amoy at kulay na ang tubig na lumalabas sa aming gripo, delikado sa kalusugan.",Neighbor Disputes
"Nag-arkila po kami ng kasuotan para sa graduation ng anak ko at nag-iwan ng security deposit. Nung ibalik namin nang maayos ang damit, ayaw nang ibalik ng shop ang aming deposit.",Contract Disputes
Ang basura po ng kabilang purok ay sadyang itinatapon sa tapat ng aming bakanteng lote tuwing gabi. Naging tambakan na po tuloy ng dumi ang lugar at umaalingasaw ang amoy sa amin.,Neighbor Disputes
Kumuha po ng grocery items sa aking tindahan ang aking kapitbahay na nagkakahalaga ng apat na libo. Sabi niya babayaran niya sa katapusan pero ngayon ay lumilipat na siya ng ibang tirahan.,Money/Debt Disputes
"Inirereklamo ko po ang aking asawa dahil palagi niyang kinuha ang aming perang pangkain upang ibigay sa kaniyang mga magulang at kapatid, dahilan upang magutom ang sarili naming mga anak.",Family Matters
Hinamon po ako ng suntukan ng isang lalaki sa aming eskinita habang hawak ang isang matalim na piraso ng bakal matapos ko siyang sawayin sa pagpapatakbo ng motor nang mabilis sa lugar.,Petty Criminal Offenses
Ang bakod po ng aming katabi ay pumasok na sa sukat ng aming lote nung muli nilang ipagawa ito gamit ang hollow blocks. Kitang-kita po sa aming lumang titulo na nabawasan ang aming pwesto.,Property Disputes
May kasunduan kami ng isang online seller na magsu-supply siya ng mga sapatos para sa aking boutique. Nagbayad na ako ng buo pero walang dumating na package at hindi na siya sumasagot.,Contract Disputes
"Ang tambutso po ng generator ng katabi naming shop ay nakatutok mismo sa bintana ng aming kwarto. Tuwing may brownout, pumapasok ang maitim na usok at ingay na nakakahilo sa amin.",Neighbor Disputes
Nanghiram po ng pera sa akin ang aking kumare para sa emergency ng kaniyang anak. Nangakong magbabayad matapos ang dalawang linggo pero tuwing dadaan ako ay galit pa siya at nagbubulong.,Money/Debt Disputes
Inirereklamo ko po ang aking pinsan dahil patuloy niyang ginagamit ang aming ancestral home bilang kaniyang talyer nang walang abiso at walang ibinibigay na upa sa ibang magkakapatid.,Family Matters
"Pinagbintangan po ako ng aking katabi na ako raw ang sumira ng kaniyang pananim na halaman, kaya pinarating niya ito sa social media at siniraan ako sa aming buong kapitbahayan.",Petty Criminal Offenses
Yung nakatira po sa unahan namin ay naglagay ng bunton ng buhangin at graba sa gitna ng daanan na siyang nagpapasikip sa daan ng mga tricycle at nagdudulot ng aksidente tuwing gabi.,Property Disputes
Nagpa-install po ako ng internet connection sa isang lokal na provider at nagbayad ng paunang singil. Dalawang buwan na ang nakalipas pero wala pa ring dumarating na technician para magkabit.,Contract Disputes
"Ang mga manok na panabong ng kapitbahay ko ay laging tumilaok tuwing madaling araw sa tapat mismo ng aming bintana, dahilan upang magising ang aking asawa na galing sa panggabing trabaho.",Neighbor Disputes
Nagpautang po ako ng sampung libo sa aking kapitbahay para sa puhunan niya sa pagtitinda ng isda. Malakas naman ang kaniyang negosyo pero kapag sisingilin ko ay laging walang pera daw siya.,Money/Debt Disputes
"Inirereklamo ko po ang aking tita dahil palagi niyang pinagagalitan at pinapalayas ang aking matandang lola sa bahay na ari naman talaga ng lola ko, dahil lang sa usapin ng pera.",Family Matters
Sinadya pong basagin ng isang lasing ang bumbilya sa tapat ng aming gate nung nakaraang gabi habang nagwawala siya sa kalsada. Natatakot po kami dahil naging madilim ang aming tapat.,Petty Criminal Offenses
Ang katabi po naming lote ay nagtayo ng extension ng kanilang bubong na walang gutter kaya tuwing uulan ay diretso ang bagsak ng tubig sa aming bakod at sumisira sa aming mga halaman.,Property Disputes
Nagkasundo kami ng isang driver na hihilain ang aking nasirang kotse papuntang talyer. Nagbayad ako ng pauna pero iniwan niya ang sasakyan ko sa gilid ng highway at hindi na bumalik.,Contract Disputes
"Yung kapitbahay po namin ay naglalaba sa labas ng kaniyang bahay at ang maruming tubig na may sabon ay pinapaagos sa tapat ng aming pintuan, na nagiging sanhi ng madulas na daanan.",Neighbor Disputes
"Nangutang po ng pera ang aking katrabaho para daw sa kaniyang monthly amortization ng bahay. Isang taon na ang nakalipas, hindi pa rin siya nagbabayad at umiiwas na tuwing breaktime.",Money/Debt Disputes
Nag-aaway po kaming magkakapatid dahil sa naiwang alahas ng aming ina. Solong kinuha ng aming ate ang lahat ng ginto at ayaw niyang bigyan ng share ang kaniyang dalawang kapatid.,Family Matters
Sinalubong po ako ng aking kapitbahay at pinagbantaan na bubugbugin daw niya ako kapag nakita pa niya akong nakikipag-usap sa kaniyang asawa tungkol sa kanilang utang sa akin.,Petty Criminal Offenses
"Yung dulo po ng bubong ng garahe ng aming katabi ay lumagpas na sa aming boundary line at nakatutok na sa aming bintana, na nagdudulot ng kawalan ng hangin at liwanag sa aming sala.",Property Disputes
"Nagpagawa po ako ng pustiso sa isang dental clinic at nagbayad na ng deposit. Nung isukat ko ay hindi kasya at masakit, pero ayaw na nilang ayusin o ibalik ang aking ibinayad.",Contract Disputes
"Ang alagang aso ng kapitbahay namin ay laging hinahayaang umihi sa aming gulong ng sasakyan gabi-gabi. Sobrang baho po at nakakasira ng rim, sinabihan ko na sila pero walang aksyon.",Neighbor Disputes
"Kumuha po ng mga sako ng semento sa aking hardware store ang isang sub-contractor at nangakong babayaran pagkatapos ng isang linggo. Tatlong buwan na ang nakalipas, hindi pa rin nagbabayad.",Money/Debt Disputes
"Inirereklamo ko po ang aking ama dahil palagi niyang ibinebenta ang mga gamit sa bahay para lang may pambili ng alak, kahit pa ang mga gamit na iyon ay binili mula sa aking sariling sweldo.",Family Matters
"Pinagbintangan po ako ng aking katabi na ako raw ang nagpakalat ng tsismis na may kabit ang kaniyang asawa, kaya pumunta siya sa tapat ng bahay ko at pinagmumura ako sa harap ng tao.",Petty Criminal Offenses
"Ang kalsada po na patungo sa aming sakahan ay hinarangan ng malalaking bato ng may-ari ng katabing lupa upang hindi makadaan ang aming kuliglig, na nagpapatagal sa aming pag-aani.",Property Disputes
"Kumuha po ako ng aircon unit sa isang appliance store na may promo na free installation. Nung dumating ang technician, siningil pa rin ako ng tatlong libo at nung tumanggi ako ay umalis sila.",Contract Disputes
"Yung mga transient workers sa katabing bahay ay laging nagkakantahan gamit ang bluetooth speaker sa labas hanggang alas-tres ng madaling araw, nakakaabala sa pagtulog ng buong pamilya.",Neighbor Disputes
Nanghiram po ng pera ang aking pinsan para daw sa placement fee niya papuntang abroad. Hindi siya natuloy umalis pero ayaw din niyang ibalik ang pera ko na galing sa aking ipon.,Money/Debt Disputes
"Nag-aaway po ang aking mga magulang dahil sa perang ipinapadala ng kuya ko mula sa barko. Solong kinukuha ni tatay ang pera at ipinapansugal, habang walang pambili ng gamot si nanay.",Family Matters
"Sinadya pong laslasin ng isang hindi kilalang tao ang upuan ng aking tricycle habang ito ay nakaparada sa tapat ng aming bahay nung nakaraang gabi, na nagdulot ng malaking perwisyo sa akin.",Petty Criminal Offenses
"Yung drainage system po na ginagawa ng aming kapitbahay ay sumira sa pundasyon ng aming bakod, dahilan upang magkaroon ng malalaking lamat ang pader at nanganganib na matumba ito.",Property Disputes
Nagkasundo kami ng isang mananahi na gagawa ng mga gown para sa aking mga bridesmaids. Nagbayad ako ng down payment pero nung araw ng kasal ay kulang at hindi tapos ang mga damit.,Contract Disputes
Ang kapitbahay po namin ay nagtatambak ng mga lumang gulong at bakal sa gilid ng kalsada na tapat ng aming bahay. Pinamumugaran na po ito ng mga lamok na may dengue ngayon.,Neighbor Disputes
Humiram po ng pera sa akin ang aking kumare para sa pagpaparehistro ng kaniyang sari-sari store. Ilang buwan na ang nakalipas at malakas naman ang benta niya pero ayaw niyang magbayad.,Money/Debt Disputes
Inirereklamo ko po ang aking tiyo dahil palagi niyang pinagbabantaan ang aking ina na kukunin niya ang bahagi ng lupa na matagal nang ibinigay sa amin ng aming lolo bago mamatay.,Family Matters
"Pinaratangan po ako ng aking katabi na ako raw ang nagnakaw ng kaniyang alagang pusa, dahilan upang pumunta siya sa aking opisina at mag-iskandalo sa harap ng aking mga katrabaho.",Petty Criminal Offenses
"Ang boundary line po ng aming lupa ay pinalabas ng katabi namin na nabawasan nung maglagay sila ng bagong pananda, sinakop nila ang bahagi ng aming bakuran na may mga pananim.",Property Disputes
Bumili po ako ng segunda manong laptop sa isang kakilala at nagkasundo kami na may dalawang linggong warranty. Nasira ang motherboard pagkalipas ng tatlong araw pero ayaw niyang ibalik ang pera.,Contract Disputes
"Ang mga bata po sa tapat namin ay laging naglalaro ng sipa sa tapat ng aming bahay at palaging tumatama ang bola sa aming sasakyan, nagdulot na ito ng ilang mga yupi at gasgas sa pinto.",Neighbor Disputes
"Nagpautang po ako ng pera sa aking kapitbahay para daw sa pambili ng ticket ng kaniyang anak na magtatrabaho sa Manila. Ngayong nakasweldo na ang anak niya, ayaw pa rin niyang magbayad.",Money/Debt Disputes
"Inirereklamo ko po ang aking kapatid dahil ayaw niyang makipagtulungan sa pagbabayad ng buwis ng aming ancestral home, kahit pa siya naman ang solong nakatira doon nang libre.",Family Matters
Tinakot po ako ng isang lalaki sa aming purok na babasagin daw niya ang aking mukha matapos ko siyang sawayin sa pagtatapon ng upos ng sigarilyo sa loob ng aking bakuran.,Petty Criminal Offenses
"Yung nakatira po sa unahan ng aming eskinita ay nagtayo ng gate na may lock kaya hindi kami makadaan kapag gabi na at sarado na ang gate, lalo na kapag may emergency sa pamilya.",Property Disputes
Kumuha po ako ng paggawa ng gate sa isang talyer at nagbayad na ng paunang singil para sa bakal. Dalawang buwan na ang nakalipas pero wala pa ring nadidiliber o nagagawa sa bahay namin.,Contract Disputes
"Ang aircon po ng katabi naming kwarto sa apartment ay sobrang tindi ng tulo ng tubig na diretso sa aming bintana, gumagawa ng ingay at nagiging sanhi ng amag sa aming dingding.",Neighbor Disputes
Nangutang po sa akin ang aking katrabaho ng pera para daw sa kaniyang emergency medical expenses. Nalaman ko na lang sa kaniyang social media na nagbakasyon pala siya sa Boracay.,Money/Debt Disputes
Nag-aaway po kaming magkakamag-anak dahil sa pamamahagi ng mga gamit mula sa naiwang tindahan ng aming lola. Solong kinukuha ng tita ko ang lahat ng kita at ayaw magbigay sa amin.,Family Matters
"Sinadya pong basagin ng kapitbahay ko ang paso ng aking mga halaman sa labas ng bahay dahil daw nakaharang ito sa kalsada, kahit na nasa loob naman ito ng sukat ng aking bakuran.",Petty Criminal Offenses
"Ang sukat po ng aming lote ay binawasan ng katabi namin nung magtayo sila ng bagong pader para sa kanilang garahe, sinakop nila ang kalahating metro ng aming pribadong daanan.",Property Disputes
May kontrata kami sa isang gumagawa ng sapatos para sa aming sayaw sa paaralan. Nagbayad na kami ng down payment pero nung araw ng kompetisyon ay hindi pa rin tapos ang mga sapatos.,Contract Disputes
"Ang kapitbahay po namin ay nag-aalaga ng mga kalapati at ang kanilang mga dumi ay palaging nagbabagsakan sa aming bubong at mga sinampay na damit, napakabaho at mahirap labhan.",Neighbor Disputes
Humiram po ng pera ang aking bayaw para daw sa kaniyang lisensya sa pagmamaneho. Isang taon na ang nakalipas pero tuwing sisingilin ko ay laging nagagalit at nagbabanta pa sa akin.,Money/Debt Disputes
Inirereklamo ko po ang aking asawa dahil palagi niyang kinukuha ang aking perang pangkabuhayan mula sa pagtitinda upang ibili ng sigarilyo at alak para sa kaniyang mga barkada.,Family Matters
"Pinaratangan po ako ng aking katabi na ako raw ang sumira ng kaniyang CCTV camera, kaya nagwawala siya sa tapat ng bahay ko at pinagmumura ako sa harap ng aking mga kapitbahay.",Petty Criminal Offenses
"Yung nakatira po sa likod namin ay nagtayo ng pader na humaharang sa natural na daluyan ng sapa, na naging dahilan upang bumaha sa loob ng aming bahay tuwing may kaunting ulan lang.",Property Disputes
Nagpa-renovate po ako ng kusina sa isang mason at nagbayad na ng pambili ng mga tile at semento. Kinuha niya ang pera pero hindi na nagpakita upang simulan ang natitirang trabaho.,Contract Disputes
Ang videoke po sa katabing bahay ay palaging napakalakas tuwing gabi kahit lampas hatinggabi na. Hindi po makatulog ang aking anak na may exam kinabukasan sa kaniyang unibersidad.,Neighbor Disputes
"Nanghiram po ng pera ang aking kapitbahay para daw sa pambayad sa kuryente dahil mapuputulan na sila. Anim na buwan na ang nakalipas, puro palusot pa rin ang sinasabi niya tuwing sisingilin ko.",Money/Debt Disputes
Inirereklamo ko po ang aking nakatatandang kapatid dahil ayaw niyang ibigay ang share ng aming bunso mula sa perang ipinamana ng aming mga magulang na nakatago sa kaniyang bank account.,Family Matters
"Sinadya pong pukpukin ng bato ng isang lasing ang aking sasakyan habang ito ay nakapark sa tapat ng aming bahay nung nakaraang gabi, na nagdulot ng malalim na gasgas sa may pinto.",Petty Criminal Offenses
Ang boundary fence po ng aming katabi ay lumagpas na sa sukat ng aming lote nung muli nilang ipagawa ito gamit ang bakal. Kitang-kita po sa aming lumang titulo na nabawasan ang aming lupa.,Property Disputes
"Bumili po ako ng segunda manong motorsiklo sa isang kakilala at nagkasundo kami na ibibigay ang mga papeles pagkatapos ng isang linggo. Tatlong buwan na, puro rason pa rin ang sinasabi.",Contract Disputes
Ang mga manok na panabong ng kapitbahay ko ay nakakulong sa tapat mismo ng aming bintana ng sala. Sobrang baho ng dumi at napakaraming langaw na pumapasok sa loob ng aming bahay.,Neighbor Disputes
Nagpautang po ako ng pera sa aking kumare para sa puhunan niya sa pagtitinda ng prutas. Malakas naman ang kaniyang negosyo pero kapag sisingilin ko ay laging tinataguan niya ako sa palengke.,Money/Debt Disputes
Inirereklamo ko po ang aking biyenan dahil palagi niyang pinagkakaitan ang aking mga anak ng karapatang maglaro sa compound na ari naman ng aking yumaong asawa na kaniyang anak.,Family Matters
Tinakot po ako ng aking kapitbahay na sasaksakin daw niya ako kapag nakita pa niya akong nagwawalis sa tapat ng kalsada na malapit sa kanilang nakaparadang tricycle araw-araw.,Petty Criminal Offenses
Yung nakatira po sa unahan namin ay naglagay ng mga lumang kahoy at bakal sa gitna ng eskinita na siyang nagpapasikip sa daan ng mga tao at nagdudulot ng aksidente kapag gabi.,Property Disputes
Nagpa-install po ako ng solar panel sa isang kumpanya at nagbayad ng paunang singil. Tatlong buwan na ang nakalipas pero wala pa ring dumarating na engineer para magkabit nito.,Contract Disputes
"Ang tambutso po ng motor ng katabi namin ay sadyang napakaingay lalo na kapag madaling araw na siya umuuwi sa kanilang bahay, ginigising niya ang buong pamilya ko gabi-gabi.",Neighbor Disputes
Humiram po ng pera ang aking katrabaho para daw sa emergency medical operations ng kaniyang nanay. Nalaman ko na lang sa iba na ipinambili lang pala niya ito ng bagong cellphone.,Money/Debt Disputes
Nag-aaway po kaming magkakapatid dahil sa pamamahagi ng kita mula sa lupang sakahan na iniwan ng aming mga magulang. Solong kinukuha ng panganay ang benta at ayaw magbigay sa amin.,Family Matters
"Pinaratangan po ako ng aking katabi na ako raw ang nagnakaw ng kaniyang mga sampaguita, dahilan upang mag-iskandalo siya sa harap ng aking bahay at magmura sa harap ng aking mga anak.",Petty Criminal Offenses
Ang sukat po ng kalsada na ibinigay sa amin bilang right-of-way ay unti-unting pinapakitid ng katabing may-ari sa pamamagitan ng paglalagay ng mga malalaking semento sa gilid ng daan.,Property Disputes
"Kumuha po ako ng catering service para sa kaarawan ng aking anak at nagbayad na ng buo. Nung araw ng okasyon, kulang ang pagkain at panis pa ang ilang ulam na dinala nila sa amin.",Contract Disputes
"Ang mga nangungupahan sa tapat ng bahay namin ay laging nagtatapon ng kanilang basura sa gilid ng aming bakod imbes na mag-antay ng truck, sobrang baho na po ng pwesto namin ngayon.",Neighbor Disputes
"Nangutang po ng pera ang aking kapitbahay para daw sa pambili ng bigas nung mawalan ng trabaho ang asawa niya. Ngayong may trabaho na silang dalawa, ayaw na nilang bayaran ang utang nila.",Money/Debt Disputes
Inirereklamo ko po ang aking tiyo dahil palagi niyang pinagmamalupitan ang aking matandang ina tuwing nag-aaway sila tungkol sa bahagi ng lupa na iniwan ng aming mga nuno.,Family Matters
"Sinadya po akong harangan ng motorsiklo ng kapitbahay upang hindi ko mailabas ang aking kotse, nung pakiusapan ko ay nagbanta pa silang reresbakan ako ng kaniyang mga kaibigan.",Petty Criminal Offenses
Yung nakatira po sa likod ng bahay namin ay nagtayo ng extension ng bubong na walang gutter kaya tuwing uulan ay diretso ang bagsak ng tubig sa aming bakuran at binabaha kami.,Property Disputes
May kontrata kami sa isang gumagawa ng aluminum door para sa aming tindahan. Nagbayad na ako ng down payment pero lumipas ang isang buwan ay wala pa ring ginagawa o dalang materyales.,Contract Disputes
"Ang alagang aso ng kapitbahay namin ay laging hinahayaang makalag sa gabi at dumi ng dumi sa tapat ng aming gate, ilang beses ko na silang sinabihan tungkol dito pero walang nangyari.",Neighbor Disputes
"Kumuha po ng paninda sa aking online shop ang isang reseller at nangakong magbabayad matapos ang isang linggo, pero lumipas na ang buwan ay blinock na ako sa kaniyang Messenger account.",Money/Debt Disputes
Nag-aaway po kaming magkakapatid dahil ayaw pirmahan ng aming ate ang bentahan ng maliit na lote na gagamitin sana namin pampagamot sa aming maysakit na tatay sa ospital.,Family Matters
"Sinadya pong gasgasan ng isang tinedyer ang aking bagong biling motorsiklo habang ito ay nakapark sa tapat ng aming bahay, nakita po siya ng aking anak nung nakaraang gabi.",Petty Criminal Offenses
"Ang boundary line po ng aming lupa ay binago ng katabi namin nung magtayo sila ng bagong drainage system, sinira nila ang lumang landmark at nilagpasan ang tamang sukat.",Property Disputes
"Nag-arkila po kami ng resort para sa family reunion at nagbayad na ng reservation fee. Pagdating namin doon, may ibang gumagamit at ayaw kaming papasukin o ibalik ang pera.",Contract Disputes
"Ang mga nangungupahan sa tapat ng bahay namin ay laging nagtatambay sa labas habang nagsisigarilyo, pumapasok po ang usok sa loob ng bahay at nahihirapan ang nanay kong maysakit.",Neighbor Disputes
Nangutang po ang aking katrabaho ng pambili ng gatas ng kaniyang anak. Isang taon na ang nakalipas at nakalipat na siya ng ibang kumpanya ngunit hindi pa rin binabayaran ang utang.,Money/Debt Disputes
Inirereklamo ko po ang aking pinsan dahil patuloy niyang ginagamit ang aming ancestral home bilang kaniyang talyer nang walang abiso at walang ibinibigay na upa sa amin.,Family Matters
"Binaligtad po ako ng aking kapitbahay sa pamamagitan ng pagkalat ng kwento na ako raw ang nagnakaw ng kaniyang manok, dahilan upang pag-usapan ako ng masama sa buong purok.",Petty Criminal Offenses
"Gusto pong kunin ng isang developer ang maliit na bahagi ng aming bakuran para daw sa gagawing kalsada ng subdivision, pero wala naman silang pinapakitang permit sa amin.",Property Disputes
May kontrata kami sa isang mananahi para sa mga uniporme ng aming shop. Lagpas na sa napagkasunduang petsa pero kalahati pa lang ang natatapos niya sa mga order namin.,Contract Disputes
"Yung mga kabataan po na nakatira sa dulo ng eskinita ay madalas maglaro ng online games sa labas ng bahay namin hanggang madaling araw, sobrang ingay at nagmumura pa sila doon.",Neighbor Disputes
Humiram po ng pera ang may-ari ng sari-sari store para daw sa pandagdag ng kaniyang grocery items. Ilang buwan na ang nakalipas pero ayaw pa rin niyang magbayad sa akin.,Money/Debt Disputes
Inirereklamo ko po ang aking nakatatandang kapatid dahil pinagmamalupitan niya ang aming bunsong kapatid na may kapansanan tuwing lasing siya at umuuwi sa aming bahay.,Family Matters
Sinadya po ng kapitbahay ko na sirain ang aming doorbell sa pamamagitan ng pagpukpok nito ng bato dahil daw naiingay siya tuwing may nagdedeliver ng mga order namin dito.,Petty Criminal Offenses
May hindi pagkakaunawaan po kami tungkol sa right-of-way dahil ang tanging daanan po namin palabas ng aming compound ay nilagyan ng gate ng may-ari ng lupang nasa unahan.,Property Disputes
"Nag-avail po ako ng package para sa pag-aayos ng mukha at buhok para sa kasal ng kapatid ko, ngunit hindi sumipot ang makeup artist sa tamang oras kaya na-late kami nang husto.",Contract Disputes
Nagtatapon po ng maruming tubig mula sa paglalaba ang kapitbahay namin diretso sa aming eskinita kaya palaging madulas at mabaho ang daanan ng mga tao rito araw-araw.,Neighbor Disputes
"Nagpautang po ako ng pera sa aking kumare gamit ang kaniyang gintong alahas bilang sangla, pero nalaman ko na peke pala ang alahas nung sinubukan ko itong ipasuri sa pawnshop.",Money/Debt Disputes
Nag-aaway po kaming magkakapatid dahil ayaw ibigay ng isa naming kasama sa bahay ang share ng aming bunso mula sa perang ipinapadala ng aming ate mula sa ibang bansa.,Family Matters
Pinasok po ng hindi kilalang tao ang aking bakuran at nung sinita ko ay pinagmumura ako at sinabing wala akong karapatang magpalayas sa kaniya sa kalsada na pwesto niya.,Petty Criminal Offenses
Ang aming boundary fence ay bigla na lang giniba ng katabi naming lote habang kami ay nasa trabaho upang magtayo sila ng sarili nilang pader na pumasok na sa lupa ko.,Property Disputes
"May kasunduan kami ng isang ahente na ibibigay niya ang komisyon ko sa paghahanap ng mamimili ng kaniyang kotse. Matapos mabili ang sasakyan, hindi na niya ako sinasagot ngayon.",Contract Disputes
"Yung mga nakatira po sa itaas ng aming inuupahang kwarto ay palaging nagpupukpok ng kung ano-ano tuwing gabi, dahilan upang magising ang aking sanggol gabi-gabi na lang.",Neighbor Disputes
"Nanghiram po ng limang llibo sa akin ang isang vendor sa palengke para pambayad sa kaniyang pwesto. Isang taon na ang nakalipas, tuwing dadaan ako ay tinataguan niya ako doon.",Money/Debt Disputes
"Ayaw pong pirmahan ng aking tiyo ang papeles para sa waiver of rights ng lupa na matagal nang ibinigay ng lolo sa aking ina, humihingi po siya ng malaking pera ngayon.",Family Matters
"Sinabihan po ako ng aking kapitbahay ng ""baog"" at ""walang kwentang babae"" sa gitna ng daan habang maraming tao ang nakakarinig, nagdulot sa akin ng matinding kahihiyan.",Petty Criminal Offenses
Yung drainage pipe po ng katabing commercial building ay nakatutok sa aming pribadong lote kaya doon bumubuhos ang lahat ng maruming tubig mula sa kanilang pasifidad.,Neighbor Disputes
Nagpagawa po ako ng kusina sa isang mason at nagbayad na ng pambili ng semento. Kinuha niya ang pera pero hindi na bumalik upang tapusin ang natitirang kalahati ng trabaho.,Contract Disputes
"Ang alagang kambing ng kapitbahay namin ay hinahayaang makalag sa gabi at kinakain ang aking mga pananim na gulay sa aking bakuran, ilang beses ko na silang sinabihan.",Neighbor Disputes
"Kumuha po ng paninda sa aking online shop ang isang reseller at nangakong magbabayad matapos ang isang linggo, pero lumipas na ang buwan ay blinock na ako sa kaniyang accounts.",Money/Debt Disputes
Inirereklamo ko po ang aking amain dahil palagi niyang kinukuha ang pera ng aking ina na kita mula sa paglalaba para lang ipambili ng alak at ipangtaya sa sabong dito.,Family Matters
"Sinasadya pong harangan ng motorsiklo ng kapitbahay ang tapat ng aming pintuan upang hindi kami makalabas, nung pakiusapan ko ay nagbanta pa silang reresbakan ako ng pamilya.",Petty Criminal Offenses
"Gusto pong bakuran ng aming katabi ang bahagi ng lupang matagal nang itinalagang pampublikong eskinita ng aming komunidad, dahilan upang mawalan ng daanan ang pamilya namin.",Property Disputes
Nag-arkila po ako ng pwesto para sa aking maliit na negosyo at nagbayad ng dalawang buwang deposit. Biglang binawi ng may-ari ang pwesto at ayaw nang ibalik ang deposit ko.,Contract Disputes
"Yung usok at amoy po mula sa ihawan ng barbecue ng aming kapitbahay ay direktang pumapasok sa aming sala tuwing hapon, sumasakit po ang ulo namin dahil sa tindi nito.",Neighbor Disputes
Nanghiram po ng pitong libo ang aking bayaw para daw sa pagpaparehistro ng kaniyang sasakyan. Lumipas na ang itinakdang buwan ng bayaran pero wala pa rin siyang kusa magsauli.,Money/Debt Disputes
Nagkakagulo po kaming magpipinsan dahil sa pamana ng aming lolo na isang kalabaw at mga kagamitan sa bukid. Ayaw po kasing ipagamit ng nakatatandang pinsan sa amin ngayon.,Family Matters
Pinagbantaan po ako ng isang lalaki sa aming purok na raratratin daw niya ang aking bahay matapos magkaroon ng simpleng sagutan ang aming mga anak habang naglalaro sa kalsada.,Petty Criminal Offenses
"Yung bagong pader na itinayo ng katabi namin ay sumakop sa easement ng sapa na katabi ng aming lote, na naging dahilan upang masira ang proteksyon namin laban sa baha rito.",Property Disputes
Nagkasundo kami ng isang tsuper na ihahatid niya ang aming mga produkto sa Maynila. Nag-advance ako ng pambili ng krudo pero hindi siya sumipot at hindi na rin macontact ngayon.,Contract Disputes
Ang videoke po sa tapat namin ay walang tigil kahit lampas alas-dose na ng gabi tuwing may birthday. Hindi po makatulog ang aking lola na may sakit dahil sa lakas ng ingay nito.,Neighbor Disputes
"Nangutang po sa akin ang aking kapitbahay para daw pambili ng bigas at ulam nung mawalan ng trabaho ang asawa niya. Ngayong may trabaho na sila, ayaw na nilang magbayad sa akin.",Money/Debt Disputes
Inirereklamo ko po ang aking kapatid dahil palagi niyang binebenta ang mga kagamitan sa loob ng aming ancestral home nang walang pahintulot mula sa aming iba pang kapatid.,Family Matters
Pinaratangan po ako ng aking biyenan na ako raw ay nangungurakot sa sweldo ng aking asawa at pinagkakalat ito sa aming kapitbahay na nagdulot ng malaking pinsala sa dangal ko.,Petty Criminal Offenses
"Ang sanga po ng puno ng santol ng aming katabi ay nakalaylay na sa aming bakuran at nagpababagsak ng mga uod sa aming garahe, ayaw naman nilang payagang putulin namin ito.",Neighbor Disputes
May kontrata kami sa isang gumagawa ng aluminum window para sa aming bahay. Nagbayad na ako ng down payment pero lumipas ang isang buwan ay wala pa ring ginagawa sa bahay.,Contract Disputes
"Ang alagang pusa ng kapitbahay ko ay palaging pumapasok sa aming kusina at ninanakaw ang aming mga ulam na nakahanda sa lamesa, sinabihan ko na sila na ikulong ito doon.",Neighbor Disputes
Nagpahiram po ako ng pera sa aking katrabaho na pambili daw niya ng gamot para sa kaniyang anak. Nalaman ko na lang sa iba na ipinansugal lang pala niya ito sa casino.,Money/Debt Disputes
Inirereklamo ko po ang aking tiya dahil ayaw niyang ibigay ang bahagi ng aking yumaong ina mula sa benta ng lupain na ipinamana ng aming mga nuno na matagal nang naibenta doon.,Family Matters
"Sinadya po ng isang tinedyer na gasgasan ang aking bagong biling motorsiklo habang ito ay nakapark sa tapat ng aming bahay, nakita po siya ng nakatira sa tapat namin kagabi.",Petty Criminal Offenses
Ang sukat po ng kalsada na ibinigay sa amin bilang right-of-way ay unti-unting pinapakitid ng katabing may-ari sa pamamagitan ng paglalagay ng mga malalaking paso sa gilid nito.,Property Disputes
"Kumuha po ako ng aircon cleaning service para sa tatlong unit sa aming bahay. Matapos nilang linisin, hindi na gumagana ang dalawang unit at ayaw nilang panagutan ang sira nito.",Contract Disputes
"Nagpapatugtog po ng napakalakas na sound system ang kapitbahay namin tuwing alas-singko pa lang ng umaga araw-araw, nagigising po ang aking mga anak na panggabi ang trabaho.",Neighbor Disputes
Nanghiram po ng limang libo sa akin ang aking kaibigan para daw sa pagpapasuri ng kaniyang asawa sa ospital. Lumipas ang anim na buwan pero nakikita ko siyang nag-iinuman palagi.,Money/Debt Disputes
Nag-aaway po kaming magkakapatid dahil ayaw pirmahan ng panganay namin ang bentahan ng maliit na lote na gagamitin sana namin pampagamot sa aming maysakit na magulang ngayon.,Family Matters
"Minura po ako at tinawag na ""walang hiya"" ng aking kapitbahay sa harap ng aking mga anak dahil lang sa hindi ko pagpapahiram sa kaniya ng aming hagdanan nung isang araw.",Petty Criminal Offenses
"Ang aming katabi ay nagtayo ng septic tank na napakalapit sa aming poso ng tubig. Ngayon po ay may kakaibang amoy na ang tubig na lumalabas sa aming gripo, delikado sa amin.",Neighbor Disputes
"Nag-arkila po kami ng kasuotan para sa graduation ng anak ko at nag-iwan ng security deposit. Nung ibalik namin ang damit nang maayos, ayaw nang ibalik ng shop ang deposit namin.",Contract Disputes
"Ang basura po ng kabilang purok ay sadyang itinatapon sa tapat ng aming bakanteng lote tuwing gabi, naging tambakan na po tuloy ng dumi ang lugar at umaalingasaw ang amoy nito.",Neighbor Disputes
Kumuha po ng grocery items sa aking tindahan ang aking kapitbahay na nagkakahalaga ng apat na llibo. Sabi niya babayaran niya sa katapusan pero ngayon ay lumilipat na siya ng bahay.,Money/Debt Disputes
"Inirereklamo ko po ang aking asawa dahil palagi niyang kinuha ang aming perang pangkain upang ibigay sa kaniyang mga magulang, dahilan upang magutom ang sarili naming mga anak.",Family Matters
Hinamon po ako ng suntukan ng isang lalaki sa aming eskinita habang hawak ang isang bakal matapos ko siyang sawayin sa pagpapatakbo ng motor nang mabilis sa loob ng purok namin.,Petty Criminal Offenses
"Ang bakod po ng aming katabi ay pumasok na sa sukat ng aming lote nung muli nilang ipagawa ito gamit ang hollow blocks, kitang-kita po sa aming titulo na nabawasan kami.",Property Disputes
May kasunduan kami ng isang online seller na magsu-supply siya ng mga sapatos para sa aking boutique. Nagbayad na ako ng buo pero walang dumating na package mula sa kaniya.,Contract Disputes
"Ang tambutso po ng generator ng katabi naming shop ay nakatutok mismo sa bintana ng aming kwarto. Tuwing may brownout, pumapasok ang maitim na usok na nakakahilo sa amin dito.",Neighbor Disputes
Nanghiram po ng pera sa akin ang aking kumare para sa emergency ng kaniyang anak. Nangakong magbabayad matapos ang dalawang linggo pero tuwing dadaan ako ay galit pa siya ngayon.,Money/Debt Disputes
Inirereklamo ko po ang aking pinsan dahil patuloy niyang ginagamit ang aming ancestral home bilang kaniyang talyer nang walang abiso at walang ibinibigay na share sa ibang kapatid.,Family Matters
"Pinagbintangan po ako ng aking katabi na ako raw ang nagpakalat ng tsismis na may kabit ang kaniyang asawa, kaya pumunta siya sa tapat ng bahay ko at pinagmumura ako doon.",Petty Criminal Offenses
Yung nakatira po sa unahan namin ay naglagay ng bunton ng buhangin sa gitna ng daanan na siyang nagpapasikip sa daan ng mga tricycle at nagdudulot ng aksidente gabi-gabi.,Property Disputes
Nagpa-install po ako ng internet connection sa isang lokal na provider at nagbayad ng paunang singil. Dalawang buwan na ang nakalipas pero wala pa ring dumarating na tao rito.,Contract Disputes
"Ang mga manok na panabong ng kapitbahay ko ay laging tumilaok tuwing madaling araw sa tapat mismo ng aming bintana, dahilan upang magising ang aking asawa mula sa trabaho niya.",Neighbor Disputes
Nagpautang po ako ng sampung libo sa aking kapitbahay para sa puhunan niya sa pagtitinda ng isda. Malakas naman ang kaniyang negosyo pero kapag sisingilin ko ay laging walang pera.,Money/Debt Disputes
"Inirereklamo ko po ang aking tita dahil palagi niyang pinagalitan at pinapalayas ang aking matandang lola sa bahay na ari naman talaga ng lola ko, dahil lang sa usapin ng pera.",Family Matters
"Sinadya pong basagin ng isang lasing ang bumbilya sa tapat ng aming gate nung nakaraang gabi habang nagwawala siya sa kalsada, natatakot po kami dahil madilim ang tapat namin ngayon.",Petty Criminal Offenses
Ang katabi po naming lote ay nagtayo ng extension ng kanilang bubong na walang gutter kaya tuwing uulan ay diretso ang bagsak ng tubig sa aming bakod at sumisira sa aming halaman.,Property Disputes
Nagkasundo kami ng isang driver na hihilain ang aking nasirang kotse papuntang talyer. Nagbayad ako ng pauna pero iniwan niya ang sasakyan ko sa gilid ng highway at nagtago na.,Contract Disputes
"Yung kapitbahay po namin ay naglalaba sa labas ng kaniyang bahay at ang maruming tubig na may sabon ay pinapaagos sa tapat ng aming pintuan, na nagiging sanhi ng madulas na daan.",Neighbor Disputes
"Nangutang po ng pera ang aking katrabaho para daw sa kaniyang monthly amortization ng bahay. Isang taon na ang nakalipas, hindi pa rin siya nagbabayad at umiiwas na sa akin doon.",Money/Debt Disputes
Nag-aaway po kaming magkakapatid dahil sa naiwang alahas ng aming ina. Solong kinuha ng aming ate ang lahat ng ginto at ayaw niyang bigyan ng share ang kaniyang mga kapatid ngayon.,Family Matters
Sinalubong po ako ng aking kapitbahay at pinagbantaan na bubugbugin daw niya ako kapag nakita pa niya akong nakikipag-usap sa kaniyang asawa tungkol sa kanilang utang sa akin dito.,Petty Criminal Offenses
"Yung dulo po ng bubong ng garahe ng aming katabi ay lumagpas na sa aming boundary line at nakatutok na sa aming bintana, na nagdudulot ng kawalan ng hangin sa loob ng aming sala.",Property Disputes
"Nagpagawa po ako ng pustiso sa isang dental clinic at nagbayad na ng deposit. Nung isukat ko ay hindi kasya at masakit, pero ayaw na nilang ayusin o ibalik ang pera ko ngayon.",Contract Disputes
"Ang alagang aso ng kapitbahay namin ay laging hinahayaang umihi sa aming gulong ng sasakyan gabi-gabi. Sobrang baho po at nakakasira ng rim, sinabihan ko na sila pero walang nangyari.",Neighbor Disputes
"Kumuha po ng mga sako ng semento sa aking hardware store ang isang sub-contractor at nangakong babayaran pagkatapos ng isang linggo. Tatlong buwan na ang nakalipas, hindi pa rin siya nagbabayad.",Money/Debt Disputes
"Inirereklamo ko po ang aking ama dahil palagi niyang ibinebenta ang mga gamit sa bahay para lang may pambili ng alak, kahit pa ang mga gamit na iyon ay binili mula sa sarili kong pera.",Family Matters
"Ang kalsada po na patungo sa aming sakahan ay hinarangan ng malalaking bato ng may-ari ng katabing lupa upang hindi makadaan ang aming kuliglig, na nagpapatagal sa aming pag-aani rito.",Property Disputes
"Kumuha po ako ng aircon unit sa isang appliance store na may promo na free installation. Nung dumating ang technician, siningil pa rin ako ng tatlong libo at nung tumanggi ako ay umalis sila dun.",Contract Disputes
"Yung mga transient workers sa katabing bahay ay laging nagkakantahan gamit ang bluetooth speaker sa labas hanggang alas-tres ng madaling araw, nakakaabala sa pagtulog ng pamilya ko.",Neighbor Disputes
Nanghiram po ng pera ang aking pinsan para daw sa placement fee niya papuntang abroad. Hindi siya natuloy umalis pero ayaw din niyang ibalik ang pera ko na galing sa aking sariling ipon.,Money/Debt Disputes
"Nag-aaway po ang aking mga magulang dahil sa perang ipinapadala ng kuya ko mula sa barko. Solong kinukuha ni tatay ang pera at ipinapansugal, habang walang pambili ng gamot si nanay ngayon.",Family Matters
"Sinadya po ng isang hindi kilalang tao na laslasin ang upuan ng aking tricycle habang ito ay nakaparada sa tapat ng aming bahay nung nakaraang gabi, na nagdulot ng malaking perwisyo sa akin.",Petty Criminal Offenses
"Yung drainage system po na ginagawa ng aming kapitbahay ay sumira sa pundasyon ng aming bakod, dahilan upang magkaroon ng malalaking lamat ang pader at nanganganib na matumba ito ngayon.",Property Disputes
Nagkasundo kami ng isang mananahi na gagawa ng mga gown para sa aking mga bridesmaids. Nagbayad ako ng down payment pero nung araw ng kasal ay kulang at hindi tapos ang mga damit sa amin.,Contract Disputes
Ang kapitbahay po namin ay nagtatambak ng mga lumang gulong at bakal sa gilid ng kalsada na tapat ng aming bahay. Pinamumugaran na po ito ng mga lamok na may dengue ngayon sa purok.,Neighbor Disputes
Humiram po ng pera sa akin ang aking kumare para sa pagpaparehistro ng kaniyang sari-sari store. Ilang buwan na ang nakalipas at malakas naman ang benta niya pero ayaw pa rin niyang magbayad.,Money/Debt Disputes
Inirereklamo ko po ang aking tiyo dahil palagi niyang pinagbabantaan ang aking ina na kukunin niya ang bahagi ng lupa na matagal nang ibinigay sa amin ng aming lolo bago siya mamatay.,Family Matters
"Pinaratangan po ako ng aking katabi na ako raw ang nagnakaw ng kaniyang alagang pusa, dahilan upang pumunta siya sa aking opisina at mag-iskandalo sa harap ng aking mga katrabaho doon.",Petty Criminal Offenses
"Ang boundary line po ng aming lupa ay pinalabas ng katabi namin na nabawasan nung maglagay sila ng bagong pananda, sinakop nila ang bahagi ng aming bakuran na may mga pananim ngayon.",Property Disputes
Bumili po ako ng segunda manong laptop sa isang kakilala at nagkasundo kami na may dalawang linggong warranty. Nasira ang motherboard pagkalipas ng tatlong araw pero ayaw niyang ibalik ang pera ko.,Contract Disputes
"Ang mga banta po sa tapat namin ay laging naglalaro ng sipa sa tapat ng aming bahay at palaging tumatama ang bola sa aming sasakyan, nagdulot na ito ng ilang mga yupi sa pinto nito.",Neighbor Disputes
"Nagpautang po ako ng pera sa aking kapitbahay para daw sa pambili ng ticket ng kaniyang anak na magtatrabaho sa Manila. Ngayong nakasweldo na ang anak niya, ayaw pa rin niya magbayad.",Money/Debt Disputes
"Inirereklamo ko po ang aking kapatid dahil ayaw niyang makipagtulungan sa pagbabayad ng buwis ng aming ancestral home, kahit pa siya naman ang solong nakatira doon nang libre sa amin.",Family Matters
Tinakot po ako ng isang lalaki sa aming purok na babasagin daw niya ang aking mukha matapos ko siyang sawayin sa pagtatapon ng upos ng sigarilyo sa loob ng aking bakuran ngayon.,Petty Criminal Offenses
"Yung nakatira po sa unahan ng aming eskinita ay nagtayo ng gate na may lock kaya hindi kami makadaan kapag gabi na at sarado na ang gate, lalo na kapag may emergency sa pamilya ko.",Property Disputes
Kumuha po ako ng paggawa ng gate sa isang talyer at nagbayad na ng paunang singil para sa bakal. Dalawang buwan na ang nakalipas pero wala pa ring nadidiliber o nagagawa sa aming bahay.,Contract Disputes
"Ang aircon po ng katabi naming kwarto sa apartment ay sobrang tindi ng tulo ng tubig na diretso sa aming bintana, gumagawa ng ingay at nagiging sanhi ng amag sa aming dingding doon.",Neighbor Disputes
Nangutang po sa akin ang aking katrabaho ng pera para daw sa kaniyang emergency medical expenses. Nalaman ko na lang sa kaniyang social media na nagbakasyon pala siya sa Boracay kamakailan.,Money/Debt Disputes
Nag-aaway po kaming magkakamag-anak dahil sa pamamahagi ng mga gamit mula sa naiwang tindahan ng aming lola. Solong kinukuha ng tita ko ang lahat ng kita at ayaw magbigay sa amin dito.,Family Matters
"Sinadya pong basagin ng kapitbahay ko ang paso ng aking mga halaman sa labas ng bahay dahil daw nakaharang ito sa kalsada, kahit na nasa loob naman ito ng sukat ng aking bakuran doon.",Petty Criminal Offenses
"Ang sukat po ng aming lote ay binawasan ng katabi namin nung magtayo sila ng bagong pader para sa kanilang garahe, sinakop nila ang kalahating metro ng aming pribadong daanan ngayon.",Property Disputes
May kontrata kami sa isang gumagawa ng sapatos para sa aming binyag. Nagbayad na kami ng down payment pero nung araw ng kompetisyon ay hindi pa rrin tapos ang mga sapatos sa amin.,Contract Disputes
"Ang kapitbahay po namin ay nag-aalaga ng mga kalapati at ang kanilang mga dumi ay palaging nagbabagsakan sa aming bubong at mga sinampay na damit, napakabaho at mahirap labhan ito.",Neighbor Disputes
Humiram po ng pera ang aking bayaw para daw sa kaniyang lisensya sa pagmamaneho. Isang taon na ang nakalipas pero tuwing sisingilin ko ay laging nagagalit at nagbabanta pa sa akin ngayon.,Money/Debt Disputes
Inirereklamo ko po ang aking asawa dahil palagi niyang kinukuha ang aking perang pangkabuhayan mula sa pagtitinda upang ibili ng sigarilyo at alak para sa kaniyang mga barkada doon.,Family Matters
"Pinaratangan po ako ng aking katabi na ako raw ang sumira ng kaniyang CCTV camera, kaya nagwawala siya sa tapat ng bahay ko at pinagmumura ako sa harap ng aking mga kapitbahay ngayon.",Petty Criminal Offenses
"Yung nakatira po sa likod namin ay nagtayo ng pader na humaharang sa natural na daluyan ng sapa, na naging dahilan upang bumaha sa loob ng aming bahay tuwing may kaunting ulan lang doon.",Property Disputes
Nagpa-renovate po ako ng kusina sa isang mason at nagbayad na ng pambili ng mga tile at semento. Kinuha niya ang pera pero hindi na nagpakita upang simulan ang natitirang trabaho sa amin.,Contract Disputes
Ang videoke po sa katabing bahay ay palaging napakalakas tuwing gabi kahit lampas hatinggabi na. Hindi po makatulog ang aking anak na may exam kinabukasan sa kaniyang eskwelahan ngayon.,Neighbor Disputes
"Nanghiram po ng pera ang aking kapitbahay para daw sa pambayar sa kuryente dahil mapuputulan na sila. Anim na buwan na ang nakalipas, puro palusot pa rin ang sinasabi niya tuwing sisingilin ko.",Money/Debt Disputes
Inirereklamo ko po ang aking nakatatandang kapatid dahil ayaw niyang ibigay ang share ng aming bunso mula sa perang ipinamana ng aming mga magulang na nakatago sa kaniyang sariling account.,Family Matters
"Sinadya pong pukpukin ng bato ng isang lasing ang aking sasakyan habang ito ay nakapark sa tapat ng aming bahay nung nakaraang gabi, na nagdulot ng malalim na gasgas sa may pinto nito.",Petty Criminal Offenses
Ang boundary fence po ng aming katabi ay lumagpas na sa sukat ng aming lote nung muli nilang ipagawa ito gamit ang bakal. Kitang-kita po sa aming titulo na nabawasan ang aming lupa doon.,Property Disputes
"Bumili po ako ng segunda manong motorsiklo sa isang kakilala at nagkasundo kami na ibibigay ang mga papeles pagkatapos ng isang linggo. Tatlong buwan na, puro rason pa rin ang sinasabi niya.",Contract Disputes
Ang mga manok na panabong ng kapitbahay ko ay nakakulong sa tapat mismo ng aming bintana ng sala. Sobrang baho ng dumi at napakaraming langaw na pumapasok sa loob ng aming bahay ngayon.,Neighbor Disputes
Nagpautang po ako ng pera sa aking kumare para sa puhunan niya sa pagtitinda ng prutas. Malakas naman ang kaniyang negosyo pero kapag sisingilin ko ay laging tinataguan niya ako sa palengke doon.,Money/Debt Disputes
Inirereklamo ko po ang aking biyenan dahil palagi niyang pinagkakaitan ang aking mga anak ng karapatang maglaro sa compound na ari naman ng aking yumaong asawa na kaniyang anak noon.,Family Matters
Tinakot po ako ng aking kapitbahay na sasaksakin daw niya ako kapag nakita pa niya akong nagwawalis sa tapat ng kalsada na malapit sa kaniyang nakaparadang tricycle araw-araw sa purok.,Petty Criminal Offenses
Yung nakatira po sa unahan namin ay naglagay ng mga lumang kahoy at bakal sa gitna ng eskinita na siyang nagpapasikip sa daan ng mga tao at nagdudulot ng aksidente kapag gabi doon.,Property Disputes
Nagpa-install po ako ng solar panel sa isang kumpanya at nagbayad ng paunang singil. Tatlong buwan na ang nakalipas pero wala pa ring dumarating na engineer para magkabit nito sa amin.,Contract Disputes
"Ang tambutso po ng motor ng katabi namin ay sadyang napakaingay lalo na kapag madaling araw na siya umuuwi sa kanilang bahay, ginigising niya ang buong pamilya ko gabi-gabi na lang.",Neighbor Disputes
Humiram po ng pera ang aking katrabaho para daw sa emergency medical operations ng kaniyang nanay. Nalaman ko na lang sa iba na ipinambili lang pala niya ito ng bagong gadget doon.,Money/Debt Disputes
Nag-aaway po kaming magkakapatid dahil sa pamamahagi ng kita mula sa lupang sakahan na iniwan ng aming mga magulang. Solong kinukuha ng panganay ang benta at ayaw magbigay sa amin ngayon.,Family Matters
"Pinaratangan po ako ng aking katabi na ako raw ang nagnakaw ng kaniyang mga sampaguita, dahilan upang mag-iskandalo siya sa harap ng aking bahay at magmura sa harap ng aking pamilya.",Petty Criminal Offenses
Ang sukat po ng kalsada na ibinigay sa amin bilang right-of-way ay unti-unting pinapakitid ng katabing may-ari sa pamamagitan ng paglalagay ng mga malalaking semento sa gilid ng daanan.,Property Disputes
"Kumuha po ako ng catering service para sa kaarawan ng aking anak at nagbayad na ng buo. Nung araw ng okasyon, kulang ang pagkain at panis pa ang ilang ulam na dinala nila sa amin doon.",Contract Disputes
"Ang mga nangungupahan sa tapat ng bahay namin ay laging nagtatapon ng kanilang basura sa gilid ng aming bakod imbes na mag-antay ng truck, sobrang baho na po ng pwesto namin ngayon dito.",Neighbor Disputes
"Nangutang po ng pera ang aking kapitbahay para daw sa pambili ng bigas nung mawalan ng trabaho ang asawa niya. Ngayong may trabaho na silang dalawa, ayaw na nilang bayaran ang utang sa akin.",Money/Debt Disputes
Inirereklamo ko po ang aking tiyo dahil palagi niyang pinagmamalupitan ang aking matandang ina tuwing nag-aaway sila tungkol sa bahagi ng lupa na iniwan ng aming mga nuno noon sa pamilya.,Family Matters
"Sinadya po akong harangan ng motorsiklo ng kapitbahay upang hindi ko mailabas ang aking kotse, nung pakiusapan ko ay nagbanta pa silang reresbakan ako ng kaniyang mga kaibigan sa labas.",Petty Criminal Offenses
Yung nakatira po sa likod ng bahay namin ay nagtayo ng extension ng bubong na walang gutter kaya tuwing uulan ay diretso ang bagsak ng tubig sa aming bakuran at binabaha kami tuwing gabi.,Property Disputes
May kontrata kami sa isang gumagawa ng aluminum door para sa aming tindahan. Nagbayad na ako ng down payment pero lumipas ang isang buwan ay wala pa ring ginagawa o dalang materyales dito.,Contract Disputes
"Ang alagang aso ng kapitbahay namin ay laging hinahayaang makalag sa gabi at dumi ng dumi sa tapat ng aming gate, ilang beses ko na silang sinabihan tungkol dito pero walang nangyari sa amin.",Neighbor Disputes
"Kumuha po ng paninda sa aking online shop ang isang reseller at nangakong magbabayad matapos ang isang linggo, pero lumipas na ang buwan ay blinock na ako sa kaniyang Messenger account ngayon.",Money/Debt Disputes
Nag-aaway po kaming magkakapatid dahil ayaw pirmahan ng aming ate ang bentahan ng maliit na lote na gagamitin sana namin pampagamot sa aming maysakit na tatay sa ospital ngayon.,Family Matters
"Sinadya pong gasgasan ng isang tinedyer ang aking bagong biling motorsiklo habang ito ay nakapark sa tapat ng aming bahay, nakita po siya ng aking anak nung nakaraang gabi habang naglalaro.",Petty Criminal Offenses
"Ang boundary line po ng aming lupa ay binago ng katabi namin nung magtayo sila ng bagong drainage system, sinira nila ang lumang landmark at nilagpasan ang tamang sukat sa amin.",Property Disputes
"Nag-arkila po kami ng resort para sa family reunion at nagbayad na ng reservation fee. Pagdating namin doon, may ibang gumagamit at ayaw kaming papasukin o ibalik ang pera sa amin ngayon.",Contract Disputes
"Ang mga nangungupahan sa tapat ng bahay namin ay laging nagtatambay sa labas habang nagsisigarilyo, pumapasok po ang usok sa loob ng bahay at nahihirapan ang nanay kong maysakit sa amin.",Neighbor Disputes
Nangutang po ang aking katrabaho ng pambili ng gatas ng kaniyang anak. Isang taon na ang nakalipas at nakalipat na siya ng ibang kumpanya ngunit hindi pa rrin binabayaran ang utang niya.,Money/Debt Disputes
Inirereklamo ko po ang aking pinsan dahil patuloy niyang ginagamit ang aming ancestral home bilang kaniyang talyer nang walang abiso at walang ibinibigay na upa sa amin kahit kailan.,Family Matters
"Binaligtad po ako ng aking kapitbahay sa pamamagitan ng pagkalat ng kwento na ako raw ang nagnakaw ng kaniyang manok, dahilan upang pag-usapan ako ng masama sa buong purok namin ngayon.",Petty Criminal Offenses
"Gusto pong kunin ng isang developer ang maliit na bahagi ng aming bakuran para daw sa gagawing kalsada ng subdivision, pero wala naman silang pinapakitang permit sa amin kahit ano.",Property Disputes
May kontrata kami sa isang mananahi para sa mga uniporme ng aming shop. Lagpas na sa napagkasunduang petsa pero kalahati pa lang ang natatapos niya sa mga order namin dito sa tindahan.,Contract Disputes
"Yung mga kabataan po na nakatira sa dulo ng eskinita ay madalas maglaro ng online games sa labas ng bahay namin hanggang madaling araw, sobrang ingay at nagmumura pa sila doon sa amin.",Neighbor Disputes
Humiram po ng pera ang may-ari ng sari-sari store para daw sa pandagdag ng kaniyang grocery items. Ilang buwan na ang nakalipas pero ayaw pa rin niyang magbayad sa aking tindahan ngayon.,Money/Debt Disputes
Inirereklamo ko po ang aking nakatatandang kapatid dahil pinagmamalupitan niya ang aming bunsong kapatid na may kapansanan tuwing lasing siya at umuuwi sa aming bahay gabi-gabi.,Family Matters
Sinadya po ng kapitbahay ko na sirain ang aming doorbell sa pamamagitan ng pagpukpok nito ng bato dahil daw naiingay siya tuwing may nagdedeliver ng mga order namin dito sa bahay.,Petty Criminal Offenses
May hindi pagkakaunawaan po kami tungkol sa right-of-way dahil ang tanging daanan po namin palabas ng aming compound ay nilagyan ng gate ng may-ari ng lupang nasa unahan sa daan.,Property Disputes
"Nag-avail po ako ng package para sa pag-aayos ng mukha at buhok para sa kasal ng kapatid ko, ngunit hindi sumipot ang makeup artist sa tamang oras kaya na-late kami nang husto sa kasal.",Contract Disputes
Nagtatapon po ng maruming tubig mula sa paglalaba ang kapitbahay namin diretso sa aming eskinita kaya palaging madulas at mabaho ang daanan ng mga tao rito araw-araw sa amin.,Neighbor Disputes
"Nagpautang po ako ng pera sa aking kumare gamit ang kaniyang gintong alahas bilang sangla, pero nalaman ko na peke pala ang alahas nung sinubukan ko itong ipasuri sa pawnshop kamakailan.",Money/Debt Disputes
Nag-aaway po kaming magkakapatid dahil ayaw ibigay ng isa naming kasama sa bahay ang share ng aming bunso mula sa perang ipinapadala ng aming ate mula sa ibang bansa ngayon sa amin.,Family Matters
Pinasok po ng hindi kilalang tao ang aking bakuran at nung sinita ko ay pinagmumura ako at sinabing wala akong karapatang magpalayas sa kaniya sa kalsada na pwesto niya ngayon doon.,Petty Criminal Offenses
Ang aming boundary fence ay bigla na lang giniba ng katabi naming lote habang kami ay nasa trabaho upang magtayo sila ng sarili nilang pader na pumasok na sa lupa ko nang husto doon.,Property Disputes
"May kasunduan kami ng isang ahente na ibibigay niya ang komisyon ko sa paghahanap ng mamimili ng kaniyang kotse. Matapos mabili ang sasakyan, hindi na niya ako sinasagot ngayon sa tawag.",Contract Disputes
"Yung mga nakatira po sa itaas ng aming inuupahang kwarto ay palaging nagpupukpok ng kung ano-ano tuwing gabi, dahilan upang magising ang aking sanggol gabi-gabi na lang sa kuwarto namin.",Neighbor Disputes
"Nanghiram po ng limang llibo sa akin ang isang vendor sa palengke para pambayad sa kaniyang pwesto. Isang taon na ang nakalipas, tuwing dadaan ako ay tinataguan niya ako doon sa pwesto niya.",Money/Debt Disputes
"Ayaw pong pirmahan ng aking tiyo ang papeles para sa waiver of rights ng lupa na matagal nang ibinigay ng lolo sa aking ina, humihingi po siya ng malaking pera ngayon para pumirma.",Family Matters
"Sinabihan po ako ng aking kapitbahay ng ""baog"" at ""walang kwentang babae"" sa gitna ng daan habang maraming tao ang nakakarinig, nagdulot sa akin ng matinding kahihiyan sa buong lugar.",Petty Criminal Offenses
Yung drainage pipe po ng katabing commercial building ay nakatutok sa aming pribadong lote kaya doon bumubuhos ang lahat ng maruming tubig mula sa kanilang pasifidad sa likod namin.,Neighbor Disputes
Nagpagawa po ako ng kusina sa isang mason at nagbayad na ng pambili ng semento. Kinuha niya ang pera pero hindi na bumalik upang tapusin ang natitirang kalahati ng trabaho sa amin dito.,Contract Disputes
"Ang alagang kambing ng kapitbahay namin ay hinahayaang makalag sa gabi at kinakain ang aking mga pananim na gulay sa aking bakuran, ilang beses ko na silang sinabihan tungkol dito sa bahay.",Neighbor Disputes
"Kumuha po ng paninda sa aking online shop ang isang reseller at nangakong magbabayad matapos ang isang linggo, pero lumipas na ang buwan ay blinock na ako sa kaniyang accounts ngayon sa Messenger.",Money/Debt Disputes
Inirereklamo ko po ang aking amain dahil palagi niyang kinukuha ang pera ng aking ina na kita mula sa paglalaba para lang ipambili ng alak at ipangtaya sa sabong dito sa aming purok.,Family Matters
"Sinasadya pong harangan ng motorsiklo ng kapitbahay ang tapat ng aming pintuan upang hindi kami makalabas, nung pakiusapan ko ay nagbanta pa silang reresbakan ako ng pamilya niya sa labas.",Petty Criminal Offenses
"Gusto pong bakuran ng aming katabi ang bahagi ng lupang matagal nang itinalagang pampublikong eskinita ng aming komunidad, dahilan upang mawalan ng daanan ang pamilya namin at mga kapitbahay.",Property Disputes
Nag-arkila po ako ng pwesto para sa aking maliit na negosyo at nagbayad ng dalawang buwang deposit. Biglang binawi ng may-ari ang pwesto at ayaw nang ibalik ang deposit ko sa amin.,Contract Disputes
"Yung usok at amoy po mula sa ihawan ng barbecue ng aming kapitbahay ay direktang pumapasok sa aming sala tuwing hapon, sumasakit po ang ulo namin dahil sa tindi nito araw-araw.",Neighbor Disputes
Nanghiram po ng pitong libo ang aking bayaw para daw sa pagpaparehistro ng kaniyang sasakyan. Lumipas na ang itinakdang buwan ng bayaran pero wala pa rin siyang kusa magsauli sa akin.,Money/Debt Disputes
Nagkakagulo po kaming magpipinsan dahil sa pamana ng aming lolo na isang kalabaw at mga kagamitan sa bukid. Ayaw po kasing ipagamit ng nakatatandang pinsan sa amin ngayon dito sa amin.,Family Matters
Pinagbantaan po ako ng isang lalaki sa aming purok na raratratin daw niya ang aking bahay matapos magkaroon ng simpleng sagutan ang aming mga anak habang naglalaro sa kalsada ngayon.,Petty Criminal Offenses
"Yung bagong pader na itinayo ng katabi namin ay sumakop sa easement ng sapa na katabi ng aming lote, na naging dahilan upang masira ang proteksyon namin laban sa baha rito sa aming pwesto.",Property Disputes
Nagkasundo kami ng isang tsuper na ihahatid niya ang aming mga produkto sa Maynila. Nag-advance ako ng pambili ng krudo pero hindi siya sumipot at hindi na rin macontact ngayon sa amin.,Contract Disputes
Ang videoke po sa tapat namin ay walang tigil kahit lampas alas-dose na ng gabi tuwing may birthday. Hindi po makatulog ang aking lola na may sakit dahil sa lakas ng ingay nito sa tapat.,Neighbor Disputes
"Nangutang po sa akin ang aking kapitbahay para daw pambili ng bigas at ulam nung mawalan ng trabaho ang asawa niya. Ngayong may trabaho na sila, ayaw na nilang magbayad sa akin kahit kailan.",Money/Debt Disputes
Inirereklamo ko po ang aking kapatid dahil palagi niyang binebenta ang mga kagamitan sa loob ng aming ancestral home nang walang pahintulot mula sa aming iba pang kapatid sa pamilya.,Family Matters
Pinaratangan po ako ng aking biyenan na ako raw ay nangungurakot sa sweldo ng aking asawa at pinagkakalat ito sa aming kapitbahay na nagdulot ng malaking pinsala sa dangal ko sa purok.,Petty Criminal Offenses
"Ang sanga po ng puno ng santol ng aming katabi ay nakalaylay na sa aming bakuran at nagpababagsak ng mga uod sa aming garahe, ayaw naman nilang payagang putulin namin ito kahit kailan.",Neighbor Disputes
May kontrata kami sa isang gumagawa ng aluminum window para sa aming bahay. Nagbayad na ako ng down payment pero lumipas ang isang buwan ay wala pa ring ginagawa sa bahay namin ngayon dito.,Contract Disputes
"Ang alagang pusa ng kapitbahay ko ay palaging pumapasok sa aming kusina at ninanakaw ang aming mga ulam na nakahanda sa lamesa, sinabihan ko na sila na ikulong ito doon sa kanila.",Neighbor Disputes
Nagpahiram po ako ng pera sa aking katrabaho na pambili daw niya ng gamot para sa kaniyang anak. Nalaman ko na lang sa iba na ipinansugal lang pala niya ito sa casino ngayon sa gabi.,Money/Debt Disputes
Inirereklamo ko po ang aking tiya dahil ayaw niyang ibigay ang bahagi ng aking yumaong ina mula sa benta ng lupain na ipinamana ng aming mga nuno na matagal nang naibenta doon sa probinsya.,Family Matters
"Sinadya po ng isang tinedyer na gasgasan ang aking bagong biling motorsiklo habang ito ay nakapark sa tapat ng aming bahay, nakita po siya ng nakatira sa tapat namin kagabi sa daan.",Petty Criminal Offenses
Ang sukat po ng kalsada na ibinigay sa amin bilang right-of-way ay unti-unting pinapakitid ng katabing may-ari sa pamamagitan ng paglalagay ng mga malalaking paso sa gilid nito sa amin.,Property Disputes
"Kumuha po ako ng aircon cleaning service para sa tatlong unit sa aming bahay. Matapos nilang linisin, hindi na gumagana ang dalawang unit at ayaw nilang panagutan ang sira nito sa amin.",Contract Disputes
"Nagpapatugtog po ng napakalakas na sound system ang kapitbahay namin tuwing alas-singko pa lang ng umaga araw-araw, nagigising po ang aking mga anak na panggabi ang trabaho ngayon.",Neighbor Disputes
Nanghiram po ng limang libo sa akin ang aking kaibigan para daw sa pagpapasuri ng kaniyang asawa sa ospital. Lumipas ang anim na buwan pero nakikita ko siyang nag-iinuman palagi sa labas.,Money/Debt Disputes
Nag-aaway po kaming magkakapatid dahil ayaw pirmahan ng panganay namin ang bentahan ng maliit na lote na gagamitin sana namin pampagamot sa aming maysakit na magulang ngayon sa ospital.,Family Matters
"Minura po ako at tinawag na ""walang hiya"" ng aking kapitbahay sa harap ng aking mga anak dahil lang sa hindi ko pagpapahiram sa kaniya ng aming hagdanan nung isang araw sa bahay.",Petty Criminal Offenses
"Ang aming katabi ay nagtayo ng septic tank na napakalapit sa aming poso ng tubig. Ngayon po ay may kakaibang amoy na ang tubig na lumalabas sa aming gripo, delikado sa amin at mga bata.",Neighbor Disputes
"Nag-arkila po kami ng kasuotan para sa graduation ng anak ko at nag-iwan ng security deposit. Nung ibalik namin ang damit nang maayos, ayaw nang ibalik ng shop ang deposit namin sa amin.",Contract Disputes
"Ang basura po ng kabilang purok ay sadyang itinatapon sa tapat ng aming bakanteng lote tuwing gabi, naging tambakan na po tuloy ng dumi ang lugar at umaalingasaw ang amoy nito sa bahay.",Neighbor Disputes
Kumuha po ng grocery items sa aking tindahan ang aking kapitbahay na nagkakahalaga ng kapat na llibo. Sabi niya babayaran niya sa katapusan pero ngayon ay lumilipat na siya ng bahay doon.,Money/Debt Disputes
"Inirereklamo ko po ang aking asawa dahil palagi niyang kinuha ang aming perang pangkain upang ibigay sa kaniyang mga magulang, dahilan upang magutom ang sarili naming mga anak ngayon dito.",Family Matters
Hinamon po ako ng suntukan ng isang lalaki sa aming eskinita habang hawak ang isang bakal matapos ko siyang sawayin sa pagpapatakbo ng motor nang mabilis sa loob ng purok namin ngayon doon.,Petty Criminal Offenses
"Ang bakod po ng aming katabi ay pumasok na sa sukat ng aming lote nung muli nilang ipagawa ito gamit ang hollow blocks, kitang-kita po sa aming titulo na nabawasan kami nang husto rito.",Property Disputes
May kasunduan kami ng isang online seller na magsu-supply siya ng mga sapatos para sa aking boutique. Nagbayad na ako ng buo pero walang dumating na package mula sa kaniya ngayon sa amin.,Contract Disputes
"Ang tambutso po ng generator ng katabi naming shop ay nakatutok mismo sa bintana ng aming kwarto. Tuwing may brownout, pumapasok ang maitim na usok na nakakahilo sa amin dito sa loob ng bahay.",Neighbor Disputes
Nanghiram po ng pera sa akin ang aking kumare para sa emergency ng kaniyang anak. Nangakong magbabayad matapos ang dalawang linggo pero tuwing dadaan ako ay galit pa siya ngayon sa akin doon.,Money/Debt Disputes
Inirereklamo ko po ang aking pinsan dahil patuloy niyang ginagamit ang aming ancestral home billing kaniyang talyer nang walang abiso at walang ibinibigay na share sa ibang kapatid sa amin.,Family Matters
"Pinagbintangan po ako ng aking katabi na ako raw ang nagpakalat ng tsismis na may kabit ang kaniyang asawa, kaya pumunta siya sa tapat ng bahay ko at pinagmumura ako doon sa harap ng mga tao.",Petty Criminal Offenses
Yung nakatira po sa unahan namin ay naglagay ng bunton ng buhangin sa gitna ng daanan na siyang nagpapasikip sa daan ng mga tricycle at nagdudulot ng aksidente gabi-gabi sa eskinita namin.,Property Disputes
Nagpa-install po ako ng internet connection sa isang lokal na provider at nagbayad ng paunang singil. Dalawang buwan na ang nakalipas pero wala pa rrin dumarating na tao rito para mag-ayos.,Contract Disputes
"Ang mga manok na panabong ng kapitbahay ko ay laging tumilaok tuwing madaling araw sa tapat mismo ng aming bintana, dahilan upang magising ang aking asawa mula sa trabaho niya gabi-gabi.",Neighbor Disputes
Nagpautang po ako ng sampung libo sa aking kapitbahay para sa puhunan niya sa pagtitinda ng isda. Malakas naman ang kaniyang negosyo pero kapag sisingilin ko ay laging walang pera siya sa akin.,Money/Debt Disputes
"Inirereklamo ko po ang aking tita dahil palagi niyang pinagalitan at pinapalayas ang aking matandang lola sa bahay na ari naman talaga ng lola ko, dahil lang sa usapin ng pera ngayon dito.",Family Matters
"Sinadya pong basagin ng isang lasing ang bumbilya sa tapat ng aming gate nung nakaraang gabi habang nagwawala siya sa kalsada, natatakot po kami dahil madilim ang tapat namin ngayon sa gabi.",Petty Criminal Offenses
Ang katabi po naming lote ay nagtayo ng extension ng kanilang bubong na walang gutter kaya tuwing uulan ay diretso ang bagsak ng tubig sa aming bakod at sumisira sa aming halaman sa gilid.,Property Disputes
Nagkasundo kami ng isang driver na hihilain ang aking nasirang kotse papuntang talyer. Nagbayad ako ng pauna pero iniwan niya ang sasakyan ko sa gilid ng highway at nagtago na siya ngayon.,Contract Disputes
"Yung kapitbahay po namin ay naglalaba sa labas ng kaniyang bahay at ang maruming tubig na may sabon ay pinapaagos sa tapat ng aming pintuan, na nagiging sanhi ng madulas na daan doon sa amin.",Neighbor Disputes
"Nangutang po ng pera ang aking katrabaho para daw sa kaniyang monthly amortization ng bahay. Isang taon na ang nakalipas, hindi pa rin siya nagbabayad at umiiwas na sa akin doon sa opisina.",Money/Debt Disputes
Nag-aaway po kaming magkakapatid dahil sa naiwang alahas ng aming ina. Solong kinuha ng aming ate ang lahat ng ginto at ayaw niyang bigyan ng share ang kaniyang mga kapatid ngayon sa pamilya.,Family Matters
Nagreklamo po ako kasi lagi na lang nag-iihaw ng baboy yung kapitbahay namin tuwing Sabado at ang usok ay pumupunta sa aming bintana at nakakasunog ng mata ng aking anak na may asthma.,Neighbor Disputes
Yung aso ni Mang Berting ay palaging lumalabas sa kanilang bakuran at dinudumi ang aming halamanan. Ilang beses na kaming nagsabi pero wala silang ginagawa.,Neighbor Disputes
Ang kapitbahay namin ay nagtatayo ng extension ng kanilang bahay na halos kumakain na sa aming bakuran. Sinubukan naming kausapin pero nagalit pa sila sa amin.,Neighbor Disputes
Si Aling Nena ay nagtatambak ng basura sa gilid ng aming bakod. Napakabaho na lalo na kapag tag-ulan at mabaho ang buong purok.,Neighbor Disputes
Ang poste ng ilaw na ipinatayo ng aming kapitbahay ay nakatayo sa aming bahagi ng daanan at hinaharang nito ang aming daanan wala ito sa napagusapan,Neighbor Disputes
Laging may nag-aawayan sa tabi-tabi namin halos gabi-gabi. Ang ingay nila ay pumupukaw sa aming mga bata na natutulog na.,Neighbor Disputes
"May puno ng mangga ang aming kapitbahay na ang mga sanga ay tumatalab na sa loob ng aming bubong. Sa tuwing may bagyo, nasisira ang aming yero.",Neighbor Disputes
Nagjumper po yung kapitbahay namin sa aming koneksyon ng kuryente. Napansin ko na mas mataas ang aming bill simula nang lumipat sila.,Neighbor Disputes
Yung drainage sa tapat ng bahay ng aming kapitbahay ay puno na ng basura kaya kapag umuulan ang tubig ay dumadaan sa loob ng aming bahay.,Neighbor Disputes
"Tuwing tag-ulan, nakakaranas kami ng pag-ipon ng tubig sa bakuran dahil ang bubong ng kapitbahay ay nakaslant papunta sa amin.",Neighbor Disputes
Si Mang Rudy ay nagtatayo ng chicken coop na halos katabi ng aming kusina. Ang amoy at ingay ng mga manok ay nakakaistorbo sa amin araw at gabi.,Neighbor Disputes
Ginawa ng aming kapitbahay na parking space ang espasyo sa pagitan ng aming mga bahay kahit hindi naman sila may karapatan doon.,Neighbor Disputes
Nagtayo ng mataas na bakod ang aming kapitbahay na naghaharang ng hanging pumapasok sa aming bahay. Mainit na ang lugar namin lalo na tuwing tag-araw.,Neighbor Disputes
Ang mga anak ng aming kapitbahay ay palaging naglalaro sa aming bakuran kahit sabi na namin ay huwag. Nasira na ang aming mga halaman.,Neighbor Disputes
Ang tunog ng makinang panahi ni Aling Cora ay umaabot sa aming silid at madalas na naririnig hanggang alas dose ng gabi.,Neighbor Disputes
Ang tubig mula sa labahan ng aming kapitbahay ay dumadaan sa aming bakuran at nagdudulot ng baha tuwing umuulan.,Neighbor Disputes
"Dahil sa tindahang nakapwesto sa tapat ng aming bahay, limitado na ang aming access sa pagpasok at paglabas ng sasakyan.",Neighbor Disputes
Ang aming kapitbahay na si Mang Pepe ay nagsusunog ng dahon at plastik malapit sa aming bakod. Nakakasakit ng ulo ang usok at nagrereklamo na rin ang aming mga anak.,Neighbor Disputes
Yung pusa ng kapitbahay namin ay laging pumupunta sa aming kusina at kumakain ng aming pagkain. Sinubukan na naming sabihin pero hindi sila kumikilos.,Neighbor Disputes
Ang pagpapalit ng baterya at pagpapatakbo ng generator ng aming kapitbahay sa gabi ay nagdudulot ng abala sa aming pamilya.,Neighbor Disputes
Ang kapitbahay namin ay nag-iimbak ng mga sirang kagamitan at lumang kahoy sa gilid ng aming bakod kaya nagiging pugad ito ng mga daga at ipis.,Neighbor Disputes
Ang aming kapitbahay ay nagbebenta ng pritong pagkain sa harap ng kanilang bahay at ang mantika ay tumatapon sa aming daanan na naging madulas at mapanganib.,Neighbor Disputes
Lagi pong nagtatampisaw ang mga bata ng aming kapitbahay sa aming drainage at bumabarada ito. Paulit-ulit na kaming nagrareklamong walang ginagawa.,Neighbor Disputes
Si Mang Celso ay nagpapala ng lupa sa likod ng kanilang bahay at ang dumi ay napupunta sa aming bakuran tuwing umuulan.,Neighbor Disputes
Ang malaking puno ng aming kapitbahay ay nakaharang na sa linya ng kuryente at maaaring magdulot ng aksidente sa aming lugar kung ito ay bumagsak.,Neighbor Disputes
Naglalagay ng basura si Aling Lina sa aming daanan sa umaga bago dumating ang trak ng basura kaya ang amoy ay lumalagpas hanggang sa aming sala.,Neighbor Disputes
Tuwing umaga ay pinapark ng aming kapitbahay ang kanilang sasakyan sa tapat ng aming driveway kaya naaabala ang aming paglabas.,Neighbor Disputes
Si Mang Bong ay nagpapatayo ng antena sa kanilang bubong na nakatuon sa aming direksyon at nababaraduhan ang aming TV signal.,Neighbor Disputes
Ang aming kapitbahay ay nagpapaligo ng kanilang mga kambing sa daanan namin. Ang dumi ng mga hayop ay naiiwan sa aming harap na bahay.,Neighbor Disputes
Laging may inuman ginagawa ang kapitbahay namin sa gabi at pagkatapos ay maingay at naggugulo sa kalsada hanggang madaling araw.,Neighbor Disputes
Yung bakod ng kapitbahay namin ay bumagsak sa aming bahagi dahil hindi inayos. Ngayon ay nakabukas na ang kanilang bakuran papunta sa amin.,Neighbor Disputes
Ang kapitbahay namin ay nagtatago ng lumang sasakyan sa harap ng aming bahay na halos isang taon nang hindi ginagalaw at nagiging tirahan ng ipis at daga.,Neighbor Disputes
Si Aling Rosing ay nagtatambak ng mga segundo-manong gamit sa harapan ng kanilang bahay na nagiging palasiwa at nagpapababa ng ayos ng aming lugar.,Neighbor Disputes
Yung alaga ng mga manok ni Mang Itoy ay lumalabas sa aming bakuran at ginagawang kulungan ang aming halamanan. Nasira na ang aming mga gulay.,Neighbor Disputes
Ang tubig na nagmumula sa aircon ng kapitbahay namin ay tumatama sa aming pinto at nagdudulot ng basa sa aming sahig.,Neighbor Disputes
"May nag-install ng malakas na speaker ang kapitbahay namin at ginagamit nila ito para makinig ng musika halos buong maghapon, lalo na tuwing weekend.",Neighbor Disputes
Si Mang Dodong ay nagtatrabaho bilang mekaniko at ginagawa niya ang kanyang trabaho sa kalsada sa harap ng aming bahay. Nakakasagabal ito sa amin,Neighbor Disputes
Ang kapitbahay namin ay gumagamit ng power tools para sa kanilang pagkakarpintero kahit gabi na kaya naaabala ang mga residente sa paligid.,Neighbor Disputes
Laging may bisita si Aling Mely na nagpaparada ng kanilang mga motorsiklo sa harap ng aming gate at hindi na kami makaalis ng maayos.,Neighbor Disputes
Ang butas sa bakod ng kapitbahay namin ay hindi pa rin tinatambal at ang kanilang mga kambing ay palaging lumalabas at kumakain ng aming halaman.,Neighbor Disputes
Si Mang Cesar ay nagtatayo ng malaking tolda para sa kanyang negosyo ng pagpapaupa ng katutubo na nagiging harang sa aming kalsada.,Neighbor Disputes
Ang mga anak ng aming kapitbahay ay nagtatapon ng basura sa aming bakuran kahit alam nilang may nakalagay kaming halaman doon.,Neighbor Disputes
Ang kapitbahay namin ay nagpapalakas ng kanilang stereo tuwing may selebrasyon at hindi humihinto kahit kami ay magrereklamo.,Neighbor Disputes
Si Aling Ditas ay nagtatanim ng mga puno sa kanilang linya ng bakod na lumalapit na sa aming poste at aming linya ng kuryente.,Neighbor Disputes
Yung drainage sa pagitan ng aming mga bahay ay pag-aari ng dalawa sa amin pero ang kapitbahay namin ay hindi sumasang-ayon na linisin ito.,Neighbor Disputes
Ang aming kapitbahay ay nagtatayo ng malaking toldang party sa kanilang bakuran kahit hindi naman pahintulot ng homeowners association.,Neighbor Disputes
Si Mang Kiko ay may alagang pato na palaging lumalabas sa aming bakuran. Marumi na ang aming patio at nagtatampisaw sa aming poso.,Neighbor Disputes
Lagi pong nagtatatalon ang bata ng aming kapitbahay sa ibabaw ng aming bakod at nasira na ang aming haligi ng bakod.,Neighbor Disputes
May sinabing masama si Aling Barang sa aming kapitbahay tungkol sa aming pamilya sa harap ng maraming tao sa purok namin.,Neighbor Disputes
Si Mang Nino ay naglagay ng malaking tangke ng tubig sa gilid ng aming property line at nangangamba kaming bumagsak ito kapag napuno.,Neighbor Disputes
Naghuhukay ng malalim na imbakan si Mang Bobby sa kanilang bakuran malapit sa aming bakod. Natatakot kami na maaaring bumagsak ang aming bakod.,Neighbor Disputes
Yung kapitbahay namin ay nagtaas ng kanilang bubong na ngayon ay tumatama sa linya ng aming bakod. Nababasaan ang aming dingding tuwing umuulan.,Neighbor Disputes
Ang aming kapitbahay ay nagtatapon ng kanilang lumang gamit sa aming bakuran nang walang pahintulot. Naipong basura na ngayon.,Neighbor Disputes
Si Aling Cely ay nagtatayo ng rehas sa kanilang bintana na kumakain ng ilang sentimetro sa aming property.,Neighbor Disputes
Ang mga baboy ng kapitbahay namin ay palaging nakaabot sa aming halamanan at kinakain ang aming mga gulay na pinalaki namin ng ilang buwan.,Neighbor Disputes
Nagtayo ng sari-sari store ang kapitbahay namin sa kanilang harap at ang kanilang mga customer ay nagtitipon sa harap ng aming bahay hanggang gabi at mga nag-iinom,Neighbor Disputes
Si Mang Ruben ay palaging nagtatrabaho ng gabi sa kanyang workshop sa ilalim ng kanilang bahay. Ang ingay ng pagpapalo at paggugupit ng metal ay maririnig hanggang aming silid.,Neighbor Disputes
Laging may motorsiklo na tumatakbo sa aming daanan na pag-aari ng binata ng aming kapitbahay kahit gabi na.,Neighbor Disputes
Si Aling Flor ay nagtatambak ng mga halaman at palayok sa gilid ng aming bahay na nagiging tirahan ng daga at ipis.,Neighbor Disputes
Ang mga bata ng aming kapitbahay ay naglalaro ng football sa kalsada at paulit-ulit na tinatamaan ang aming mga halaman at rejas ng bintana.,Neighbor Disputes
Yung bata ng kapitbahay namin ay palaging nagtatatapon ng malalaking bato sa aming bakod at mayroon nang nagbasag na bato.,Neighbor Disputes
Ang aming kapitbahay ay nagtatayo ng outdoor na kusina sa kanilang bakuran na malapit sa aming bakod at ang usok ay direktang pumupunta sa aming sala.,Neighbor Disputes
Si Mang Edong ay gumagawa ng negosyo ng pag-aayos ng refrigerator sa harap ng kanyang bahay na naghaharang ng daanan sa aming purok.,Neighbor Disputes
Ang aming kapitbahay ay nagtatayo ng malaking espesyal na kahon sa kanilang harapan na ginagamit na panlabas na paliguan at nagpapababa ng kaayusan ng lugar.,Neighbor Disputes
Hindi nagbibigay ng suporta sa aking mga anak ang kanilang ama mula nang maghiwalay kami. Pitong buwan na walang ibinibigay kahit isang piso.,Family Matters
Ang aking kapatid na si Mario ay tumangging magbigay ng bahagi ko sa pagmamana ng aming namatay na ama. Sinasabi niya na siya lang ang may karapatang magmana.,Family Matters
Nagreklamo po ako dahil ang aking manugang ay tinatanggihan na akong pumasok sa bahay ng aking anak. Anim na buwan na akong hindi nakikita ang aking apo.,Family Matters
Ang aking kapatid na babae ay hindi sumasang-ayon na ipagawa namin ang bahay ng aming magulang kahit sila mismo ay nakatira doon at kailangan ng pagkukumpuni.,Family Matters
Si Aling Nena ang kapatid ko ay gumagamit ng aming inang bahay bilang bodega para sa kanyang negosyo nang walang pahintulot ng buong pamilya.,Family Matters
Hindi gusto ng aking asawa na bisitahin ko ang aking sariling mga magulang. Pinagbabawalan niya akong lumabas kahit para sa mga kapamilya ko.,Family Matters
Ang aking pamangkin ay naninirahan sa aming bahay nang walang bayad ng renta at hindi tumutulong sa mga gastusin ng bahay. Mahirap na kaming pilitin siyang lumipat.,Family Matters
Hindi sumasang-ayon ang aking mga kapatid sa pagbebenta ng aming lupang minana ng aming ama. Ako ang nagbabayad ng buwis pero hindi raw sila papayag.,Family Matters
Ang aking lolo ay dinaya daw ng aking tiyuhin na pirmahan ang dokumento na inilipat sa kanya ang karapatan sa isang bahagi ng lupain habang bata pa.,Family Matters
Nagkaroon po ng alitan sa aming pamilya dahil ang aking kapatid ay nagpapatira ng ibang tao sa bahay na pag-aari naming magkakapatid nang walang paalam.,Family Matters
Ang aking asawa ay tumangging isulat ang aking pangalan sa titulo ng aming bagong biling bahay kahit ako ang nagbayad ng karamihan sa pera.,Family Matters
Nagkaroon po ng alitan sa pamilya dahil may kapatid kaming gumamit ng pera mula sa magkakasamang ipon nang walang pahintulot.,Family Matters
Ang aking tiyuhin ay tumatanggi na ibalik ang lupa na ipinagkatiwala sa kanya ng aking yumaong lolo para sa aming pamilya.,Family Matters
Hindi nagbibigay ng suporta ang aking ama sa aking kapatid na iniwan ng asawa. Sinasabi niyang hindi na siya responsable sa kanila.,Family Matters
Ang aking kapatid na si Jun ay nag-angkin ng sasakyan ng aming ama na dapat ay parehong-pareho namin pagkatapos ng kanyang pagpanaw.,Family Matters
Nagreklamo po kami dahil ang aking kapatid ay tumangging ibalik ang mga dokumentong pagmamay-ari ng aming pamilya.,Family Matters
Ang aking dating asawa ay nagbabalik at gusto niyang manirahan sa aming bahay kahit kami ay naghiwalay na. Ayaw ko na siyang papasukin pero nagagalit siya.,Family Matters
Hindi sang-ayon ang mga kapatid ko sa pagpapalawak ng aming libing-ground ng pamilya. Dalawa sa amin ay gusto pero tatlo ay ayaw.,Family Matters
Ang aking anak na lalaki ay nagpapalayas sa akin sa bahay kahit sa pangalan ko ang titulo ng bahay. Sinasabi niyang siya na ang may karapatan.,Family Matters
Ang aking pamangkin na inaampon namin ay inaangkin ng kanyang tunay na ina pagkatapos ng ilang taon. Gusto nilang dalhin ang bata nang walang abiso.,Family Matters
Nagreklamo po kami ng aking kapatid. Ang aming nanay ay pinipilit magresidente sa bahay ng aming pinakamayamang kapatid nang hindi tinatanong ang kanyang kagustuhan.,Family Matters
Nais po naming maresolba ang hindi pagkakaunawaan tungkol sa mga gamit na naiwan ng aming mga magulang at kung sino ang may karapatang gumamit nito.,Family Matters
Nagreklamo po kami dahil ang aming ama ay pinipigilan ng aming kapatid na bisitahin ang kaniyang iba pang mga anak.,Family Matters
Ang aking kapatid na babae ay tumangging ibahagi ang ani ng aming pinagsamang bukid kahit pantay-pantay ang aming naiambag sa pagpapalaki nito.,Family Matters
Hindi sumasang-ayon ang aking mga kuya at ate sa pamamahala ng negosyo ng aming mga magulang. Gusto nilang ipagpatuloy pero gusto ko namang ibenta.,Family Matters
Nagreklamo po ako dahil ang aking dating live-in partner ay hindi pa rin ibinabalik ang ilan sa aking personal na gamit kahit ilang beses ko na itong hiniling.,Family Matters
Nagreklamo po kami dahil ang aming tiyuhin ay nagsabing siya ang nagbabayad ng kuryente sa bahay ng aming lola pero hindi naman totoo ito.,Family Matters
Nais ko pong magsampa ng reklamo dahil ang aking dating asawa ay patuloy na pumupunta sa aking bahay kahit sinabi ko nang ayaw ko na siyang bumisita.,Family Matters
Hindi ko makuha ang aking bahagi ng aming pamilyang negosyo dahil kinontrol ito ng aking kapatid nang pumanaw ang aming ina.,Family Matters
Nagreklamo po ako dahil ang aking ama ay pinipigilan ng aking stepmother na makipag-ugnayan sa amin na mga anak niya sa una niyang asawa.,Family Matters
Nagreklamo po ako dahil ang aking dating live-in partner ay patuloy na ginagamit ang aking address para sa kanyang mga transaksyon kahit matagal na kaming hiwalay.,Family Matters
Hindi nagbibigay ng pagkain ang aking manugang sa aking anak at mga apo kahit alam nilang mahirap kami. Nagdurusa ang bata.,Family Matters
Ang aking kapatid na si Precy ay kumuha ng pera sa pondo ng pamilya nang walang pahintulot ng lahat. Sabi niya emergency daw.,Family Matters
Nagreklamo po kami dahil ang aming kapatid na nakatira sa aming pamilyang bahay ay tumangging umalis kahit may kasunduan na siya ay magrerent at magbabayad.,Family Matters
Hindi sumasang-ayon ang aking asawa na ang aking magulang ay manirahan sa aming bahay kahit sila ay matanda na at kailangan ng tulong.,Family Matters
Ang aking kapatid ay nag-abot ng maling impormasyon sa aming mga tiyuhin tungkol sa aking pagkatao para hindi nila ako matulungan sa inheritance.,Family Matters
Nagreklamo po kami dahil ang aming ate ay nag-angkin ng mga alahas ng aming ina bago pa man ito ipamahagi sa lahat ng magkakapatid.,Family Matters
Ang aking kuya ay gumagamit ng pangalan ko para kumuha ng pautang sa aming barangay cooperative nang walang aking pahintulot.,Family Matters
Hindi gusto ng aking mga kapatid na ipagamot ang aming yumaong lolo sa ospital at gusto nilang dalahin na lang sa bahay para makatipid.,Family Matters
Ang aking tiyahin ay nagsasabing siya ang nag-ampon sa akin kaya may karapatan siyang baguhin ang mga papeles ng aming pamilyang lupa.,Family Matters
Nagreklamo po ako dahil ang aking step-father ay hindi binibigyan ng pagkain ang aking mga kapatid kapag wala akong bahay.,Family Matters
Nagreklamo po kami dahil ang aking kapatid ay hindi nagbabayad ng kanyang parte sa association dues ng property na magkakasama naming pag-aari.,Family Matters
Ang aking pamangkin ay hindi ibinabalik ang perang hiniram sa aming pamilya para sa kanyang pag-aaral. Tapos na siya ng kolehiyo at nagtatrabaho na.,Family Matters
Hindi ko makuha ang mga personal na gamit ko sa bahay ng aking dating asawa dahil hindi niya ako pinapayagang pumasok at ako ay kanyang sinasaktan,Family Matters
Hindi nagbibigay ng pagkain o pera ang aking ama sa aming pamilya simula nang mag-live-in siya sa ibang babae. Anim na buwan na kaming nagugutom.,Family Matters
Ang aking kapatid ay nangungolekta ng upa mula sa mga nangungupahan sa aming pamilyang lupa at hindi nagbibigay ng bahagi sa amin.,Family Matters
Nagreklamo po ako dahil ang aking asawa ay nag-withdraw ng lahat ng pera sa aming pinagsamang savings account nang hindi niya sinabihan ako.,Family Matters
Hindi sang-ayon ang aking kapatid na ibigay ang pangalang pamilya sa aking anak kahit kami ay legal na may asawa sa oras ng kapanganakan.,Family Matters
Nagreklamo po kami dahil ang aming lolo ay pinilit umano ng aming tiyuhin na magbigay ng kanyang lupa bilang kolateral para sa pautang.,Family Matters
Ang aking kuya ay nag-angkin ng titulo ng aming pamilyang lupa na dapat ay naka-pangalan sa lahat ng magkakapatid.,Family Matters
Hindi nagbibigay ang aking asawa ng pera para sa gastusin ng bahay at pag-aaral ng aming mga anak. Siya ay nagtatrabaho pero ibinibigay sa kanyang pamilya.,Family Matters
Nagreklamo po ako dahil ang aking kapatid ay nagbenta ng aming pamilyang kasangkapan nang walang pahintulot ng ibang magkakapatid.,Family Matters
Ang aking dating asawa ay tumangging ibigay ang custody ng aming anak sa akin kahit ang korte ay nagpahintulot na. Nagtago siya ng bata.,Family Matters
Hindi ko makuha ang aking bahagi ng pension ng aming namatay na ama dahil kinuha ng aking step-ina ang lahat ng dokumento.,Family Matters
Ang aking kapatid ay nagbabayad ng utang gamit ang pera ng aming pamilya nang walang pahintulot ng iba.,Family Matters
Nagreklamo po ako dahil ang aking manugang ay nagbenta ng aking mga alahas na ipinagkatiwala ko sa kanila habang nasa ospital ako.,Family Matters
Hindi gusto ng aming kapatid na bigyan kami ng access sa aming pamilyang sementeryo para mahanapan ng puwesto ang aming ina.,Family Matters
Ang aking kapatid na nagtatrabaho sa abroad ay nagpadala ng pera para sa bahay pero kinuha ng aming tiyuhin bago pa man ito makarating sa amin.,Family Matters
Hindi nagbibigay ng allowance ang aking ama sa aking bata kahit naipasya na ng barangay noon na kailangan niya itong gawin.,Family Matters
Humiram po ng dalawang libong piso ang aking kapit-bahay para sa gamot niya. Ilang linggo na ang nakaraan pero hindi pa rin niya ibinabalik kahit humingi na ako.,Money/Debt Disputes
Nagpautang ako ng sampung libong piso sa aking kaibigan para sa pagpapagawa ng kanyang tindahan. Huminto siya sa pagbabayad pagkatapos ng dalawang bayad.,Money/Debt Disputes
Ang aking dating kasosyo sa negosyo ay tumangging ibigay ang aking bahagi ng kita ng aming tindahan matapos nating magkasundo na ibenta ito.,Money/Debt Disputes
Si Mang Romy ay humiram ng aking electric fan at hindi na ibinabalik kahit humingi na ako nang maraming beses. Sinasabi niya na wala na raw ito. Ayaw niya itong palitan o bayaran.,Money/Debt Disputes
Nagbigay ako ng pera kay Aling Tessie para bilhin niya ako ng produkto mula sa Maynila. Nagalit siya at hindi na nagbalik ng pera o produkto.,Money/Debt Disputes
Ang aking kapitbahay ay humiram ng aming sound system para sa isang selebrasyon ngunit ibinalik ito na hindi na gumagana nang maayos.,Money/Debt Disputes
Si Mang Andoy ay humiram ng limang libong piso para sa gastusin ng kanyang anak sa ospital. Sabi niya maaga raw siyang magbabayad pero wala pa rin.,Money/Debt Disputes
Nagpautang po ako ng tatlong libong piso sa aking pinsan para sa kabiling gamit ng kanyang bagong bahay. Hindi na niya binabayaran at umiiwas na sa akin.,Money/Debt Disputes
Ang aking dating katrabaho ay humiram ng aking laptop para sa isang proyekto. Hindi na niya ibinabalik at hindi na rin siya sumasagot ng tawag.,Money/Debt Disputes
Si Aling Angie ay nangailangan ng pera para mabayaran ang kanilang kuryente. Nagpautang ako ng dalawang libong piso pero hindi na niya sineseryoso ang pagbabayad.,Money/Debt Disputes
Nag-invest ang aming samahan ng barangay sa isang negosyo na pinamunuan ng aming dating lider. Hindi na siya nagbabalik at hindi na ring ibinabalik ang pondo.,Money/Debt Disputes
Si Mang Ben ay nagtrabaho sa aking farm at binayaran ko siya ng advance. Umalis siya bago matapos ang trabaho at hindi niya ibinabalik ang advance.,Money/Debt Disputes
Ang aking kasambahay ay humiram ng aking kamay na de-kuryente at nasira. Hindi niya tinanggap ang responsibilidad o binabayaran ako.,Money/Debt Disputes
Nagpautang ako ng malaking halaga kay Mang Berto para sa pagpapalaki ng kanyang negosyo. Nagbago ng address siya at hindi na makita.,Money/Debt Disputes
Naiwan sa akin ang gastos sa pagpapagawa ng folding table matapos itong masira habang ginagamit sa pagtitipon ni Aling Lydia.,Money/Debt Disputes
Ang aking kapitbahay ay may utang sa akin ng sampung libong piso mula noong isang taon. Nagbibigay siya ng dahilan kada buwan pero hindi pa rin nagbabayad.,Money/Debt Disputes
Nagreklamo po kami dahil ang aming treasurer ng samahan ay hindi nag-uulat ng tunay na pondo ng aming grupo at pinaghihinalaang nagtatago ng pera.,Money/Debt Disputes
Nagkaroon kami ng alitan dahil tumatanggi si Mang Tatay na bayaran ang de-motor na nasira habang nasa kanya.,Money/Debt Disputes
Hanggang ngayon ay hindi pa rin naibabalik ng aking kaibigan ang perang ipinahawak ko sa kanya para sa isang transaksyon na hindi naman natuloy.,Money/Debt Disputes
Si Mang Roy ay humiram ng aking trak para magdala ng kanyang mga kalakal. Bumalik niya ito pero may pinsala at hindi niya tinanggap ang responsibilidad.,Money/Debt Disputes
Ang aking katabing tindero ay may utang sa akin ng ilang bayad ng kanyang upa. Hindi na siya nagbabayad at umiiwas pa sa akin tuwing makita ko siya.,Money/Debt Disputes
Nagpautang ako ng dalawang libong piso sa aking pamangkin para sa kanyang mga pangangailangan sa kolehiyo. Tapos na siya ng pag-aaral at may trabaho na pero hindi pa rin nagbabayad.,Money/Debt Disputes
Si Aling Carmen ay kumuha ng mga damit sa aking tindahan na may kasunduan na babayaran niya sa susunod na buwan. Tatlong buwan na at wala pa rin.,Money/Debt Disputes
Nagreklamo po ako dahil ang aking pamangkin ay nangutang sa aming samahan ng pautang gamit ang aking pangalan bilang co-maker nang walang aking pahintulot.,Money/Debt Disputes
Nagbigay ako ng pera para bilhin ng aking kapit-bahay ang gamot para sa kanyang ina. Hindi niya nagamit ang pera para doon at hindi na ibinabalik.,Money/Debt Disputes
Ang aming savings group ay may kasapi na kumuha ng pera nang hindi naaayon sa aming kasunduan. Hindi niya ito ibinabalik pagkatapos ng maraming buwan.,Money/Debt Disputes
Si Aling Nita ay nangutang sa akin para sa kaniyang tindahan na kasangkapan. Ibinigay ko ang pera pero hindi siya nagbayad at ngayon ay saradong-sarado na ang kanyang tindahan.,Money/Debt Disputes
Ang garden hose na ipinagamit ko kay Mang Ramon ay naibalik na may mga butas at hindi na magamit.,Money/Debt Disputes
May kasunduan po kami ng aking kaibigan tungkol sa paghahati ng gastusin sa isang event ngunit hindi niya tinupad ang kanyang obligasyon.,Money/Debt Disputes
Ang aking dating kasosyo ay nag-angkin ng aming pinagsamang kagamitan nang walang babayaran sa akin. Sinasabi niya na para sa kanya ang lahat.,Money/Debt Disputes
Nagreklamo po kami dahil ang aming kasama sa fishing ay hindi nagbibigay ng aming tamang bahagi ng kita sa tuwing ibinebenta ang isda.,Money/Debt Disputes
Si Mang Jake ay humiram ng pera para sa gastusin ng kanyang asawa na nanganak. Wala pa rin siyang ibinabayad kahit anim na buwan na ang nakalipas.,Money/Debt Disputes
Ang aking kapit-bahay na si Ate Sonia ay humiram ng aking espesyal na damit para sa kasal ng kanyang anak. Nasirang malaking parte at hindi niya nagpapagawa.,Money/Debt Disputes
Ang isa sa mga kasapi ng aming samahan ay hindi dumadalo sa mga pagpupulong ngunit kinukuwestiyon ang mga desisyong napagkasunduan ng karamihan dahil sap era na involve dito.,Money/Debt Disputes
Ang aking kakilala ay nanghiram ng pera at nangakong ibibigay ang titulo ng kanyang lupa bilang garantiya ngunit hindi niya tinupad ang aming kasunduan.,Money/Debt Disputes
"Humiram ng malaking halaga ang aking kapitbahay at nangakong ibebenta sa akin ang kanyang lumang bangka bilang kabayaran kung hindi siya makakabayad, ngunit umatras siya sa usapan.",Money/Debt Disputes
Nais kong magsampa ng reklamo dahil hindi tinutupad ng aking kapitbahay ang kasunduan namin tungkol sa kolateral ng kanyang utang.,Money/Debt Disputes
Ang sasakyang isinangla sa akin bilang seguridad sa utang ay itinago ng may-ari nang dumating ang takdang petsa ng pagbabayad.,Money/Debt Disputes
Ang aking pinsan ay nangutang sa akin para pangasiwaan ang kanilang puneralya. Pagkatapos ng libing ay hindi na niya nagamit ang pera sa tamang paraan at hindi ibinabalik ang labis.,Money/Debt Disputes
Si Mang Vic ay nagsabi na magrerent siya ng aking pasilidad para sa isa niyang okasyon. Gumamit siya ng pasilidad pero hindi nagbayad ng kasunduan.,Money/Debt Disputes
Ang aking kapitbahay ay paulit-ulit na nagpapaliban ng bayad at ayaw ding ibigay ang ari-ariang isinangla niya bilang seguridad.,Money/Debt Disputes
Ang aking kaibigan ay nagsabi na magte-text sa akin ang resibo para sa mga gamit na binili niya para sa akin. Wala akong natanggap na resibo o pera o gamit.,Money/Debt Disputes
Nagkaroon ng hindi pagkakaunawaan dahil ayaw kilalanin ng aking kapitbahay ang dokumentong pinirmahan niya tungkol sa kanyang pagkakautang.,Money/Debt Disputes
Nagreklamo po ako dahil ang aking kasama sa pag-iingat ng pondo ng aming samahan ay hindi nagdedeposito ng nakolektang bayad at hindi nagbibigay ng tamang accounting.,Money/Debt Disputes
Si Mang Celso ay may utang sa akin na limang libong piso. Nangako siyang babayaran pagka-harvest pero dumating na ang season at hindi pa rin siya nagbabayad.,Money/Debt Disputes
Ang aking kakilala ay hindi nagbabayad ng kanyang obligasyon at tumatangging makipag-usap tungkol sa garantiya na aming napagkasunduan.,Money/Debt Disputes
Nagpautang ako ng pera batay sa isang kasunduan ngunit ngayon ay hindi kinikilala ng umutang ang kanyang mga pangako.,Money/Debt Disputes
Nagreklamo po kami dahil ang aming kapitbahay ay nagtatayo ng bakod sa lugar na naaangkop namin bilang aming hangganan. Hindi namin tinanggap ang kanilang pahayag.,Property Disputes
Ang daan papunta sa aming bukid ay binakuran ng aming kapitbahay na may-ari ng katabi naming lote. Hindi na kami makapasok sa aming sariling lupa.,Property Disputes
Si Mang Elmer ay nagsimulang mag-araro ng bahagi ng aming lupa na may label na sa amin sa titulo pero sinasabi niyang sa kanya ito.,Property Disputes
Nagreklamo po kami dahil ang aming kapitbahay ay nagtatayo ng bahay sa bahagi ng lupa na aming pinagtatalo ang pagmamay-ari.,Property Disputes
Ang aming pamilya ay may titulo sa lupa pero may ibang tao na nagsasabing sila ay may mas lumang kasulatan sa parehong lupa.,Property Disputes
Ang daan papunta sa aming bakuran ay dinadaan ng mga bangka ng aming kapitbahay kahit hindi naman ito bahagi ng kanilang properti.,Property Disputes
Nagreklamo po kami dahil ang aming kapitbahay ay naglagay ng poste at bakod sa bahagi ng lupa na ayon sa survey ay sa amin.,Property Disputes
Ang aming pamilya ay nagmamay-ari ng lupa na may kasulatan pero may nagtatayo na ng bahay doon na nagsasabing ito ay kanilang lugar.,Property Disputes
Si Mang Leo ay nag-angkin ng bahagi ng aming pinagsamang hardin na palagi naming ginagamit ng buong komunidad.,Property Disputes
Ang aming lote ay may hangganan ayon sa aming titulo pero ang hangganan ay lumipat papalayo sa amin nang ilang metro ayon sa sinasabi ng aming kapitbahay.,Property Disputes
Si Mang Gerry ay nagsimulang magtanim sa aming lupa nang walang pahintulot. Sinasabi niyang binili niya ito dati pero walang dokumento siya.,Property Disputes
Nagreklamo po kami dahil ang aming kapitbahay ay nagtayo ng semento na istruktura sa may hangganan ng aming mga lote na lumampas sa aming bahagi.,Property Disputes
Ang pamilya ni Mang Nestor ay naninirahan sa aming lupa sa loob ng sampung taon. Ngayon ay gusto na naming gamitin ang lupa at ayaw nilang lumipat.,Property Disputes
Si Aling Cita ay nagsimulang mag-harvest ng mga prutas mula sa aming puno na matalik na malapit sa hangganan ng aming mga lote.,Property Disputes
Nagreklamo po kami dahil ang aming kapitbahay ay nagtatayo ng mataas na istraktura sa hangganan ng aming lote na nagbabago ng tubig-ulan papunta sa aming lupa.,Property Disputes
Ang aming lupa ay may titulo sa pangalan ng aming ama pero may nagtatayo ng bahay doon na nagsasabing may kasulatan sila mula sa dati.,Property Disputes
Si Mang Boyet ay nagsimulang mag-pasabog ng lupa sa bahagi na aming sinasabing hangganan ng aming properti.,Property Disputes
Si Mang Pepito ay nagsimulang gumamit ng aming pasilidad sa hangganan ng aming lote para sa kanyang mga gawaing pangkabuhayan.,Property Disputes
Nagreklamo po kami dahil ang aming kapitbahay ay nag-angkin ng malaking bahagi ng aming bakuran na napapalibutan ng aming bakod.,Property Disputes
Ang aming pamilya ay may titulo sa isang lote pero isang ibang pamilya ang nagsasabing may nakasulat na kasulatan sila mula sa dati na sila ang may-ari.,Property Disputes
Si Aling Mercy ay nagsimulang maglagay ng mga halaman at istruktura sa bahagi ng aming lote na naaangkop sa amin ayon sa aming titulo.,Property Disputes
Ang aming lupa sa bukid ay inangkin. Sinasabi nilang naibenta na daw ito sa kanila ng isang tao na hindi naman may karapatang magbenta.,Property Disputes
Nagreklamo po kami dahil ang aming kakilala ay nag-angkin ng bahagi ng aming bakuran na sinasabi nilang binili nila mula sa dati.,Property Disputes
Ang aming lote ay may nakatayo nang bahay ng isang pamilya na ilang taon nang naninirahan doon. Hindi sila may titulo at ayaw nilang lumipat.,Property Disputes
Si Mang Narding ay nagsimulang magtayo ng istraktura sa aming bakuran nang sinasabing ito ay bahagi ng kanilang lote.,Property Disputes
Si Aling Marites ay nagsimulang gamitin ang bahagi ng aming lote bilang parking ng kanilang mga sasakyan nang walang pahintulot.,Property Disputes
Nagreklamo po kami dahil ang aming kakilala ay nagtayo ng buhangin at graba sa bahagi ng aming lote nang walang pahintulot.,Property Disputes
Si Mang Andy ay nagsimulang magtanim sa bahagi ng aming palayan na ayon sa aming titulo ay sa amin.,Property Disputes
Inaangkin ni Mang Lito ang lupang matagal nang sinasaka ng aming pamilya.,Property Disputes
Ang aming lupa sa kabukiran ay may nagtayo ng sili at kamatis na sinasabing pag-aari ng ibang tao kahit nasa loob ito ng aming titulo.,Property Disputes
Si Aling Trina ay nag-angkin ng mga puno ng niyog sa aming bakuran at nagsimulang mag-anihin ng niyog nang walang aming pahintulot.,Property Disputes
Kinuha ni Mang Roberto ang aking tricycle at ginagamit pa rin niya kahit ilang beses ko nang hinihinging isauli.,Property Disputes
Ang aming daan papunta sa aming taniman ay dinadaanan ng mga sasakyan ng aming kapitbahay na nagdudulot ng pinsala sa aming lupa.,Property Disputes
Si Mang Tony ay nagbenta ng motorsiklong nasa kanyang pangangalaga kahit hindi naman siya ang may-ari.,Property Disputes
Inaangkin ni Aling Linda ang mga kasangkapan sa bahay na ako ang nagbayad.,Property Disputes
Ang aming lote ay may nakapaligid na istruktura ng aming kapitbahay na ngayon ay kailangan nilang palawakin at hinihiling nila na ibigay namin ang bahagi ng aming lote.,Property Disputes
Si Mang Fred ay nagsimulang mag-angkop ng parte ng aming palayan bilang kanilang agricultural road nang walang kasunduan.,Property Disputes
Nagbayad po ako ng down payment para sa pagtatayo ng isang karagdagang kwarto sa aming bahay. Nakatanggap ng pera si Mang Ariel pero hindi na siya nagpakita.,Contract Disputes
May kasunduan kami ni Aling Beth na siya ay mag-aalaga ng aming tindahan habang nasa Maynila kami. Bumalik kami at wala na halos ang aming produkto.,Contract Disputes
Nag-rent po ako ng kagamitan para sa aking negosyo mula kay Mang Raul. Nabigo siyang ibigay ang kagamitan sa takdang oras at natalo ang aking negosyo.,Contract Disputes
May kasunduan kami para ibenta ang aming luma naming sasakyan sa isang presyo. Binago niya ang presyo nang dumating ang araw ng pagbabayad.,Contract Disputes
Nagpagawa po ako ng bubong sa isang kontratista. Binayaran ko siya ng halos buong halaga pero hindi niya natapos ang trabaho.,Contract Disputes
May kasunduan kami na siya ang magiging exclusive supplier ng aking tindahan. Nagbenta rin siya sa aking kakumpitensya at nagwala na ang aking negosyo.,Contract Disputes
Inaangkin ni Aling Beth ang isang cabinet na iniwan ko pansamantala sa kanyang bahay.,Contract Disputes
May kasunduan kaming magtrabaho si Mang Cesar sa aking farm sa loob ng isang taon. Umalis siya pagkatapos ng tatlong buwan nang walang abiso.,Contract Disputes
Kinuha ni Aling Tess ang mga gamit sa tindahan na pagmamay-ari ko at ginagamit ito sa sarili niyang negosyo.,Contract Disputes
May kasunduan kami na siya ay mag-iingat ng aming mga alahas at ari-arian habang kami ay nasa ibang lugar. Bumalik kami at marami ang nawawala.,Contract Disputes
Nagbenta po ako ng aking luma naming ref sa isang presyo na kasunduan. Binago niya ang presyo at nagdagdag ng iba pang kondisyon nang ibibigay ko na ang ref.,Contract Disputes
Si Mang Dante ay tumatangging isauli ang susi ng aking sasakyan na nasa kanya pa rin hanggang ngayon.,Contract Disputes
"Si Mang Rolando ay naglipat ng aking mga gamit sa kanyang bodega at tumatangging ibalik ang mga ito sa akin, kaya dumunog kami sa barangay",Contract Disputes
May kasunduan kami na siya ang magtitipid ng aming mga kasangkapan habang inililipat ang aming bahay. Pagkuwento niya ay marami ang nasira sa kanyang pag-iingat.,Contract Disputes
Nagpagawa po ako ng gamit na yero para sa aking tindahan. Binayaran ko ng paunang bayad pero ang resulta ay hindi ayon sa aming kasunduan.,Contract Disputes
May kasunduan kami ni Aling Nena tungkol sa pag-aalaga ng aking mga baboy ngunit hindi niya tinupad ang kanyang bahagi ng usapan.,Contract Disputes
Nag-hire po ako ng tauhan para mag-photograp sa aming handaan. Hindi niya naihatid ang mga larawan sa takdang panahon at maraming kuha ang mali.,Contract Disputes
May kasunduan kami na ang aming lote ay pautangin sa kanya para gawing taniman at magbabayad siya ng upa. Hindi na siya nagbabayad.,Contract Disputes
Nagbayad po ako ng serbisyo para sa pag-aayos ng aming sasakyan. Inayos niya pero mas lala pa ang problema kaysa dati at ayaw niyang sagutin ang gastos.,Contract Disputes
May kasunduan kami ni Aling Perla na magbibigay siya ng serbisyo bilang alalagaan ng aking mga bata habang nasa trabaho ako. Tumigil siya nang walang abiso.,Contract Disputes
Nag-order po ako ng mga produkto mula sa isang supplier na may kasunduan. Natanggap ko ang produkto pero ang kalidad ay malayo sa aming napagkasunduan.,Contract Disputes
May kasunduan kaming kasosyo na hahati ang kita ng aming magsaka. Pagkatapos ng pag-aani ay hindi niya ibinibigay ang aking bahagi ng ani.,Contract Disputes
Nagpagawa po ako ng sala set mula sa isang karpintero na may kasunduan sa presyo at disenyo. Hindi niya sinunod ang disenyo at ang kalidad ay mababa.,Contract Disputes
May kasunduan kami na ang aming bahay ay irenta sa isang presyo at may kasama na tubig at kuryente. Idinagdag niya ang bayad ng utilities pagkatapos.,Contract Disputes
Nag-hire po ako ng tagagawa ng kasal na may partikular na detalye. Hindi niya sinunod ang aking hiling at nagkaganyan ang aming okasyon.,Contract Disputes
May kasunduan kami na ibenta niya sa akin ang kanyang tindahan kasama ang lahat ng kasangkapan. Nang ibigay na ang pera ay nala-lang ang mga kagamitan.,Contract Disputes
Nagbayad po ako ng paunang bayad para sa isang lote. Pagkatapos ay sinabi ng nagbenta na hindi pala niya ito kayang ibenta dahil may ibang may-ari pa.,Contract Disputes
May kasunduan kami na siya ang maghahatid ng mga produkto ko sa aking mga customer. Ilang beses na siyang nahuli at nawala ang aking mga kliyente.,Contract Disputes
Nagkaroon kami ng kasunduan ni Mang Tony sa pagpaparenta ng kanyang sasakyan ngunit bigla niya itong binawi matapos kong magbayad.,Contract Disputes
May usapan kami ni Mang Victor tungkol sa paghahati ng kita sa isang negosyo ngunit hindi niya ibinigay ang aking bahagi.,Contract Disputes
Nagbigay po ako ng kumpiyansa sa isang ahente na ibenta ang aming lupa. Nalaman ko mamaya na ibinenta niya ito sa mababang presyo na hindi ayon sa aming kasunduan.,Contract Disputes
May kasunduan kaming si Mang Romy na tutulungan niya kami sa pag-aani nang kapalit ng bayad. Nag-absent siya sa pinaka-kailangan na araw.,Contract Disputes
Nag-subrent po ako ng espasyo sa isang may-ari para sa aking maliit na negosyo. Binago niya ang mga kondisyon ng kasunduan pagkatapos ng ilang buwan.,Contract Disputes
Nagkaroon kami ng kasunduan sa pag-upa ng isang pwesto ngunit hindi tinupad ni Mang Danny ang mga napagkasunduang kondisyon.,Contract Disputes
Nagpagawa po ako ng patubig sa aking sakahan. Binayaran ko ng buong halaga pero hindi niya tinatapos ang trabaho at may mga parte na hindi maayos.,Contract Disputes
May kasunduan kaming ang kanyang lote ay gagamitin naming pagtatanim at magbabayad kami ng upa sa kanya. Ngayon ay pinapalayas niya kami bago pa man matapos ang aming kasunduan.,Contract Disputes
Nag-hire po ako ng isang tinanggap na pangkuryente para sa pagbabago ng aming kuryente sa bahay. Hindi niya natapos ang trabaho at may mapanganib na parte na hindi natapos.,Contract Disputes
Nagmumura po sa akin si Aling Glo sa harap ng aming mga kapitbahay tuwing may pagkakataon. Minamasama niya ako sa publiko at nahihiya na ako sa lugar namin.,Petty Criminal Offenses
Si Mang Toto ay nagbabanta sa aming pamilya. Sinabi niyang may mangyayari sa amin kung hindi namin ibibigay ang lupa na kanya raw gustong bilhin.,Petty Criminal Offenses
Sinira ng aming kapitbahay ang aming gate pagkatapos naming mag-away tungkol sa basura. Kinabukasan ay sira ang aming kandado at binasag ang isang panel.,Petty Criminal Offenses
Si Mang Raul ay nagtapon ng basura sa aming harap na bahay nang layunin niyang guluhin kami. Hindi ito aksidente dahil paulit-ulit niyang ginagawa.,Petty Criminal Offenses
Nagmumura at nagaalok ng away si Aling Bebang sa aming pamilya tuwing may inumin siya. Lagi niya itong ginagawa sa harap ng aming bahay.,Petty Criminal Offenses
Si Mang Jess ay nagbabanta sa aming anak na babae sa pamamagitan ng text message. Nagsasabi siya na may mangyayari sa kanya kung hindi niya susundin siya.,Petty Criminal Offenses
Sinira ng bata ng aming kapitbahay ang aming pinto ng kubol nang sinadya. Nakita ng aming ibang kapitbahay at ninyo na itong batang-bata.,Petty Criminal Offenses
Pinagsabihang maling-mali sa maraming tao si Aling Nena na siya ay nagnanakaw. Hindi naman ito totoo at nahihiya na siya sa kanyang lugar.,Petty Criminal Offenses
Si Mang Boy ay palaging nagmamura sa amin tuwing nakainom siya. Ginagawa niya ito sa harap ng aming mga anak na bata pa at matutong masamang salita.,Petty Criminal Offenses
Sinira ng aming kapitbahay ang aming mailbox nang walang dahilan. Lumabas silang nagmamura at binasag ito gamit ang kanilang bao.,Petty Criminal Offenses
Si Aling Mercy ay nagpakalat ng tsismis tungkol sa aming pamilya sa buong barangay na kasinungalingan at nakakabawas ng aming reputasyon.,Petty Criminal Offenses
Nagreklamo po kami dahil may naglalagay ng basura at patay na hayop sa aming pintuan sa gabi. Pinaghihinalaang ang aming katabi ang gumagawa nito.,Petty Criminal Offenses
Si Mang Bert ay nagbabanta sa aming pamilya pagkatapos naming ireport ang kanyang alagang manok na nagdudulot ng ingay sa amin.,Petty Criminal Offenses
Nagtapon ng tubig-basura si Aling Linda sa aming pintuan matapos naming kausapin siya tungkol sa kanyang basura sa aming daanan.,Petty Criminal Offenses
Si Mang Cardo ay palaging gumagawa ng mga signs at galaw na nagbabanta kapag nakikita ako. Hindi siya direktang nagsasalita pero mararamdaman ang banta.,Petty Criminal Offenses
Sinira ng aming katabing kabataan ang aming maliit na halaman sa harap ng bahay. Malinaw na ginawa nila ito nang layunin at hindi aksidente.,Petty Criminal Offenses
Nagkalat ng masamang tsismis si Aling Nora tungkol sa aking negosyo sa mga customer ko na nagdulot ng pagkawala ng maraming kliyente.,Petty Criminal Offenses
Si Mang Emil ay nagbabanta sa amin sa text na kanyang ipapadala ang kanyang mga kamag-anak para guluhin kami kung hindi namin susundin ang kanyang hiling.,Petty Criminal Offenses
Nagreklamo po kami dahil ang aming mga halaman sa harap ay paulit-ulit na nasisira ng isang tao na hindi kami kilala. Nakita ng CCTV pero hindi nakikilala.,Petty Criminal Offenses
Si Aling Grace ay nagsabing kasampalatsong wika sa harap ng maraming tao sa palengke na nakaapekto sa aking reputasyon bilang isang benta.,Petty Criminal Offenses
Ang binata ng aming kapitbahay ay palaging gumagawa ng maingay na ingay sa harap ng aming bahay sa gabi bilang paraan ng pagprovoke at paghahamon sa amin ng away.,Petty Criminal Offenses
Si Mang Kris ay nagbabanta sa aking asawa kapag pumupunta ito sa palengke. Nagsasabi siya ng mga bagay na hindi maganda at nakakagulat.,Petty Criminal Offenses
Sinira ng ni aling juana ang aming mga dekorasyon sa bakod na aming maingat na iningatan. Nakita ng aming anak kung sino ang gumawa.,Petty Criminal Offenses
Nagreklamo po kami dahil si Aling Delia ay nagpapalabas ng insultong salita sa aming pamilya tuwing dumadaan kami sa kanilang harap.,Petty Criminal Offenses
Si Mang Noel ay palaging nanghaharang sa aming daanan at nagbabanta kapag hindi namin sinusunod ang kanyang kagustuhan tungkol sa aming property.,Petty Criminal Offenses
Nagreklamo po kami dahil si Aling Sonia ay nagtatakip ng aming mailbox at naglalagay ng nakakaasiwa na mga bagay sa pintuan namin bilang paraan ng pag-aasar sa aming pamilya.,Petty Criminal Offenses
"Yung kapitbahay ko, tuwing umaga ay sinusunog ang mga tuyong dahon at basura kaya usok ang pumapasok sa aming bahay at mahirap huminga.",Neighbor Disputes
"Humiram ng ₱8,000 ang aking pinsan para pambili ng gamot, sinabing babayaran sa loob ng dalawang buwan pero ngayon ay umiiwas na sa pakikipag-usap.",Money/Debt Disputes
Magkapatid kami pero hindi pumapayag ang kapatid ko na gamitin ko ang kalahating bahagi ng lupa na naiwan ng aming magulang kahit nakasaad sa aming kasunduan.,Family Matters
Paulit-ulit na sinisigawan ako ng kapitbahay sa harap ng maraming tao at gumagamit ng masasamang salita na nakakasira sa aking pangalan.,Petty Criminal Offenses
Ang bakod na itinayo ng katabi ay lumagpas ng halos kalahating metro sa aming hangganan kaya nabawasan ang espasyo ng aming bakuran.,Property Disputes
"Nagkasundo kami na gagawin niya ang pagkukumpuni ng aming bubong sa halagang ₱12,000, binigay ko na ang kalahati pero hindi na siya dumating matapos ang tatlong araw.",Contract Disputes
"Pinahiram ko ang aking makina sa paggiling ng palay sa isang kakilala, nang ibalik ay sira na ang piyesa at ayaw niyang sagutin ang gastos sa pagkukumpuni.",Money/Debt Disputes
"May hindi pagkakaunawaan sa paghahati ng mga gamit sa bahay matapos mawala ang aming ina, ayaw pumayag ng isa na ibigay ang nakalaan para sa bunso.",Family Matters
Binabantaan ako ng aking dating kasama sa negosyo na saktan kapag hindi ko daw ibigay ang halagang hinihingi niya kahit wala naman akong utang sa kanya.,Petty Criminal Offenses
Ang daanan na ginagamit namin ng mahigit dalawampung taon ay hinarangan ng bagong may-ari ng katabing lupa kaya wala na kaming daan papunta sa aming bukid.,Property Disputes
"Umuupa ako ng silid sa bahay niya, napagkasunduan na may kasamang tubig at kuryente, pero biglang dinagdagan ang bayad nang walang paunang abiso.",Contract Disputes
"Nagbenta ako ng lumang motorsiklo sa halagang ₱25,000, binayaran lang ng ₱10,000 at nangako ng hulugan pero dalawang buwan na walang ibinabayad.",Money/Debt Disputes
Ang aking anak ay tumitigil sa pagbibigay ng suporta kahit kaya naman at kailangan ko ito para sa aking pang-araw-araw na pangangailangan at gamot.,Family Matters
Kusa niyang tinapakan at sinira ang mga halaman ko sa bakuran dahil sa hindi pagkakaunawaan tungkol sa maliit na bagay noong nakaraang linggo.,Petty Criminal Offenses
Ang puno ng mangga sa katabing lupa ay sobrang laki na at ang mga sanga ay nakaharang na sa aming bubong at gumuguhit sa dingding tuwing malakas ang hangin.,Property Disputes
"Kinuha niya ang aking mga paninda para ibenta sa ibang purok bilang aming kasunduan, pero nang ibalik ay kulang ang kita at hindi maipaliwanag kung saan napunta ang sobra.",Contract Disputes
"Nagbayad ako ng buo para sa serbisyo ng paghahakot ng buhangin at bato para sa paggawa ng bakod, pero kulang ang dami ng dinala at ayaw nang dagdagan.",Money/Debt Disputes
Hindi pumapayag ang kapatid ko na maibenta ang bahaging lupa ko kahit malinaw na sa aming kasulatan na may karapatan akong gawin ito.,Family Matters
Pumapasok siya sa aming bakuran nang walang paalam at kumukuha ng mga prutas mula sa aming puno nang hindi humihingi ng pahintulot.,Petty Criminal Offenses
"Hindi malinaw ang tunay na hangganan ng lote dahil luma na ang mga bakas, kaya nagkakaroon ng hindi pagkakaunawaan sa pagitan namin ng katabi.",Property Disputes
"Nagkasundo kami na magtatayo siya ng simpleng istante para sa aking tindahan sa halagang ₱3,500, tapos ang gawa ay hindi pantay at madaling masira.",Contract Disputes
"Kapag nagluluto sila ng hapunan, ang usok ay direktang pumupunta sa aming bintana dahil walang tamang tambutso ang kanilang kusina.",Neighbor Disputes
"May hindi pagkakasundo kung sino ang mag-aasikaso sa pangangalaga sa aming matandang lola, laging nagtuturuan ang magkakapatid.",Family Matters
"Sinasabi niya sa ibang tao na nagnakaw ako ng pera kahit walang ebidensya, kaya nababawasan ang tiwala ng mga kapitbahay sa akin.",Petty Criminal Offenses
Ang kanal na dapat ay nasa pagitan ng aming mga lupa ay ginawa niyang mas malapit sa aming gilid kaya nabawasan ang aming espasyo.,Property Disputes
Ang kanilang sasakyan ay laging nakaparada sa tapat ng aming tarangkahan kaya nahihirapan kaming lumabas o pumasok gamit ang aming tricycle.,Neighbor Disputes
"Humiram ng ₱3,000 para sa bayad sa kuryente, nangako ng pagbabayad sa araw ng sweldo pero ilang sweldo na ang lumipas wala pa rin.",Money/Debt Disputes
"Ang pamangkin ko ay gumagamit ng kuryente mula sa aming linya nang walang paalam, kaya tumataas ang aming bayarin sa kuryente bawat buwan.",Family Matters
Sinasadyang binabasa ang aming labahan na nakasampay sa bakuran gamit ang tubig mula sa kanilang hose tuwing kami ay wala sa bahay.,Petty Criminal Offenses
Ang lupa na dapat ay may lapad na limang metro ay ginawa niyang mas makitid ang daanan kaya hindi na makadaan ang kariton na may dalang ani.,Property Disputes
"Nagbayad ako ng paunang halaga para sa pagpipintura ng aming bahay, natapos lang ang kalahati ng trabaho at hindi na bumalik para tapusin ang natitira.",Contract Disputes
"Madalas silang magtalo nang malakas sa gabi, naririnig hanggang sa aming bahay at nakakaabala sa pahinga ng aming pamilya.",Neighbor Disputes
"Nagbenta ako ng sako ng bigas sa halagang ₱2,200, kinuha niya agad ang paninda pero sinabing babayaran kinabukasan hanggang ngayon ay wala pa rin.",Money/Debt Disputes
Hindi pumapayag ang kapatid ko na gamitin ang lumang balon na nasa bakuran ng aming magulang kahit pareho naman kaming may karapatan dito.,Family Matters
"Lumapit siya sa akin at nagsalita ng masama habang nakaturo sa mukha, na nagdulot ng takot at hiya sa harap ng ibang tao sa purok.",Petty Criminal Offenses
Ang mga ugat ng puno sa katabing lupa ay lumalabas na sa aming bahagi at nagsisira sa pundasyon ng aming maliit na silid.,Property Disputes
"Nagkasundo kami na maghahatid siya ng tubig sa aming bahay tuwing Sabado, pero madalas siyang lumiban at hindi nagpapaalam nang maaga.",Contract Disputes
Ang kanilang basurahan ay inilalagay malapit sa aming bintana kaya mabaho ang aming bahay at dinadayo ng langaw at ipis.,Neighbor Disputes
"Pinahiram ko ang aking bisikleta para gamitin sa pagpasok sa trabaho, nang ibalik ay baluktot ang gulong at sira ang preno, ayaw niyang bayaran ang pagkukumpuni.",Money/Debt Disputes
"May hindi pagkakaunawaan sa paggamit ng pwesto sa palengke na iniwan ng aming ama, pareho kaming nagsasabing may karapatan kaming gamitin ito.",Family Matters
Kusa niyang tinanggal ang ilang bahagi ng aming pansamantalang bakod nang walang paalam at sinabing bahagi daw ng kanilang lupa ang pwestong iyon.,Petty Criminal Offenses
Ang hangganan na nakalagay noong nakaraan ay inilipat niya nang ilang talampakan papunta sa aming bahagi nang walang kasunduan sa amin.,Property Disputes
"Nagpaayos ako ng sirang gripo at tubo, binayaran ang hinihinging halaga pero makalipas ang ilang araw ay tumutulo ulit at hindi na siya sumasagot sa tawag.",Contract Disputes
"Kapag umuulan nang malakas, ang putik mula sa kanilang bakuran ay dumadaloy papunta sa aming pasukan kaya nagiging madulas at marumi.",Neighbor Disputes
"Humiram ng ₱6,500 para sa pambili ng pataba sa pananim, nangako na babayaran kapag naibenta na ang ani pero tapos na ang benta wala pa rin bayad.",Money/Debt Disputes
Ang asawa ng aking kapatid ay humahadlang sa aming paggamit ng mga gamit sa bahay na pag-aari ng aming yumaong magulang.,Family Matters
"Sinasabing kukunin niya ang mga gamit ko kung hindi ko susundin ang gusto niya, kahit wala naman siyang karapatan sa anumang ari-arian ko.",Petty Criminal Offenses
"Ang daanan papunta sa aming bahay ay lalong pinakitid dahil sa mga halamang itinanim niya sa gilid, kaya mahirap nang makadaan ang tao.",Property Disputes
"Nagkasundo kami na maglilinis siya ng aming bakuran at kanal sa halagang ₱1,800, tapos ang trabaho ay hindi maayos at may naiwan pang basura.",Contract Disputes
"Ang kanilang radyo ay nakatunog nang malakas mula tanghali hanggang gabi, kaya hindi makapagpahinga ang aking may sakit na asawa.",Neighbor Disputes
"Naghiraman kami ng pera para sa pagpapatayo ng maliit na tindahan, sinabi niyang babayaran ng buo sa loob ng anim na buwan pero ngayon ay nagdadahilan lagi.",Money/Debt Disputes
"Hindi maayos ang paghahati ng mga ani mula sa lupa na pinagtatamnan namin ng magkakamag-anak, laging kulang ang napupunta sa amin.",Family Matters
Sinasadyang itinapon ang mga dumi ng hayop sa tapat ng aming tarangkahan tuwing gabi kaya mabaho ang aming pasukan sa umaga.,Petty Criminal Offenses
"Ang pader na itinayo ay mas mataas kaysa sa napagkasunduan, kaya bumabara ang hangin at liwanag na pumapasok sa aming bahay.",Property Disputes
"Umuupa ng silid, napagkasunduan na bawal magluto ng masusunog na pagkain, pero madalas itong ginagawa kaya nasisira ang pintura ng dingding.",Contract Disputes
Ang kanilang alagang manok ay nakakalaya at kumakain ng mga binhi na inihasik ko sa aking maliit na taniman sa gilid ng bahay.,Neighbor Disputes
"Nagbayad ako ng paunang halaga para sa paggawa ng silya at mesa, tapos ang gawa ay hindi matibay at hindi katulad ng napagkasunduang itsura.",Money/Debt Disputes
"May hindi pagkakasundo kung sino ang magbabayad ng buwis sa lupa na naiwan ng magulang, ayaw tanggapin ng iba ang kanilang bahaging gastusin.",Family Matters
"Sinasabi niya sa ibang kapitbahay na ako ang dahilan ng kanilang hindi magandang kapalaran, kaya iniiwasan na ako ng ilang tao.",Petty Criminal Offenses
Ang kanal na dapat ay pinagsasaluhan namin ay hinarangan niya ng bato at lupa kaya bumabaha sa aming bahagi tuwing umuulan.,Property Disputes
"Nagkasundo kami na maghahatid siya ng sako ng uling linggo-linggo, pero madalas ay kulang ang timbang at hindi tumutugma sa napagkasunduang dami.",Contract Disputes
Ang usok mula sa kanilang pagluluto ng uling ay pumapasok sa aming bintana at nakakaapekto sa kalusugan ng aking mga anak na may hika.,Neighbor Disputes
"Pinahiram ko ang aking kariton para gamitin sa paghakot ng mga paninda, nang ibalik ay sira ang gulong at wala nang hawakan, ayaw niyang ayusin ito.",Money/Debt Disputes
Hindi pumapayag ang aking kapatid na ipagawa ang kinakailangang pagkukumpuni sa lumang bahay na pag-aari naming dalawa.,Family Matters
"Lumapit siya sa akin habang galit at nagsalita nang malakas at may pagbabanta, kaya nakaramdam ako ng takot para sa aking kaligtasan.",Petty Criminal Offenses
"Ang mga sanga ng puno ng niyog sa kanilang lupa ay nakaharang sa daanan at madaling bumagsak kapag malakas ang hangin, delikado para sa mga dumadaan.",Property Disputes
"Nagpaayos ng sirang bubong, binayaran ang hinihinging halaga, pero makalipas ang isang buwan ay tumutulo na ulit kapag umuulan nang malakas.",Contract Disputes
"Ang kanilang basura ay itinatapon sa gilid ng aming bakod tuwing gabi, kaya dumadami ang lamok at ipis sa paligid ng aming bahay.",Neighbor Disputes
"Humiram ng ₱4,200 para sa bayad sa eskwela ng anak, nangako ng pagbabayad sa araw ng sweldo pero ilang buwan na ang lumipas wala pa rin.",Money/Debt Disputes
"Hindi maayos ang paggamit ng pampublikong tubig na konektado sa aming bakuran, laging nauubos ang suplay bago pa kami makagamit.",Family Matters
Kusa niyang tinanggal ang ilang piraso ng aming bakod para lagyan ng daanan ang kanyang alagang hayop nang walang paalam sa amin.,Petty Criminal Offenses
Ang lupa na ginagamit namin bilang daanan sa loob ng mahigit labinlimang taon ay sinasabi niyang sa kanya na ito at hindi na kami papayagang dumaan.,Property Disputes
"Nagkasundo kami na magtatayo siya ng simpleng silid sa halagang ₱20,000, tapos ang gawa ay hindi pantay ang pader at hindi maayos ang bubong.",Contract Disputes
"Madalas silang maglaro ng baraha nang malakas ang tawanan at sigawan hanggang madaling araw, kaya hindi makatulog ang aming pamilya.",Neighbor Disputes
"Nagbenta ako ng lumang makina sa halagang ₱15,000, binayaran lang ng ₱5,000 at nangako ng hulugan pero tumigil na sa pagbabayad pagkalipas ng isang buwan.",Money/Debt Disputes
Sinasadyang binabato ang mga prutas sa aming puno kaya nasisira ang mga sanga at nahuhulog ang mga prutas na hindi pa hinog.,Petty Criminal Offenses
"Ang hangganan ng lupa ay nalilito dahil walang nakalagay na sementadong marka, kaya pareho kaming nagsasabing ang pwesto ay sa amin.",Property Disputes
"Umuupa ng bahay, napagkasunduan na panatilihing malinis ang bakuran, pero iniiwan niyang puno ng damo at basura kaya hindi maayos tingnan.",Contract Disputes
Ang tubig mula sa kanilang labahan ay dumadaloy sa tapat ng aming tarangkahan kaya nagiging maputik at madulas tuwing araw-araw.,Neighbor Disputes
"Pinahiram ko ang aking kalan at kawali para gamitin sa kanilang handaan, nang ibalik ay sunog ang ilang bahagi at hindi na magagamit nang maayos.",Money/Debt Disputes
Hindi pumapayag ang aking pinsan na gamitin ang bahagi ng lupa na nakalaan para sa akin kahit malinaw ito sa aming kasulatan ng paghahati.,Family Matters
"Sinasabi niya sa mga tao sa purok na ako ang nagnakaw ng kanilang manok kahit walang katotohanan, kaya nasisira ang aking pangalan.",Petty Criminal Offenses
"Ang puno ng saging na itinanim niya ay malapit sa aming dingding, kaya ang mga ugat ay nagsisimulang gumalaw at sumira sa pundasyon.",Property Disputes
"Nagbayad ako ng paunang halaga para sa paggawa ng kabinet, tapos ang sukat ay hindi akma sa pwesto at kulang ang materyales na ginamit.",Contract Disputes
Ang kanilang alagang kambing ay nakakalaya at kinakain ang mga dahon ng gulay sa aming taniman at tinatapakan ang mga binhing itinanim ko.,Neighbor Disputes
"Humiram ng ₱9,000 para sa pagkukumpuni ng kanyang tricycle, nangako na babayaran kapag kumikita na ulit pero ilang buwan na ang lumipas wala pa rin.",Money/Debt Disputes
May hindi pagkakasundo kung sino ang magbabayad ng kuryente na ginagamit sa pampamilyang tindahan na pinatatakbo naming magkakapatid.,Family Matters
Lumapit siya sa akin habang may hawak na patpat at nagsalita nang may pagbabanta na sasaktan ako kapag hindi ko siya sinunod.,Petty Criminal Offenses
Ang daanan papunta sa aming bakuran ay hinarangan niya ng mga kahoy at bato kaya hindi na makadaan ang aming mga bisita at kagamitan.,Property Disputes
"Nagkasundo kami na maglilinis siya ng aming kanal at paligid tuwing katapusan ng buwan, pero madalas siyang lumiban nang walang paalam.",Contract Disputes
"Ang usok mula sa pagsusunog ng kanilang mga tuyong dahon ay pumupunta sa aming bahay habang kumakain kami, kaya hindi kami makakain nang maayos.",Neighbor Disputes
"Naghiraman kami ng pera para sa pagbili ng mga paninda, sinabi niyang babayaran ng buo matapos ang isang buwan pero ngayon ay nagdadahilan lagi ng kawalan ng pera.",Money/Debt Disputes
"Hindi maayos ang paggamit ng mga puno ng prutas sa lupa na pag-aari naming magkakamag-anak, laging kinukuha ang mga bunga nang walang paalam.",Family Matters
Sinasadyang ibinuhos ang maruming tubig mula sa kanilang labahan sa aming bakuran kaya mabaho at dumadami ang lamok sa paligid.,Petty Criminal Offenses
Ang pader na itinayo ay nakaharang sa daluyan ng hangin kaya ang aming bahay ay laging mainit at walang sariwang hangin na pumapasok.,Property Disputes
"Nagpaayos ng sirang kandado at tarangkahan, binayaran ang hinihinging halaga, pero makalipas ang ilang linggo ay hindi na gumagana nang maayos.",Contract Disputes
"Ang kanilang radyo ay nakatunog habang naglilinis ng bahay tuwing Sabado at Linggo, kaya hindi kami makapagpahinga nang maayos sa mga araw ng pahinga.",Neighbor Disputes
"Pinahiram ko ang aking payong at lampara noong panahon ng bagyo, hanggang ngayon ay hindi pa ibinabalik at sinasabing hindi na niya ito mahanap.",Money/Debt Disputes
Hindi pumapayag ang aking kapatid na ibenta ang lumang bahay na pag-aari naming dalawa kahit pareho kaming may kailangan ng pera para sa aming pamilya.,Family Matters
Kusa niyang tinapakan ang mga bulaklak na itinanim ko sa harap ng aming bahay dahil sa hindi pagkakaunawaan noong nakaraang araw.,Petty Criminal Offenses
Ang mga sanga ng puno ng balete sa kanilang lupa ay lumalagpas sa aming bahagi at nagdudulot ng dilim at basang pader tuwing umuulan.,Property Disputes
"Nagkasundo kami na maghahatid siya ng sako ng bigas linggo-linggo para sa aking tindahan, pero madalas ay huli ang dating at minsan ay kulang ang dami.",Contract Disputes
"Ang kanilang basurahan ay walang takip at inilalagay malapit sa aming bintana, kaya ang amoy ay pumapasok sa loob ng aming bahay araw-araw.",Neighbor Disputes
"Humiram ng ₱2,800 para sa pambili ng gamot ng kanyang asawa, nangako ng pagbabayad sa loob ng isang buwan pero ngayon ay umiiwas na sa pakikipagkita.",Money/Debt Disputes
May hindi pagkakaunawaan kung paano hahatiin ang mga kasangkapan sa bahay na iniwan ng aming yumaong lolo at lola.,Family Matters
"Sinasabi niya sa ibang tao na hindi ako tapat sa aking mga gawain at negosyo, kaya nababawasan ang mga taong bumibili sa aking tindahan.",Petty Criminal Offenses
Ang kanal na pinagsasaluhan namin ay hindi nililinis ng kabilang panig kaya bumabara ang tubig at bumabaha sa aming bahagi tuwing umuulan.,Property Disputes
"Nagbayad ako ng paunang halaga para sa pagpipintura ng aming bakod, tapos ang pintura ay manipis at agad kumupas matapos ang ilang linggo.",Contract Disputes
Ang alagang aso ng kapitbahay ay laging tumatahol at humahabol sa mga dumadaan na bata sa tapat ng aming bahay.,Neighbor Disputes
"Nagbenta ako ng mga sako ng abono sa halagang ₱3,500 bawat isa, kinuha niya agad ang paninda pero sinabing babayaran kinabukasan hanggang ngayon ay wala pa rin.",Money/Debt Disputes
Hindi maayos ang pagbabahagi ng mga gastusin sa pagpapanatili ng daanan na ginagamit naming magkakamag-anak papunta sa aming mga bukid.,Family Matters
"Lumapit siya sa akin habang galit at nagsalita ng masasamang salita sa harap ng maraming tao, kaya nakaramdam ako ng matinding hiya.",Petty Criminal Offenses
Ang bakod na itinayo ay hindi tuwid at lumagpas sa aming hangganan nang halos isang talampakan sa kabuuan ng haba nito.,Property Disputes
"Umuupa ng pwesto sa aking tindahan, napagkasunduan na magbabayad tuwing unang araw ng buwan, pero laging nahuhuli at kulang ang ibinabayad.",Contract Disputes
Ang tubig mula sa kanilang paliligo at labahan ay dumadaloy sa tapat ng aming tarangkahan kaya nagiging maputik at mabaho tuwing mainit ang panahon.,Neighbor Disputes
"Pinahiram ko ang aking karit at asarol para gamitin sa paglilinis ng bakuran, nang ibalik ay mapurol na at sira ang hawakan, ayaw niyang ayusin ito.",Money/Debt Disputes
Hindi pumapayag ang aking tiyuhin na gamitin ang bahagi ng lupa na nakalaan para sa amin kahit malinaw ito sa aming kasulatan.,Family Matters
Sinasadyang itinapon ang mga tuyong dahon at basura sa tapat ng aming tarangkahan tuwing gabi kaya kailangan kong linisin ito tuwing umaga.,Petty Criminal Offenses
"Ang daanan papunta sa aming bahay ay lalong pinakitid dahil sa mga halamang itinanim niya sa gilid, kaya hindi na makadaan ang aming tricycle.",Property Disputes
"Nagkasundo kami na magtatayo siya ng maliit na silungan para sa aming mga hayop, tapos ang gawa ay hindi matibay at madaling masira kapag umuulan.",Contract Disputes
"Madalas silang magkaroon ng bisita sa gabi na maingay ang tawanan at usapan hanggang madaling araw, kaya hindi makatulog ang aming mga bata.",Neighbor Disputes
"Humiram ng ₱7,500 para sa pambili ng mga materyales sa pagkukumpuni ng bahay, nangako ng pagbabayad sa loob ng tatlong buwan pero wala pa rin.",Money/Debt Disputes
"May hindi pagkakasundo kung sino ang magbabayad ng buwis sa lupa na pinagtatamnan naming magkakapatid, ayaw tumanggap ng bahagi ng gastos ang iba.",Family Matters
Sinasadyang binato ang aming ilaw sa labas ng bahay kaya nabasag ang ilaw at nasira ang kable ng kuryente nito.,Petty Criminal Offenses
Ang mga ugat ng puno ng mangga sa kanilang lupa ay tumutubo sa ilalim ng aming lupa at nagsisimulang sumira sa pundasyon ng aming bahay.,Property Disputes
"Nagpaayos ng sirang gripo at tubo sa labas, binayaran ang hinihinging halaga, pero makalipas ang ilang araw ay tumutulo ulit nang malakas.",Contract Disputes
"Naghiraman kami ng pera para sa pagpapatayo ng maliit na tindahan, sinabi niyang babayaran kapag kumikita na pero ilang buwan na ang lumipas wala pa rin.",Money/Debt Disputes
"Hindi maayos ang paggamit ng mga kagamitan sa pampamilyang bahay, laging kinukuha ang mga gamit nang walang paalam at hindi ibinabalik.",Family Matters
Lumapit siya sa akin at nagsalita nang may pagbabanta na papatayin ang aming mga alagang hayop kapag hindi ko siya sinunod.,Petty Criminal Offenses
Ang hangganan ng lupa ay inilipat niya nang ilang talampakan papunta sa aming bahagi nang walang paalam o kasunduan sa amin.,Property Disputes
"Nagkasundo kami na maglilinis siya ng aming bakuran at kanal tuwing dalawang linggo, pero madalas siyang lumiban at hindi nagpapaalam nang maaga.",Contract Disputes
"Ang kanilang basura ay itinatapon sa gilid ng aming bakod, kaya dumadami ang mga langaw at ipis na pumapasok sa loob ng aming bahay.",Neighbor Disputes
"Pinahiram ko ang aking motorsiklo para gamitin sa pagbili ng mga paninda, nang ibalik ay may gasgas na ang katawan at sira ang ilaw sa harap.",Money/Debt Disputes
Hindi pumapayag ang aking kapatid na gamitin ang lumang balon sa bakuran kahit pareho naman kaming may karapatan dito ayon sa kasulatan.,Family Matters
"Sinasabi niya sa mga kapitbahay na ako ang dahilan ng pagkawala ng kanilang pera kahit walang katotohanan, kaya iniiwasan na ako ng marami.",Petty Criminal Offenses
Ang daanan papunta sa aming bukid ay hinarangan niya ng mga kahoy at bato kaya kailangan naming dumaan sa mas malayo at mahirap na daan.,Property Disputes
"Nagbayad ako ng paunang halaga para sa paggawa ng mesa at silya, tapos ang sukat ay mali at hindi magagamit nang maayos sa aming silid.",Contract Disputes
"Ang alagang baboy ng kapitbahay ay nakakalaya at pumapasok sa aming bakuran, kumakain ng mga natirang pagkain at dumarumi sa paligid.",Neighbor Disputes
"Humiram ng ₱5,200 para sa bayad sa kuryente at tubig, nangako ng pagbabayad sa araw ng sweldo pero ilang sweldo na ang lumipas wala pa rin.",Money/Debt Disputes
May hindi pagkakaunawaan kung paano hahatiin ang kita mula sa paupahang silid na pag-aari naming magkakapatid.,Family Matters
Kusa niyang tinanggal ang ilang piraso ng aming bakod para lagyan ng daanan ang kanyang sasakyan nang walang paalam sa amin.,Petty Criminal Offenses
Ang mga sanga ng puno ng niyog sa kanilang lupa ay nakaharang sa aming bubong at gumuguhit dito tuwing malakas ang hangin at ulan.,Property Disputes
"Nagkasundo kami na maghahatid siya ng sako ng uling linggo-linggo, pero madalas ay huli ang dating at minsan ay kulang ang timbang ng dinala.",Contract Disputes
Ang tubig mula sa kanilang labahan ay dumadaloy sa tapat ng aming tarangkahan kaya nagiging madulas at maputik tuwing umaga.,Neighbor Disputes
"Nagbenta ako ng lumang makina sa halagang ₱12,000, binayaran lang ng ₱4,000 at nangako ng hulugan pero tumigil na sa pagbabayad pagkalipas ng isang buwan.",Money/Debt Disputes
Hindi maayos ang pagbabahagi ng mga gastusin sa pagpapanatili ng lumang bahay na pag-aari naming magkakamag-anak.,Family Matters
Sinasadyang binabato ang aming mga bintana nang maliliit na bato tuwing gabi kaya natatakot ang aking mga anak na matulog.,Petty Criminal Offenses
Ang kanal na pinagsasaluhan namin ay hinarangan niya ng lupa at bato kaya bumabaha sa aming bahagi tuwing umuulan nang malakas.,Property Disputes
"Umuupa ng bahay, napagkasunduan na panatilihing maayos ang dingding at sahig, pero nasira ang sahig dahil sa maling paggamit at ayaw niyang ipagawa.",Contract Disputes
"Ang kanilang radyo ay nakatunog nang malakas tuwing hapon, kaya hindi makapagpahinga ang aking matandang magulang na may sakit sa puso.",Neighbor Disputes
"Pinahiram ko ang aking payong at lampara noong panahon ng bagyo, nang hilingin ko na ibalik ay sinasabi niyang nawala na lang daw nang walang dahilan.",Money/Debt Disputes
Lumapit siya sa akin habang galit at nagsalita ng masasamang salita habang nakaturo sa mukha ko sa harap ng ibang kapitbahay.,Petty Criminal Offenses
Ang pader na itinayo ay mas mataas kaysa sa napagkasunduan kaya bumabara ang liwanag at hangin na pumapasok sa aming bahay.,Property Disputes
"Nagpaayos ng sirang bubong, binayaran ang hinihinging halaga, pero makalipas ang dalawang linggo ay tumutulo na ulit kapag umuulan.",Contract Disputes
"Ang usok mula sa pagsusunog ng basura ay pumupunta sa aming bahay habang kumakain kami ng hapunan, kaya hindi kami makakain nang maayos.",Neighbor Disputes
"Humiram ng ₱3,800 para sa pambili ng gamot ng kanyang anak, nangako ng pagbabayad sa loob ng dalawang buwan pero ngayon ay umiiwas na.",Money/Debt Disputes
May hindi pagkakaunawaan kung sino ang mag-aasikaso sa pangangalaga sa aming matandang lola na may sakit.,Family Matters
Ang daanan papunta sa aming bahay ay lalong pinakitid kaya hindi na makadaan ang aming mga bisita at kagamitan sa pagtatrabaho.,Property Disputes
"Nagkasundo kami na magtatayo siya ng simpleng silungan para sa aming mga paninda, tapos ang gawa ay hindi matibay at madaling masira.",Contract Disputes
Ang alagang manok ng kapitbahay ay nakakalaya at kumakain ng mga binhi na inihasik ko sa aking maliit na taniman sa gilid ng bahay.,Neighbor Disputes
"Naghiraman kami ng pera para sa pagbili ng mga materyales sa pagtatayo, sinabi niyang babayaran kapag natapos na ang trabaho pero wala pa rin.",Money/Debt Disputes
"Sinasabi niya sa ibang tao na ako ang nagnakaw ng kanilang mga prutas kahit walang katotohanan, kaya nasisira ang aking pangalan.",Petty Criminal Offenses
Ang mga ugat ng puno ng saging sa kanilang lupa ay tumutubo sa ilalim ng aming lupa at nagsisimulang sumira sa pundasyon ng aming silid.,Property Disputes
"Nagbayad ako ng paunang halaga para sa pagpipintura ng aming bahay, tapos ang pintura ay manipis at agad kumupas matapos ang ilang araw.",Contract Disputes
"Ang kanilang basurahan ay walang takip at inilalagay malapit sa aming bintana, kaya ang amoy ay pumapasok sa loob ng aming bahay tuwing mainit ang panahon.",Neighbor Disputes
"Pinahiram ko ang aking kariton para gamitin sa paghakot ng mga paninda, nang ibalik ay sira ang gulong at wala nang hawakan na maayos.",Money/Debt Disputes
Hindi pumapayag ang aking kapatid na maibenta ang bahagi ng lupa ko kahit malinaw na sa kasulatan na may karapatan akong gawin ito.,Family Matters
"Ang hangganan ng lupa ay nalilito dahil walang nakalagay na marka, kaya pareho kaming nagsasabing ang pwesto ay sa amin.",Property Disputes
Ang tubig mula sa kanilang paliligo ay dumadaloy sa tapat ng aming tarangkahan kaya nagiging maputik at mabaho tuwing araw-araw.,Neighbor Disputes
"Humiram ng ₱6,200 para sa pagkukumpuni ng kanyang motorsiklo, nangako ng pagbabayad sa loob ng tatlong buwan pero wala pa rin.",Money/Debt Disputes
May hindi pagkakaunawaan kung paano hahatiin ang mga kasangkapan sa bahay na iniwan ng aming yumaong magulang.,Family Matters
Kusa niyang tinapakan ang mga bulaklak na itinanim ko sa harap ng aming bahay dahil sa hindi pagkakaunawaan noong nakaraang linggo.,Petty Criminal Offenses
Ang daanan papunta sa aming bukid ay hinarangan niya ng mga bato at kahoy kaya kailangan naming dumaan sa mas mahirap na ruta.,Property Disputes
"Nagbenta ako ng sako ng bigas sa halagang ₱2,300, kinuha niya agad ang paninda pero sinabing babayaran kinabukasan hanggang ngayon ay wala pa rin.",Money/Debt Disputes
Hindi maayos ang pagbabahagi ng mga gastusin sa kuryente na ginagamit sa pampamilyang tindahan.,Family Matters
Sinasadyang itinapon ang mga dumi ng hayop sa tapat ng aming tarangkahan tuwing gabi kaya mabaho ang aming pasukan.,Petty Criminal Offenses
Ang pader na itinayo ay nakaharang sa daluyan ng hangin kaya ang aming bahay ay laging mainit at walang sariwang hangin.,Property Disputes
"Nagkasundo kami na maghahatid siya ng sako ng bigas linggo-linggo, pero madalas ay huli ang dating at minsan ay kulang ang dami.",Contract Disputes
"Ang usok mula sa kanilang pagluluto ay pumupunta sa aming bintana habang natutulog ang mga bata, kaya nagigising sila na ubo at hindi maayos ang pakiramdam.",Neighbor Disputes
Sinasabi niya sa mga kapitbahay na hindi ako tapat sa aking mga gawain kaya nababawasan ang mga taong bumibili sa aking tindahan.,Petty Criminal Offenses
Ang kanal na pinagsasaluhan namin ay hindi nililinis ng kabilang panig kaya bumabara ang tubig at bumabaha sa aming bahagi.,Property Disputes
"Nagbayad ako ng paunang halaga para sa paggawa ng kabinet, tapos ang sukat ay hindi akma at kulang ang materyales na ginamit.",Contract Disputes
Ang alagang kambing ng kapitbahay ay nakakalaya at kinakain ang mga dahon ng gulay sa aming taniman at tinatapakan ang mga binhi.,Neighbor Disputes
"Humiram ng ₱8,200 para sa pambili ng pataba sa pananim, nangako ng pagbabayad kapag naibenta na ang ani pero wala pa rin.",Money/Debt Disputes
May hindi pagkakaunawaan kung sino ang magbabayad ng buwis sa lupa na pinagtatamnan naming magkakapatid.,Family Matters
Lumapit siya sa akin habang galit at nagsalita ng masasamang salita sa harap ng maraming tao kaya nakaramdam ako ng matinding hiya.,Petty Criminal Offenses
Ang bakod na itinayo ay hindi tuwid at lumagpas sa aming hangganan nang halos isang talampakan sa kabuuan nito.,Property Disputes
"Umuupa ng pwesto sa aking tindahan, napagkasunduan na magbabayad tuwing unang araw ng buwan pero laging nahuhuli at kulang.",Contract Disputes
"Naghiraman kami ng pera para sa pagpapatayo ng tindahan, sinabi niyang babayaran kapag kumikita na pero ilang buwan na ang lumipas wala pa rin.",Money/Debt Disputes
"Hindi maayos ang paggamit ng mga kagamitan sa pampamilyang bahay, laging kinukuha nang walang paalam at hindi ibinabalik.",Family Matters
Sinasadyang binato ang aming ilaw sa labas kaya nabasag ang ilaw at nasira ang kable ng kuryente nito.,Petty Criminal Offenses
Ang mga sanga ng puno ng mangga sa kanilang lupa ay nakaharang sa aming bubong at gumuguhit dito tuwing malakas ang hangin.,Property Disputes
"Nagpaayos ng sirang gripo sa labas, binayaran ang hinihinging halaga, pero makalipas ang ilang araw ay tumutulo ulit nang malakas.",Contract Disputes
Ang kanilang basura ay itinatapon sa gilid ng aming bakod kaya dumadami ang mga langaw at ipis na pumapasok sa aming bahay.,Neighbor Disputes
"Pinahiram ko ang aking motorsiklo para gamitin sa pagbili ng paninda, nang ibalik ay may gasgas at sira ang ilaw sa harap.",Money/Debt Disputes
Hindi pumapayag ang aking kapatid na gamitin ang lumang balon kahit pareho naman kaming may karapatan dito ayon sa kasulatan.,Family Matters
Sinasabi niya sa mga kapitbahay na ako ang dahilan ng pagkawala ng kanilang pera kahit walang katotohanan.,Petty Criminal Offenses
Ang daanan papunta sa aming bukid ay hinarangan niya kaya kailangan naming dumaan sa mas malayo at mahirap na ruta.,Property Disputes
"Nagkasundo kami na magtatayo siya ng silungan para sa aming mga hayop, tapos ang gawa ay hindi matibay at madaling masira.",Contract Disputes
"Ang alagang baboy ng kapitbahay ay nakakalaya at pumapasok sa aming bakuran, kumakain ng natirang pagkain at dumarumi sa paligid.",Neighbor Disputes
"Humiram ng ₱4,500 para sa bayad sa kuryente, nangako ng pagbabayad sa araw ng sweldo pero ilang sweldo na ang lumipas wala pa rin.",Money/Debt Disputes
Kusa niyang tinanggal ang ilang piraso ng aming bakod para lagyan ng daanan ang kanyang sasakyan nang walang paalam.,Petty Criminal Offenses
Ang mga sanga ng puno ng niyog sa kanilang lupa ay nakaharang sa aming bubong at gumuguhit dito tuwing umuulan.,Property Disputes
"Nagkasundo kami na maghahatid siya ng sako ng uling linggo-linggo, pero madalas ay huli ang dating at kulang ang timbang.",Contract Disputes
Ang tubig mula sa kanilang labahan ay dumadaloy sa tapat ng aming tarangkahan kaya nagiging madulas at mabaho tuwing araw-araw.,Neighbor Disputes
"Nagbenta ako ng lumang makina sa halagang ₱14,000, binayaran lang ng ₱5,000 at nangako ng hulugan pero tumigil na sa pagbabayad.",Money/Debt Disputes
Sinasadyang binabato ang aming mga bintana nang maliliit na bato tuwing gabi kaya natatakot ang aking mga anak.,Petty Criminal Offenses
Ang kanal na pinagsasaluhan namin ay hinarangan niya kaya bumabaha sa aming bahagi tuwing umuulan nang malakas.,Property Disputes
"Umuupa ng bahay, nasira ang sahig dahil sa maling paggamit at ayaw niyang sagutin ang gastos sa pagkukumpuni.",Contract Disputes
Ang kanilang radyo ay nakatunog nang malakas tuwing hapon kaya hindi makapagpahinga ang aking matandang magulang.,Neighbor Disputes
"Pinahiram ko ang aking payong at lampara noong panahon ng bagyo, nang hilingin ko na ibalik ay sinasabi niyang nawala na lang daw.",Money/Debt Disputes
Hindi pumapayag ang aking pinsan na gamitin ang bahagi ng lupa ko kahit malinaw ito sa aming kasulatan ng paghahati.,Family Matters
Lumapit siya sa akin habang galit at nagsalita ng masasamang salita habang nakaturo sa mukha ko sa harap ng ibang tao.,Petty Criminal Offenses
Ang pader na itinayo ay mas mataas kaysa sa napagkasunduan kaya bumabara ang liwanag at hangin sa aming bahay.,Property Disputes
"Nagpaayos ng sirang bubong, binayaran ang hinihinging halaga pero tumutulo na ulit makalipas ang dalawang linggo.",Contract Disputes
Ang usok mula sa pagsusunog ng basura ay pumupunta sa aming bahay habang kumakain kami kaya hindi kami makakain nang maayos.,Neighbor Disputes
"Humiram po siya ng ₱3,500 para sa pambayad ng matrikula ng anak ngunit walong buwan na ang nakalipas at wala pa ring bayad. Money / Debt Disputes Pinahiram ko ng rice cooker ang respondent para sa handaan ngunit hanggang ngayon ay hindi pa naibabalik. Money / Debt Disputes Nag-abono ako ng puhunan para sa maliit naming negosyo ngunit hindi niya ibinalik ang napagkasunduang bahagi ko. Money / Debt Disputes Nanghiram siya ng welding machine para sa isang proyekto pero hindi na niya ito ibinalik matapos gamitin. Money / Debt Disputes May natitirang balanse siya sa hulugang cellphone na binili sa akin ngunit tumigil na siya sa pagbabayad. Money / Debt Disputes Umutang siya sa akin ng pera para sa pagpapagamot ng kamag-anak ngunit hindi na siya sumasagot sa aking mga mensahe. Money / Debt Disputes Nagkaroon kami ng kasunduan sa paghiram ng generator set pero nasira ito at ayaw niyang sagutin ang pagpapagawa. Money / Debt Disputes Umutang siya ng paninda sa tindahan ko at nangako na babayaran matapos ang anihan ngunit hindi ito natupad. Money / Debt Disputes Nagpahiram ako ng laptop para sa school requirements ng kanyang anak at hindi na ito naibalik sa takdang araw. Money / Debt Disputes May hindi pa nababayarang halaga para sa mga hollow blocks na kinuha niya mula sa aking hardware supply. Money / Debt Disputes Pinakiusapan niya akong mag-abono muna sa bayad sa internet ngunit ilang buwan na siyang hindi naghuhulog ng kanyang parte. Money / Debt Disputes Nanghiram siya ng bisikleta para sa trabaho ngunit ipinahiram pala ito sa ibang tao nang walang pahintulot ko. Money / Debt Disputes May natitirang utang siya sa pagpapatahi ng mga uniporme na ginawa ko para sa kanilang grupo. Hanggang ngayun ay hindi pa niya ito binabayaran Money / Debt Disputes Nangutang siya sa akin ng 1000 at sinabi na ibabalik ito para sa online selling ngunit wala akong natanggap na balik na bayad o update. Money / Debt Disputes Kumuha siya ng mga gamit sa aking tindahan nang pautang at tumigil na sa pagpunta matapos lumaki ang balanse. Money / Debt Disputes Pinahiram ko ng sound system para sa event ngunit hindi naibalik ang isang speaker pagkatapos ng okasyon. Money / Debt Disputes Nangako siyang huhulugan buwan-buwan ang utang para sa motorsiklo pero dalawang hulog lang ang naibigay. Money / Debt Disputes Humiram siya ng pressure washer para sa negosyo at ibinalik itong may sira ngunit tumatangging magbayad. Money / Debt Disputes Nag-abono ako sa kanilang group order ng paninda ngunit hindi nila ibinalik ang aking inilabas na pera. Money / Debt Disputes Pinahiram ko siya ng cash para sa renewal ng tricycle permit ngunit hindi na niya ako binayaran. Money / Debt Disputes Hindi kami magkasundo ng kapatid ko sa paggamit ng bahay na naiwan ng aming mga magulang. Kaya kami ay dumulog sa barangay",Family Matters
"diko alam kung ilan Yung kapitbahay ko, tuwing umaga ay sinusunog ang mga tuyong dahon at basura kaya usok ang pumapasok sa aming bahay at mahirap huminga. |",Neighbor Disputes
"Humiram ng ₱8,000 ang aking pinsan para pambili ng gamot, sinabing babayaran sa loob ng dalawang buwan pero ngayon ay umiiwas na sa pakikipag-usap. |",Money/Debt Disputes
Magkapatid kami pero hindi pumapayag ang kapatid ko na gamitin ko ang kalahating bahagi ng lupa na naiwan ng aming magulang kahit nakasaad sa aming kasunduan. |,Family Matters
Paulit-ulit na sinisigawan ako ng kapitbahay sa harap ng maraming tao at gumagamit ng masasamang salita na nakakasira sa aking pangalan. |,Petty Criminal Offenses
Ang bakod na itinayo ng katabi ay lumagpas ng halos kalahating metro sa aming hangganan kaya nabawasan ang espasyo ng aming bakuran. |,Property Disputes
"Nagkasundo kami na gagawin niya ang pagkukumpuni ng aming bubong sa halagang ₱12,000, binigay ko na ang kalahati pero hindi na siya dumating matapos ang tatlong araw. |",Contract Disputes
"Pinahiram ko ang aking makina sa paggiling ng palay sa isang kakilala, nang ibalik ay sira na ang piyesa at ayaw niyang sagutin ang gastos sa pagkukumpuni. |",Money/Debt Disputes
"May hindi pagkakaunawaan sa paghahati ng mga gamit sa bahay matapos mawala ang aming ina, ayaw pumayag ng isa na ibigay ang nakalaan para sa bunso. |",Family Matters
Binabantaan ako ng aking dating kasama sa negosyo na saktan kapag hindi ko daw ibigay ang halagang hinihingi niya kahit wala naman akong utang sa kanya. |,Petty Criminal Offenses
Ang daanan na ginagamit namin ng mahigit dalawampung taon ay hinarangan ng bagong may-ari ng katabing lupa kaya wala na kaming daan papunta sa aming bukid. |,Property Disputes
"Umuupa ako ng silid sa bahay niya, napagkasunduan na may kasamang tubig at kuryente, pero biglang dinagdagan ang bayad nang walang paunang abiso. |",Contract Disputes
"Nagbenta ako ng lumang motorsiklo sa halagang ₱25,000, binayaran lang ng ₱10,000 at nangako ng hulugan pero dalawang buwan na walang ibinabayad. |",Money/Debt Disputes
Ang aking anak ay tumitigil sa pagbibigay ng suporta kahit kaya naman at kailangan ko ito para sa aking pang-araw-araw na pangangailangan at gamot. |,Family Matters
Kusa niyang tinapakan at sinira ang mga halaman ko sa bakuran dahil sa hindi pagkakaunawaan tungkol sa maliit na bagay noong nakaraang linggo. |,Petty Criminal Offenses
Ang puno ng mangga sa katabing lupa ay sobrang laki na at ang mga sanga ay nakaharang na sa aming bubong at gumuguhit sa dingding tuwing malakas ang hangin. |,Property Disputes
"Kinuha niya ang aking mga paninda para ibenta sa ibang purok bilang aming kasunduan, pero nang ibalik ay kulang ang kita at hindi maipaliwanag kung saan napunta ang sobra. |",Contract Disputes
"Nagbayad ako ng buo para sa serbisyo ng paghahakot ng buhangin at bato para sa paggawa ng bakod, pero kulang ang dami ng dinala at ayaw nang dagdagan. |",Money/Debt Disputes
Hindi pumapayag ang kapatid ko na maibenta ang bahaging lupa ko kahit malinaw na sa aming kasulatan na may karapatan akong gawin ito. |,Family Matters
Pumapasok siya sa aming bakuran nang walang paalam at kumukuha ng mga prutas mula sa aming puno nang hindi humihingi ng pahintulot. |,Petty Criminal Offenses
"Hindi malinaw ang tunay na hangganan ng lote dahil luma na ang mga bakas, kaya nagkakaroon ng hindi pagkakaunawaan sa pagitan namin ng katabi. |",Property Disputes
"Nagkasundo kami na magtatayo siya ng simpleng istante para sa aking tindahan sa halagang ₱3,500, tapos ang gawa ay hindi pantay at madaling masira. |",Contract Disputes
"Kapag nagluluto sila ng hapunan, ang usok ay direktang pumupunta sa aming bintana dahil walang tamang tambutso ang kanilang kusina. |",Neighbor Disputes
"May hindi pagkakasundo kung sino ang mag-aasikaso sa pangangalaga sa aming matandang lola, laging nagtuturuan ang magkakapatid. |",Family Matters
"Sinasabi niya sa ibang tao na nagnakaw ako ng pera kahit walang ebidensya, kaya nababawasan ang tiwala ng mga kapitbahay sa akin. |",Petty Criminal Offenses
Ang kanal na dapat ay nasa pagitan ng aming mga lupa ay ginawa niyang mas malapit sa aming gilid kaya nabawasan ang aming espasyo. |,Property Disputes
Ang kanilang sasakyan ay laging nakaparada sa tapat ng aming tarangkahan kaya nahihirapan kaming lumabas o pumasok gamit ang aming tricycle. |,Neighbor Disputes
"Humiram ng ₱3,000 para sa bayad sa kuryente, nangako ng pagbabayad sa araw ng sweldo pero ilang sweldo na ang lumipas wala pa rin. |",Money/Debt Disputes
"Ang pamangkin ko ay gumagamit ng kuryente mula sa aming linya nang walang paalam, kaya tumataas ang aming bayarin sa kuryente bawat buwan. |",Family Matters
Sinasadyang binabasa ang aming labahan na nakasampay sa bakuran gamit ang tubig mula sa kanilang hose tuwing kami ay wala sa bahay. |,Petty Criminal Offenses
Ang lupa na dapat ay may lapad na limang metro ay ginawa niyang mas makitid ang daanan kaya hindi na makadaan ang kariton na may dalang ani. |,Property Disputes
"Nagbayad ako ng paunang halaga para sa pagpipintura ng aming bahay, natapos lang ang kalahati ng trabaho at hindi na bumalik para tapusin ang natitira. |",Contract Disputes
"Madalas silang magtalo nang malakas sa gabi, naririnig hanggang sa aming bahay at nakakaabala sa pahinga ng aming pamilya. |",Neighbor Disputes
"Nagbenta ako ng sako ng bigas sa halagang ₱2,200, kinuha niya agad ang paninda pero sinabing babayaran kinabukasan hanggang ngayon ay wala pa rin. |",Money/Debt Disputes
Hindi pumapayag ang kapatid ko na gamitin ang lumang balon na nasa bakuran ng aming magulang kahit pareho naman kaming may karapatan dito. |,Family Matters
"Lumapit siya sa akin at nagsalita ng masama habang nakaturo sa mukha, na nagdulot ng takot at hiya sa harap ng ibang tao sa purok. |",Petty Criminal Offenses
Ang mga ugat ng puno sa katabing lupa ay lumalabas na sa aming bahagi at nagsisira sa pundasyon ng aming maliit na silid. |,Property Disputes
"Nagkasundo kami na maghahatid siya ng tubig sa aming bahay tuwing Sabado, pero madalas siyang lumiban at hindi nagpapaalam nang maaga. |",Contract Disputes
Ang kanilang basurahan ay inilalagay malapit sa aming bintana kaya mabaho ang aming bahay at dinadayo ng langaw at ipis. |,Neighbor Disputes
"Pinahiram ko ang aking bisikleta para gamitin sa pagpasok sa trabaho, nang ibalik ay baluktot ang gulong at sira ang preno, ayaw niyang bayaran ang pagkukumpuni. |",Money/Debt Disputes
"May hindi pagkakaunawaan sa paggamit ng pwesto sa palengke na iniwan ng aming ama, pareho kaming nagsasabing may karapatan kaming gamitin ito. |",Family Matters
Kusa niyang tinanggal ang ilang bahagi ng aming pansamantalang bakod nang walang paalam at sinabing bahagi daw ng kanilang lupa ang pwestong iyon. |,Petty Criminal Offenses
Ang hangganan na nakalagay noong nakaraan ay inilipat niya nang ilang talampakan papunta sa aming bahagi nang walang kasunduan sa amin. |,Property Disputes
"Nagpaayos ako ng sirang gripo at tubo, binayaran ang hinihinging halaga pero makalipas ang ilang araw ay tumutulo ulit at hindi na siya sumasagot sa tawag. |",Contract Disputes
"Kapag umuulan nang malakas, ang putik mula sa kanilang bakuran ay dumadaloy papunta sa aming pasukan kaya nagiging madulas at marumi. |",Neighbor Disputes
"Humiram ng ₱6,500 para sa pambili ng pataba sa pananim, nangako na babayaran kapag naibenta na ang ani pero tapos na ang benta wala pa rin bayad. |",Money/Debt Disputes
Ang asawa ng aking kapatid ay humahadlang sa aming paggamit ng mga gamit sa bahay na pag-aari ng aming yumaong magulang. |,Family Matters
"Sinasabing kukunin niya ang mga gamit ko kung hindi ko susundin ang gusto niya, kahit wala naman siyang karapatan sa anumang ari-arian ko. |",Petty Criminal Offenses
"Ang daanan papunta sa aming bahay ay lalong pinakitid dahil sa mga halamang itinanim niya sa gilid, kaya mahirap nang makadaan ang tao. |",Property Disputes
"Nagkasundo kami na maglilinis siya ng aming bakuran at kanal sa halagang ₱1,800, tapos ang trabaho ay hindi maayos at may naiwan pang basura. |",Contract Disputes
"Ang kanilang radyo ay nakatunog nang malakas mula tanghali hanggang gabi, kaya hindi makapagpahinga ang aking may sakit na asawa. |",Neighbor Disputes
"Naghiraman kami ng pera para sa pagpapatayo ng maliit na tindahan, sinabi niyang babayaran ng buo sa loob ng anim na buwan pero ngayon ay nagdadahilan lagi. |",Money/Debt Disputes
"Hindi maayos ang paghahati ng mga ani mula sa lupa na pinagtatamnan namin ng magkakamag-anak, laging kulang ang napupunta sa amin. |",Family Matters
Sinasadyang itinapon ang mga dumi ng hayop sa tapat ng aming tarangkahan tuwing gabi kaya mabaho ang aming pasukan sa umaga. |,Petty Criminal Offenses
"Ang pader na itinayo ay mas mataas kaysa sa napagkasunduan, kaya bumabara ang hangin at liwanag na pumapasok sa aming bahay. |",Property Disputes
"Umuupa ng silid, napagkasunduan na bawal magluto ng masusunog na pagkain, pero madalas itong ginagawa kaya nasisira ang pintura ng dingding. |",Contract Disputes
Ang kanilang alagang manok ay nakakalaya at kumakain ng mga binhi na inihasik ko sa aking maliit na taniman sa gilid ng bahay. |,Neighbor Disputes
"Nagbayad ako ng paunang halaga para sa paggawa ng silya at mesa, tapos ang gawa ay hindi matibay at hindi katulad ng napagkasunduang itsura. |",Money/Debt Disputes
"May hindi pagkakasundo kung sino ang magbabayad ng buwis sa lupa na naiwan ng magulang, ayaw tanggapin ng iba ang kanilang bahaging gastusin. |",Family Matters
"Sinasabi niya sa ibang kapitbahay na ako ang dahilan ng kanilang hindi magandang kapalaran, kaya iniiwasan na ako ng ilang tao. |",Petty Criminal Offenses
Ang kanal na dapat ay pinagsasaluhan namin ay hinarangan niya ng bato at lupa kaya bumabaha sa aming bahagi tuwing umuulan. |,Property Disputes
"Nagkasundo kami na maghahatid siya ng sako ng uling linggo-linggo, pero madalas ay kulang ang timbang at hindi tumutugma sa napagkasunduang dami. |",Contract Disputes
Ang usok mula sa kanilang pagluluto ng uling ay pumapasok sa aming bintana at nakakaapekto sa kalusugan ng aking mga anak na may hika. |,Neighbor Disputes
"Pinahiram ko ang aking kariton para gamitin sa paghakot ng mga paninda, nang ibalik ay sira ang gulong at wala nang hawakan, ayaw niyang ayusin ito. |",Money/Debt Disputes
Hindi pumapayag ang aking kapatid na ipagawa ang kinakailangang pagkukumpuni sa lumang bahay na pag-aari naming dalawa. |,Family Matters
"Lumapit siya sa akin habang galit at nagsalita nang malakas at may pagbabanta, kaya nakaramdam ako ng takot para sa aking kaligtasan. |",Petty Criminal Offenses
"Ang mga sanga ng puno ng niyog sa kanilang lupa ay nakaharang sa daanan at madaling bumagsak kapag malakas ang hangin, delikado para sa mga dumadaan. |",Property Disputes
"Nagpaayos ng sirang bubong, binayaran ang hinihinging halaga, pero makalipas ang isang buwan ay tumutulo na ulit kapag umuulan nang malakas. |",Contract Disputes
"Ang kanilang basura ay itinatapon sa gilid ng aming bakod tuwing gabi, kaya dumadami ang lamok at ipis sa paligid ng aming bahay. |",Neighbor Disputes
"Humiram ng ₱4,200 para sa bayad sa eskwela ng anak, nangako ng pagbabayad sa araw ng sweldo pero ilang buwan na ang lumipas wala pa rin. |",Money/Debt Disputes
"Hindi maayos ang paggamit ng pampublikong tubig na konektado sa aming bakuran, laging nauubos ang suplay bago pa kami makagamit. |",Family Matters
Kusa niyang tinanggal ang ilang piraso ng aming bakod para lagyan ng daanan ang kanyang alagang hayop nang walang paalam sa amin. |,Petty Criminal Offenses
Ang lupa na ginagamit namin bilang daanan sa loob ng mahigit labinlimang taon ay sinasabi niyang sa kanya na ito at hindi na kami papayagang dumaan. |,Property Disputes
"Nagkasundo kami na magtatayo siya ng simpleng silid sa halagang ₱20,000, tapos ang gawa ay hindi pantay ang pader at hindi maayos ang bubong. |",Contract Disputes
"Madalas silang maglaro ng baraha nang malakas ang tawanan at sigawan hanggang madaling araw, kaya hindi makatulog ang aming pamilya. |",Neighbor Disputes
"Nagbenta ako ng lumang makina sa halagang ₱15,000, binayaran lang ng ₱5,000 at nangako ng hulugan pero tumigil na sa pagbabayad pagkalipas ng isang buwan. |",Money/Debt Disputes
Sinasadyang binabato ang mga prutas sa aming puno kaya nasisira ang mga sanga at nahuhulog ang mga prutas na hindi pa hinog. |,Petty Criminal Offenses
"Ang hangganan ng lupa ay nalilito dahil walang nakalagay na sementadong marka, kaya pareho kaming nagsasabing ang pwesto ay sa amin. |",Property Disputes
"Umuupa ng bahay, napagkasunduan na panatilihing malinis ang bakuran, pero iniiwan niyang puno ng damo at basura kaya hindi maayos tingnan. |",Contract Disputes
Ang tubig mula sa kanilang labahan ay dumadaloy sa tapat ng aming tarangkahan kaya nagiging maputik at madulas tuwing araw-araw. |,Neighbor Disputes
"Pinahiram ko ang aking kalan at kawali para gamitin sa kanilang handaan, nang ibalik ay sunog ang ilang bahagi at hindi na magagamit nang maayos. |",Money/Debt Disputes
Hindi pumapayag ang aking pinsan na gamitin ang bahagi ng lupa na nakalaan para sa akin kahit malinaw ito sa aming kasulatan ng paghahati. |,Family Matters
"Sinasabi niya sa mga tao sa purok na ako ang nagnakaw ng kanilang manok kahit walang katotohanan, kaya nasisira ang aking pangalan. |",Petty Criminal Offenses
"Ang puno ng saging na itinanim niya ay malapit sa aming dingding, kaya ang mga ugat ay nagsisimulang gumalaw at sumira sa pundasyon. |",Property Disputes
"Nagbayad ako ng paunang halaga para sa paggawa ng kabinet, tapos ang sukat ay hindi akma sa pwesto at kulang ang materyales na ginamit. |",Contract Disputes
Ang kanilang alagang kambing ay nakakalaya at kinakain ang mga dahon ng gulay sa aming taniman at tinatapakan ang mga binhing itinanim ko. |,Neighbor Disputes
"Humiram ng ₱9,000 para sa pagkukumpuni ng kanyang tricycle, nangako na babayaran kapag kumikita na ulit pero ilang buwan na ang lumipas wala pa rin. |",Money/Debt Disputes
May hindi pagkakasundo kung sino ang magbabayad ng kuryente na ginagamit sa pampamilyang tindahan na pinatatakbo naming magkakapatid. |,Family Matters
Lumapit siya sa akin habang may hawak na patpat at nagsalita nang may pagbabanta na sasaktan ako kapag hindi ko siya sinunod. |,Petty Criminal Offenses
Ang daanan papunta sa aming bakuran ay hinarangan niya ng mga kahoy at bato kaya hindi na makadaan ang aming mga bisita at kagamitan. |,Property Disputes
"Nagkasundo kami na maglilinis siya ng aming kanal at paligid tuwing katapusan ng buwan, pero madalas siyang lumiban nang walang paalam. |",Contract Disputes
"Ang usok mula sa pagsusunog ng kanilang mga tuyong dahon ay pumupunta sa aming bahay habang kumakain kami, kaya hindi kami makakain nang maayos. |",Neighbor Disputes
"Naghiraman kami ng pera para sa pagbili ng mga paninda, sinabi niyang babayaran ng buo matapos ang isang buwan pero ngayon ay nagdadahilan lagi ng kawalan ng pera. |",Money/Debt Disputes
"Hindi maayos ang paggamit ng mga puno ng prutas sa lupa na pag-aari naming magkakamag-anak, laging kinukuha ang mga bunga nang walang paalam. |",Family Matters
Sinasadyang ibinuhos ang maruming tubig mula sa kanilang labahan sa aming bakuran kaya mabaho at dumadami ang lamok sa paligid. |,Petty Criminal Offenses
Ang pader na itinayo ay nakaharang sa daluyan ng hangin kaya ang aming bahay ay laging mainit at walang sariwang hangin na pumapasok. |,Property Disputes
"Nagpaayos ng sirang kandado at tarangkahan, binayaran ang hinihinging halaga, pero makalipas ang ilang linggo ay hindi na gumagana nang maayos. |",Contract Disputes
"Ang kanilang radyo ay nakatunog habang naglilinis ng bahay tuwing Sabado at Linggo, kaya hindi kami makapagpahinga nang maayos sa mga araw ng pahinga. |",Neighbor Disputes
"Pinahiram ko ang aking payong at lampara noong panahon ng bagyo, hanggang ngayon ay hindi pa ibinabalik at sinasabing hindi na niya ito mahanap. |",Money/Debt Disputes
Hindi pumapayag ang aking kapatid na ibenta ang lumang bahay na pag-aari naming dalawa kahit pareho kaming may kailangan ng pera para sa aming pamilya. |,Family Matters
Kusa niyang tinapakan ang mga bulaklak na itinanim ko sa harap ng aming bahay dahil sa hindi pagkakaunawaan noong nakaraang araw. |,Petty Criminal Offenses
Ang mga sanga ng puno ng balete sa kanilang lupa ay lumalagpas sa aming bahagi at nagdudulot ng dilim at basang pader tuwing umuulan. |,Property Disputes
"Nagkasundo kami na maghahatid siya ng sako ng bigas linggo-linggo para sa aking tindahan, pero madalas ay huli ang dating at minsan ay kulang ang dami. |",Contract Disputes
"Ang kanilang basurahan ay walang takip at inilalagay malapit sa aming bintana, kaya ang amoy ay pumapasok sa loob ng aming bahay araw-araw. |",Neighbor Disputes
"Humiram ng ₱2,800 para sa pambili ng gamot ng kanyang asawa, nangako ng pagbabayad sa loob ng isang buwan pero ngayon ay umiiwas na sa pakikipagkita. |",Money/Debt Disputes
May hindi pagkakaunawaan kung paano hahatiin ang mga kasangkapan sa bahay na iniwan ng aming yumaong lolo at lola. |,Family Matters
"Sinasabi niya sa ibang tao na hindi ako tapat sa aking mga gawain at negosyo, kaya nababawasan ang mga taong bumibili sa aking tindahan. |",Petty Criminal Offenses
Ang kanal na pinagsasaluhan namin ay hindi nililinis ng kabilang panig kaya bumabara ang tubig at bumabaha sa aming bahagi tuwing umuulan. |,Property Disputes
"Nagbayad ako ng paunang halaga para sa pagpipintura ng aming bakod, tapos ang pintura ay manipis at agad kumupas matapos ang ilang linggo. |",Contract Disputes
Ang alagang aso ng kapitbahay ay laging tumatahol at humahabol sa mga dumadaan na bata sa tapat ng aming bahay. |,Neighbor Disputes
"Nagbenta ako ng mga sako ng abono sa halagang ₱3,500 bawat isa, kinuha niya agad ang paninda pero sinabing babayaran kinabukasan hanggang ngayon ay wala pa rin. |",Money/Debt Disputes
Hindi maayos ang pagbabahagi ng mga gastusin sa pagpapanatili ng daanan na ginagamit naming magkakamag-anak papunta sa aming mga bukid. |,Family Matters
"Lumapit siya sa akin habang galit at nagsalita ng masasamang salita sa harap ng maraming tao, kaya nakaramdam ako ng matinding hiya. |",Petty Criminal Offenses
Ang bakod na itinayo ay hindi tuwid at lumagpas sa aming hangganan nang halos isang talampakan sa kabuuan ng haba nito. |,Property Disputes
"Umuupa ng pwesto sa aking tindahan, napagkasunduan na magbabayad tuwing unang araw ng buwan, pero laging nahuhuli at kulang ang ibinabayad. |",Contract Disputes
Ang tubig mula sa kanilang paliligo at labahan ay dumadaloy sa tapat ng aming tarangkahan kaya nagiging maputik at mabaho tuwing mainit ang panahon. |,Neighbor Disputes
"Pinahiram ko ang aking karit at asarol para gamitin sa paglilinis ng bakuran, nang ibalik ay mapurol na at sira ang hawakan, ayaw niyang ayusin ito. |",Money/Debt Disputes
Hindi pumapayag ang aking tiyuhin na gamitin ang bahagi ng lupa na nakalaan para sa amin kahit malinaw ito sa aming kasulatan. |,Family Matters
Sinasadyang itinapon ang mga tuyong dahon at basura sa tapat ng aming tarangkahan tuwing gabi kaya kailangan kong linisin ito tuwing umaga. |,Petty Criminal Offenses
"Ang daanan papunta sa aming bahay ay lalong pinakitid dahil sa mga halamang itinanim niya sa gilid, kaya hindi na makadaan ang aming tricycle. |",Property Disputes
"Nagkasundo kami na magtatayo siya ng maliit na silungan para sa aming mga hayop, tapos ang gawa ay hindi matibay at madaling masira kapag umuulan. |",Contract Disputes
"Madalas silang magkaroon ng bisita sa gabi na maingay ang tawanan at usapan hanggang madaling araw, kaya hindi makatulog ang aming mga bata. |",Neighbor Disputes
"Humiram ng ₱7,500 para sa pambili ng mga materyales sa pagkukumpuni ng bahay, nangako ng pagbabayad sa loob ng tatlong buwan pero wala pa rin. |",Money/Debt Disputes
"May hindi pagkakasundo kung sino ang magbabayad ng buwis sa lupa na pinagtatamnan naming magkakapatid, ayaw tumanggap ng bahagi ng gastos ang iba. |",Family Matters
Sinasadyang binato ang aming ilaw sa labas ng bahay kaya nabasag ang ilaw at nasira ang kable ng kuryente nito. |,Petty Criminal Offenses
Ang mga ugat ng puno ng mangga sa kanilang lupa ay tumutubo sa ilalim ng aming lupa at nagsisimulang sumira sa pundasyon ng aming bahay. |,Property Disputes
"Nagpaayos ng sirang gripo at tubo sa labas, binayaran ang hinihinging halaga, pero makalipas ang ilang araw ay tumutulo ulit nang malakas. |",Contract Disputes
"Naghiraman kami ng pera para sa pagpapatayo ng maliit na tindahan, sinabi niyang babayaran kapag kumikita na pero ilang buwan na ang lumipas wala pa rin. |",Money/Debt Disputes
"Hindi maayos ang paggamit ng mga kagamitan sa pampamilyang bahay, laging kinukuha ang mga gamit nang walang paalam at hindi ibinabalik. |",Family Matters
Lumapit siya sa akin at nagsalita nang may pagbabanta na papatayin ang aming mga alagang hayop kapag hindi ko siya sinunod. |,Petty Criminal Offenses
Ang hangganan ng lupa ay inilipat niya nang ilang talampakan papunta sa aming bahagi nang walang paalam o kasunduan sa amin. |,Property Disputes
"Nagkasundo kami na maglilinis siya ng aming bakuran at kanal tuwing dalawang linggo, pero madalas siyang lumiban at hindi nagpapaalam nang maaga. |",Contract Disputes
"Ang kanilang basura ay itinatapon sa gilid ng aming bakod, kaya dumadami ang mga langaw at ipis na pumapasok sa loob ng aming bahay. |",Neighbor Disputes
"Pinahiram ko ang aking motorsiklo para gamitin sa pagbili ng mga paninda, nang ibalik ay may gasgas na ang katawan at sira ang ilaw sa harap. |",Money/Debt Disputes
Hindi pumapayag ang aking kapatid na gamitin ang lumang balon sa bakuran kahit pareho naman kaming may karapatan dito ayon sa kasulatan. |,Family Matters
"Sinasabi niya sa mga kapitbahay na ako ang dahilan ng pagkawala ng kanilang pera kahit walang katotohanan, kaya iniiwasan na ako ng marami. |",Petty Criminal Offenses
Ang daanan papunta sa aming bukid ay hinarangan niya ng mga kahoy at bato kaya kailangan naming dumaan sa mas malayo at mahirap na daan. |,Property Disputes
"Nagbayad ako ng paunang halaga para sa paggawa ng mesa at silya, tapos ang sukat ay mali at hindi magagamit nang maayos sa aming silid. |",Contract Disputes
"Ang alagang baboy ng kapitbahay ay nakakalaya at pumapasok sa aming bakuran, kumakain ng mga natirang pagkain at dumarumi sa paligid. |",Neighbor Disputes
"Humiram ng ₱5,200 para sa bayad sa kuryente at tubig, nangako ng pagbabayad sa araw ng sweldo pero ilang sweldo na ang lumipas wala pa rin. |",Money/Debt Disputes
May hindi pagkakaunawaan kung paano hahatiin ang kita mula sa paupahang silid na pag-aari naming magkakapatid. |,Family Matters
Kusa niyang tinanggal ang ilang piraso ng aming bakod para lagyan ng daanan ang kanyang sasakyan nang walang paalam sa amin. |,Petty Criminal Offenses
Ang mga sanga ng puno ng niyog sa kanilang lupa ay nakaharang sa aming bubong at gumuguhit dito tuwing malakas ang hangin at ulan. |,Property Disputes
"Nagkasundo kami na maghahatid siya ng sako ng uling linggo-linggo, pero madalas ay huli ang dating at minsan ay kulang ang timbang ng dinala. |",Contract Disputes
Ang tubig mula sa kanilang labahan ay dumadaloy sa tapat ng aming tarangkahan kaya nagiging madulas at maputik tuwing umaga. |,Neighbor Disputes
"Nagbenta ako ng lumang makina sa halagang ₱12,000, binayaran lang ng ₱4,000 at nangako ng hulugan pero tumigil na sa pagbabayad pagkalipas ng isang buwan. |",Money/Debt Disputes
Hindi maayos ang pagbabahagi ng mga gastusin sa pagpapanatili ng lumang bahay na pag-aari naming magkakamag-anak. |,Family Matters
Sinasadyang binabato ang aming mga bintana nang maliliit na bato tuwing gabi kaya natatakot ang aking mga anak na matulog. |,Petty Criminal Offenses
Ang kanal na pinagsasaluhan namin ay hinarangan niya ng lupa at bato kaya bumabaha sa aming bahagi tuwing umuulan nang malakas. |,Property Disputes
"Umuupa ng bahay, napagkasunduan na panatilihing maayos ang dingding at sahig, pero nasira ang sahig dahil sa maling paggamit at ayaw niyang ipagawa. |",Contract Disputes
"Ang kanilang radyo ay nakatunog nang malakas tuwing hapon, kaya hindi makapagpahinga ang aking matandang magulang na may sakit sa puso. |",Neighbor Disputes
"Pinahiram ko ang aking payong at lampara noong panahon ng bagyo, nang hilingin ko na ibalik ay sinasabi niyang nawala na lang daw nang walang dahilan. |",Money/Debt Disputes
Lumapit siya sa akin habang galit at nagsalita ng masasamang salita habang nakaturo sa mukha ko sa harap ng ibang kapitbahay. |,Petty Criminal Offenses
Ang pader na itinayo ay mas mataas kaysa sa napagkasunduan kaya bumabara ang liwanag at hangin na pumapasok sa aming bahay. |,Property Disputes
"Nagpaayos ng sirang bubong, binayaran ang hinihinging halaga, pero makalipas ang dalawang linggo ay tumutulo na ulit kapag umuulan. |",Contract Disputes
"Ang usok mula sa pagsusunog ng basura ay pumupunta sa aming bahay habang kumakain kami ng hapunan, kaya hindi kami makakain nang maayos. |",Neighbor Disputes
"Humiram ng ₱3,800 para sa pambili ng gamot ng kanyang anak, nangako ng pagbabayad sa loob ng dalawang buwan pero ngayon ay umiiwas na. |",Money/Debt Disputes
May hindi pagkakaunawaan kung sino ang mag-aasikaso sa pangangalaga sa aming matandang lola na may sakit. |,Family Matters
Ang daanan papunta sa aming bahay ay lalong pinakitid kaya hindi na makadaan ang aming mga bisita at kagamitan sa pagtatrabaho. |,Property Disputes
"Nagkasundo kami na magtatayo siya ng simpleng silungan para sa aming mga paninda, tapos ang gawa ay hindi matibay at madaling masira. |",Contract Disputes
Ang alagang manok ng kapitbahay ay nakakalaya at kumakain ng mga binhi na inihasik ko sa aking maliit na taniman sa gilid ng bahay. |,Neighbor Disputes
"Naghiraman kami ng pera para sa pagbili ng mga materyales sa pagtatayo, sinabi niyang babayaran kapag natapos na ang trabaho pero wala pa rin. |",Money/Debt Disputes
"Sinasabi niya sa ibang tao na ako ang nagnakaw ng kanilang mga prutas kahit walang katotohanan, kaya nasisira ang aking pangalan. |",Petty Criminal Offenses
Ang mga ugat ng puno ng saging sa kanilang lupa ay tumutubo sa ilalim ng aming lupa at nagsisimulang sumira sa pundasyon ng aming silid. |,Property Disputes
"Nagbayad ako ng paunang halaga para sa pagpipintura ng aming bahay, tapos ang pintura ay manipis at agad kumupas matapos ang ilang araw. |",Contract Disputes
"Ang kanilang basurahan ay walang takip at inilalagay malapit sa aming bintana, kaya ang amoy ay pumapasok sa loob ng aming bahay tuwing mainit ang panahon. |",Neighbor Disputes
"Pinahiram ko ang aking kariton para gamitin sa paghakot ng mga paninda, nang ibalik ay sira ang gulong at wala nang hawakan na maayos. |",Money/Debt Disputes
Hindi pumapayag ang aking kapatid na maibenta ang bahagi ng lupa ko kahit malinaw na sa kasulatan na may karapatan akong gawin ito. |,Family Matters
"Ang hangganan ng lupa ay nalilito dahil walang nakalagay na marka, kaya pareho kaming nagsasabing ang pwesto ay sa amin. |",Property Disputes
Ang tubig mula sa kanilang paliligo ay dumadaloy sa tapat ng aming tarangkahan kaya nagiging maputik at mabaho tuwing araw-araw. |,Neighbor Disputes
"Humiram ng ₱6,200 para sa pagkukumpuni ng kanyang motorsiklo, nangako ng pagbabayad sa loob ng tatlong buwan pero wala pa rin. |",Money/Debt Disputes
May hindi pagkakaunawaan kung paano hahatiin ang mga kasangkapan sa bahay na iniwan ng aming yumaong magulang. |,Family Matters
Kusa niyang tinapakan ang mga bulaklak na itinanim ko sa harap ng aming bahay dahil sa hindi pagkakaunawaan noong nakaraang linggo. |,Petty Criminal Offenses
Ang daanan papunta sa aming bukid ay hinarangan niya ng mga bato at kahoy kaya kailangan naming dumaan sa mas mahirap na ruta. |,Property Disputes
"Nagbenta ako ng sako ng bigas sa halagang ₱2,300, kinuha niya agad ang paninda pero sinabing babayaran kinabukasan hanggang ngayon ay wala pa rin. |",Money/Debt Disputes
Hindi maayos ang pagbabahagi ng mga gastusin sa kuryente na ginagamit sa pampamilyang tindahan. |,Family Matters
Sinasadyang itinapon ang mga dumi ng hayop sa tapat ng aming tarangkahan tuwing gabi kaya mabaho ang aming pasukan. |,Petty Criminal Offenses
Ang pader na itinayo ay nakaharang sa daluyan ng hangin kaya ang aming bahay ay laging mainit at walang sariwang hangin. |,Property Disputes
"Nagkasundo kami na maghahatid siya ng sako ng bigas linggo-linggo, pero madalas ay huli ang dating at minsan ay kulang ang dami. |",Contract Disputes
"Ang usok mula sa kanilang pagluluto ay pumupunta sa aming bintana habang natutulog ang mga bata, kaya nagigising sila na ubo at hindi maayos ang pakiramdam. |",Neighbor Disputes
Sinasabi niya sa mga kapitbahay na hindi ako tapat sa aking mga gawain kaya nababawasan ang mga taong bumibili sa aking tindahan. |,Petty Criminal Offenses
Ang kanal na pinagsasaluhan namin ay hindi nililinis ng kabilang panig kaya bumabara ang tubig at bumabaha sa aming bahagi. |,Property Disputes
"Nagbayad ako ng paunang halaga para sa paggawa ng kabinet, tapos ang sukat ay hindi akma at kulang ang materyales na ginamit. |",Contract Disputes
Ang alagang kambing ng kapitbahay ay nakakalaya at kinakain ang mga dahon ng gulay sa aming taniman at tinatapakan ang mga binhi. |,Neighbor Disputes
"Humiram ng ₱8,200 para sa pambili ng pataba sa pananim, nangako ng pagbabayad kapag naibenta na ang ani pero wala pa rin. |",Money/Debt Disputes
May hindi pagkakaunawaan kung sino ang magbabayad ng buwis sa lupa na pinagtatamnan naming magkakapatid. |,Family Matters
Lumapit siya sa akin habang galit at nagsalita ng masasamang salita sa harap ng maraming tao kaya nakaramdam ako ng matinding hiya. |,Petty Criminal Offenses
Ang bakod na itinayo ay hindi tuwid at lumagpas sa aming hangganan nang halos isang talampakan sa kabuuan nito. |,Property Disputes
"Umuupa ng pwesto sa aking tindahan, napagkasunduan na magbabayad tuwing unang araw ng buwan pero laging nahuhuli at kulang. |",Contract Disputes
"Naghiraman kami ng pera para sa pagpapatayo ng tindahan, sinabi niyang babayaran kapag kumikita na pero ilang buwan na ang lumipas wala pa rin. |",Money/Debt Disputes
"Hindi maayos ang paggamit ng mga kagamitan sa pampamilyang bahay, laging kinukuha nang walang paalam at hindi ibinabalik. |",Family Matters
Sinasadyang binato ang aming ilaw sa labas kaya nabasag ang ilaw at nasira ang kable ng kuryente nito. |,Petty Criminal Offenses
Ang mga sanga ng puno ng mangga sa kanilang lupa ay nakaharang sa aming bubong at gumuguhit dito tuwing malakas ang hangin. |,Property Disputes
"Nagpaayos ng sirang gripo sa labas, binayaran ang hinihinging halaga, pero makalipas ang ilang araw ay tumutulo ulit nang malakas. |",Contract Disputes
Ang kanilang basura ay itinatapon sa gilid ng aming bakod kaya dumadami ang mga langaw at ipis na pumapasok sa aming bahay. |,Neighbor Disputes
"Pinahiram ko ang aking motorsiklo para gamitin sa pagbili ng paninda, nang ibalik ay may gasgas at sira ang ilaw sa harap. |",Money/Debt Disputes
Hindi pumapayag ang aking kapatid na gamitin ang lumang balon kahit pareho naman kaming may karapatan dito ayon sa kasulatan. |,Family Matters
Sinasabi niya sa mga kapitbahay na ako ang dahilan ng pagkawala ng kanilang pera kahit walang katotohanan. |,Petty Criminal Offenses
Ang daanan papunta sa aming bukid ay hinarangan niya kaya kailangan naming dumaan sa mas malayo at mahirap na ruta. |,Property Disputes
"Nagkasundo kami na magtatayo siya ng silungan para sa aming mga hayop, tapos ang gawa ay hindi matibay at madaling masira. |",Contract Disputes
"Ang alagang baboy ng kapitbahay ay nakakalaya at pumapasok sa aming bakuran, kumakain ng natirang pagkain at dumarumi sa paligid. |",Neighbor Disputes
"Humiram ng ₱4,500 para sa bayad sa kuryente, nangako ng pagbabayad sa araw ng sweldo pero ilang sweldo na ang lumipas wala pa rin. |",Money/Debt Disputes
Kusa niyang tinanggal ang ilang piraso ng aming bakod para lagyan ng daanan ang kanyang sasakyan nang walang paalam. |,Petty Criminal Offenses
Ang mga sanga ng puno ng niyog sa kanilang lupa ay nakaharang sa aming bubong at gumuguhit dito tuwing umuulan. |,Property Disputes
"Nagkasundo kami na maghahatid siya ng sako ng uling linggo-linggo, pero madalas ay huli ang dating at kulang ang timbang. |",Contract Disputes
Ang tubig mula sa kanilang labahan ay dumadaloy sa tapat ng aming tarangkahan kaya nagiging madulas at mabaho tuwing araw-araw. |,Neighbor Disputes
"Nagbenta ako ng lumang makina sa halagang ₱14,000, binayaran lang ng ₱5,000 at nangako ng hulugan pero tumigil na sa pagbabayad. |",Money/Debt Disputes
Sinasadyang binabato ang aming mga bintana nang maliliit na bato tuwing gabi kaya natatakot ang aking mga anak. |,Petty Criminal Offenses
Ang kanal na pinagsasaluhan namin ay hinarangan niya kaya bumabaha sa aming bahagi tuwing umuulan nang malakas. |,Property Disputes
"Umuupa ng bahay, nasira ang sahig dahil sa maling paggamit at ayaw niyang sagutin ang gastos sa pagkukumpuni. |",Contract Disputes
Ang kanilang radyo ay nakatunog nang malakas tuwing hapon kaya hindi makapagpahinga ang aking matandang magulang. |,Neighbor Disputes
"Pinahiram ko ang aking payong at lampara noong panahon ng bagyo, nang hilingin ko na ibalik ay sinasabi niyang nawala na lang daw. |",Money/Debt Disputes
Hindi pumapayag ang aking pinsan na gamitin ang bahagi ng lupa ko kahit malinaw ito sa aming kasulatan ng paghahati. |,Family Matters
Lumapit siya sa akin habang galit at nagsalita ng masasamang salita habang nakaturo sa mukha ko sa harap ng ibang tao. |,Petty Criminal Offenses
Ang pader na itinayo ay mas mataas kaysa sa napagkasunduan kaya bumabara ang liwanag at hangin sa aming bahay. |,Property Disputes
"Nagpaayos ng sirang bubong, binayaran ang hinihinging halaga pero tumutulo na ulit makalipas ang dalawang linggo. |",Contract Disputes
Ang usok mula sa pagsusunog ng basura ay pumupunta sa aming bahay habang kumakain kami kaya hindi kami makakain nang maayos. |,Neighbor Disputes
ISA pang 100 Madalas pong iniiwan ng kapitbahay ang kanilang construction materials sa harap ng aming gate kaya nahihirapan kaming makapasok at makalabas ng bahay.,Neighbor Disputes
Ang kapitbahay po namin ay nagpaparada ng,Neighbor Disputes
delivery cart sa makitid na eskinita kaya nahaharangan ang daanan ng mga residente. Hindi po kami magkasundo dahil ginagamit ng kapitbahay namin ang aming gripo nang walang pahintulot kapag nawawalan sila ng tubig.,Neighbor Disputes
Ang katabi naming bahay ay naglagay ng,Neighbor Disputes
kulungan ng baboy malapit sa aming kusina kaya umaalingasaw ang amoy. Tuwing may handaan ay ginagamit ng kapitbahay ang buong kalsada para sa kanilang tent nang hindi nagpapaalam sa mga maaapektuhan nito.,Neighbor Disputes
"Nagsasangla po ng ATM tong isang katrabaho ko, tapos nung kinuha ko yung",Money/Debt Disputes
"card dahil sabi niya may laman na pambayad sa utang niya, nalaman ko na nag-file siya ng affidavit of loss at nagpalit ng card para hindi ko makuha yung hulog. Nag-avail po ako ng online hulugan ng cellphone sa isang kakilala rito sa barangay. Nakatapos na ako ng limang buwan, tapos nung huling hulog ko na, ayaw ibigay yung resibo at sinasabing may interes pa raw na hindi napag-usapan nung una.",Money/Debt Disputes
"Nagpautang po ako ng halagang ₱15,000 sa",Money/Debt Disputes
"isang kaibigan para sa placement fee niya pa-abroad. Nakaalis na siya at dalawang taon na sa Taiwan pero ni sinkong duling wala siyang ipinadala sa akin, palaging offline kapag chinat. Humiram po ng pera sa akin ang aking kumare na nagkakahalaga ng ₱7,500 para daw sa emergency na operasyon ng asawa niya. Nalaman ko na lang sa Facebook na nagbakasyon sila sa Boracay, pero pag sinisingil ko, walang pera daw siya.",Money/Debt Disputes
Nagkaroon ng pagtatalo tungkol sa pag-iingat ng mga dokumento ng namayapang,Family Matters
magulang. Ang aking kapatid ay inilipat ang mga gamit ng aming ina nang hindi ipinapaalam sa ibang pamilya.,Family Matters
Pinag-aawayan po naming magkakapatid ang,Family Matters
pangangalaga sa aming lola na may dementia. Ang aking ate ang may hawak ng pensyon ni lola pero pinapabayaan naman niya ito sa akin at ayaw magbigay ng pambili ng mga gamot. Yung bunso naming kapatid ay palaging nagdadala ng mga barkada sa bahay na iniwan ng magulang namin kung saan ako nakatira ngayon. Nag-iinuman sila hanggang madaling araw at binabastos ang asawa ko kapag sinasabihan silang matulog na.,Family Matters
Nagrereklamo po ako laban sa aking pinsan dahil pilit niyang pinapalayas ang aming matandang lola sa bahay na kanyang tinutuluyan upang magamit niya ang espasyo,Family Matters
"para sa kanyang bagong tayong negosyo ng carwash. Ang aking asawa ay madalas akong saktan physically at itaboy palabas ng bahay tuwing siya ay uuwing lasing galing sa sugalan, kaya humihingi ako ng proteksyon mula sa barangay para sa akin at sa aking mga anak.",Family Matters
Nag-aaway po kami ng kapitbahay ko dahil,Property Disputes
"yung pader na itinayo niya ay lumampas ng kalahating metro sa aking lote, nalaman ko ito nung nagpasurvey ako ng lupa. Ang aking kapitbahay ay hinarangan ang nag-iisang daanan o right-of-way papunta sa aking bahay sa likod, naglagay siya ng gate at nilagyan ng posas o lock.",Property Disputes
Nagrereklamo ako dahil ang daanan ng mga tao sa aming purok ay unti-unting sinusakop,Property Disputes
"ng isang residente sa pamamagitan ng paglalagay ng mga pananim at harang. Nag-away kami ng aking kapatid dahil sa lupang binili namin nang ambagan, ayaw niyang ilagay ang pangalan ko sa titulo at sinasabi niyang sa kanya lang ito.",Property Disputes
Nagrereklamo ako dahil ang aking kapitbahay,Property Disputes
"ay ayaw pumayag na pumasok ang mga surveyor sa kanyang lote para makuha ang tamang sukat ng aking boundary. Nag-away kami dahil sa paggamit ng common driveway sa aming apartment compound, palagi niyang iniiwan ang kanyang sirang motorsiklo doon nang matagal.",Property Disputes
"Ang aking kontrata sa pag-upa ng puwesto sa palengke ay may deposito na dalawang buwan, nung umalis ako matapos ang",Contract Disputes
kontrata ay ayaw ibalik ng may-ari ang pera. Nag-away kami ng aking ahente sa lupa dahil hindi niya ibinigay ang aking komisyon mula sa benta ng ari-arian na ako naman ang naghanap ng direktang mamimili.,Contract Disputes
Nagreklamo ako dahil ang kinuha kong sastre,Contract Disputes
"para gumawa ng mga uniporme ng aking mga empleyado ay naghatid ng mga maling sukat at kulang ang bilang ng gawa. May kasunduan kami na babayaran niya ang paggamit ng aking sound system sa kanyang event, matapos ang okasyon ay marami siyang reklamo at ayaw ibigay ang buong bayad.",Contract Disputes
May kasunduan kami sa pagbili ng isang,Contract Disputes
"kapirasong lupa sa pamamagitan ng installment, matapos kong makumpleto ang bayad ay ayaw niyang ibigay ang deed of sale. Kumuha ako ng photography service para sa kaarawan ng aking anak, natapos ang event pero anim na buwan na ay ayaw pa rin nilang ibigay ang mga soft copies ng larawan.",Contract Disputes
Nagreklamo ako dahil pinunit ng aking,Petty Criminal Offenses
kapitbahay ang aking mga posters at tarpaulin para sa aking negosyo na nakapaskil sa aking sariling bakod. Sinigawan ako ng aking landlord sa harap ng aking mga boarders at tinawag akong patay-gutom dahil lang sa nahuli ako ng tatlong araw sa pagbabayad ng upa.,Petty Criminal Offenses
Tinulak ako at pinagbantaang sasaktan ng,Petty Criminal Offenses
"aking kapitbahay nung sitahin ko siya dahil sa pagpaparada ng kanyang malaking sasakyan sa tapat mismo ng aking gate. Pumasok ang aking kapitbahay sa aking manukan at pinakawalan ang aking mga alagang manok na panabong, nawala ang tatlong piraso na nagkakahalaga ng malaki.",Petty Criminal Offenses
Sinigawan at kinaladkad ng aking tiyahin ang,Petty Criminal Offenses
aking anak na minor de edad dahil lang sa napagbintangan niya itong kumuha ng kanyang mga prutas sa bakuran. Nagreklamo ako dahil sinadya ng kapitbahay na basagin ang aming bumbilya sa labas ng bahay para maging madilim ang aming tapat at makagawa sila ng kalokohan.,Petty Criminal Offenses
Siniraan ako ng aking kapitbahay sa aking,Petty Criminal Offenses
"mga pinagkakautangan, sinabi niya na ako ay tatakas na at hindi magbabayad ng aking mga obligasyon sa kanila. Binato ng aking kapitbahay ang aming aso ng malaking bato at nabali ang paa nito, dahil lang sa tumahol ang aso nung dumaan siya sa tapat ng aming bakod.",Petty Criminal Offenses
Pumasok ang alagang baka ng kapitbahay sa aking palayan at niyurakan ang mga bagong,Petty Criminal Offenses
"tanim na palay, malaki ang naging lugi ko sa nagastos sa pagtatanim. BAGO ULIT DIKO ALAM KUNG ILAN Yung kapitbahay po namin, laging nagtatapon",Neighbor Disputes
ng basura sa tapat ng gate namin imbes na mag-antay ng truck. Sobrang baho na po at pinapugaran na ng langaw ang pwesto namin. Humiram po ng sampung libo si Mareng Helen,Money/Debt Disputes
"para daw sa tuition ng anak niya nung isang taon. Hanggang ngayon, puro ""bukas na lang"" ang sinasabi tuwing sisingilin ko siya. Nag-aaway po ang mga kapatid ko dahil sa",Family Matters
naiwang lumang tricycle ni Tatay. Gusto po kasi ibenta ng panganay pero ginagamit pa nung bunsong kapatid namin pampasada. Sinigawan po ako at pinahiya sa harap ng,Petty Criminal Offenses
maraming tao sa palengke ni Aling Susan. Tinawag niya akong magnanakaw at manggagamit kahit wala naman siyang patunay. Yung bakod po ng katabi naming lote ay,Property Disputes
lumagpas na sa boundary namin nung nilagyan nila ng extension para sa garahe nila. Sana po mabisita ng barangay para masukat nang tama. Nagpagawa po ako ng cabinet sa isang,Contract Disputes
"karpintero at nag-down na ako ng 50%. Dalawang buwan na ang nakalipas, hindi pa rin sinisimulan at ayaw na niyang ibalik ang pera ko. Grabe po yung ingay gabi-gabi sa katabing",Neighbor Disputes
"boarding house. Nag-iinuman sila sa labas at sumisigaw kahit lampas hatinggabi na, hindi makatapos mag-aral ang mga anak ko para sa exam. Hindi po nagbabayad ng hulog sa kinuha",Money/Debt Disputes
"niyang sapatos at pabango sa akin si Janet. Sabi niya installment, pero pagkatapos ng unang bayad ay laging nagtatago na kapag dadaan ako. Inirereklamo ko po ang tiyuhin ko dahil ayaw",Family Matters
"kaming paalisin sa maliit na bahay na pamana ni lolo, samantalang may kasunduan naman na hahatiin sa lahat ng magkakapatid ang pwesto. Binasag po ng lasing na minor yung bintana ng",Petty Criminal Offenses
tindahan ko kagabi matapos ko silang sawayin na huwag mag-ingay sa tapat ng bahay namin. Nakita po sila sa CCTV ng kapitbahay. Gusto pong harangan ng may-ari ng katabing,Property Disputes
"lupa ang daanan ng tricycle namin papasok sa highway. Sabi niya pribado raw yun, pero yun lang ang kaisa-isang kalsada na kasya ang sasakyan. Nag-arkila po sa akin ng sound system para sa",Contract Disputes
"kasal si Jeffrey. Tapos na ang event at nagamit naman nang maayos, pero kulang pa rin ng limang libo ang binayad niya sa akin hanggang ngayon. Yung aso po ng tapat-bahay namin ay laging",Neighbor Disputes
hinahayaang gumala sa labas. Lagi pong dumudumi sa tapat ng gate namin at tinakot pa kamakailan ang bunsong anak ko nung palabas ng bahay. Kumuha po ng paninda sa akin si Marites na,Money/Debt Disputes
"nagkakahalaga ng pitong libo. Sabi niya babayaran niya pagkasweldo niya nung katapusan, pero lumipas na ang dalawang buwan ay puro rason pa rin. Ayaw pong magbigay ng sustento ng",Family Matters
ex-husband ko para sa gatas at diaper ng mga bata. May trabaho naman siya sa talyer pero inuubos lang niya ang pera niya sa pagsusugal at barkada. Palagi po akong pinariringgan ng bayaw ko,Petty Criminal Offenses
tuwing dadaan ako sa tapat ng bahay nila. Tinatakot niya ako na may mangyayari daw sa akin kapag hindi ko binawi ang sumbong ko sa kuya niya. Nagsasampay po ng basang damit ang,Neighbor Disputes
kapitbahay namin sa ibabaw mismo ng pader na pag-aari ko. Natutuluan po tuloy at nababasa ang mga gamit ko na nakaimbak sa gilid ng bakuran namin. May utang po sa akin si Kiko na walong libo,Money/Debt Disputes
"mula pa nung nakaraang Pasko. Nanghihiram ako ngayon ng kahit kalahati lang dahil may emergency kami, pero blinacklist na niya ako sa Messenger. Inirereklamo ko po ang pinsan ko dahil pinutol",Property Disputes
niya ang puno ng mangga na nakatanim sa compound namin na walang paalam. Ang katwiran niya ay nadadamay daw ang bubong nila sa mga tuyong dahon. Nag-rent po ng apartment sa akin si Sarah pero,Contract Disputes
apat na buwan na siyang hindi nagbabayad ng upa at kuryente. Ayaw din niyang umalis kahit ilang beses ko na siyang binigyan ng notice. Yung tambutso po ng motor ng katabi namin ay,Neighbor Disputes
sadyang napakaingay lalo na kapag madaling araw na siya umuuwi. Ginigising niya ang buong purok tuwing magrerebba siya ng makina sa tapat namin. Nabili po sa akin ng bentilador at rice cooker si,Money/Debt Disputes
Aling Nena. Nangakong magbabayad kada linggo pero tuwing dadaan ako sa tindahan niya ay laging sarado o kaya naman ay wala daw siyang benta. Nagkakagulo po kaming magkakamag-anak,Family Matters
dahil sa pondo na iniwan ng lola namin para sa pagpapalibing sa kaniya. Kinurakot po kasi ng tita ko ang natirang pera na dapat ay paghahatian namin. Pinagbintangan po ako ng kapitbahay ko na,Petty Criminal Offenses
ako raw ang kumuha ng nawawalang manok niya. Nagwawala siya sa harap ng bahay namin at pinagmumura ako kahit kakagising ko lang po nung umaga. Yung gutter po ng bubong ng kabilang bahay,Neighbor Disputes
ay direktang bumubuhos ang tubig sa loob ng compound namin kapag umuulan. Bumabaha po tuloy sa may kusina namin dahil sa maling design nito. Nagpa-advance po ng sweldo ang helper ko,Money/Debt Disputes
para daw sa gamot ng nanay niya pero kinabukasan ay hindi na pumasok at hindi na rin macontact. Gusto ko lang po makuha yung naiwan niyang utang. Inirereklamo ko po ang biyenan ko dahil,Family Matters
pinapakialaman niya ang pagpapalaki ko sa aking mga anak at palagi akong sinusumbatan sa harap ng aso ko na wala daw akong silbing magulang. Sadyang scratching o gasgas po ang ginawa,Petty Criminal Offenses
sa gilid ng kotse ko na nakapark sa tapat ng bahay namin. Nakita ko sa dashboard camera na yung kapitbahay kong nakaalitan ko nung isang araw ang gumawa. Yung ugat po ng malaking puno ng acacia mula,Property Disputes
sa bakuran ng katabi namin ay sumisira na sa semento ng sahig ng aming sala. Delikado po baka gumuho ang pader namin dahil dito. Kumuha po ako ng catering service para sa,Contract Disputes
"binyag ng anak ko at nagbayad na ng buo. Nung araw ng okasyon, kulang ang pagkain at panis pa ang ulam na dinala nila sa amin. Araw-araw pong nagsusunog ng tuyong dahon",Neighbor Disputes
at plastik ang nakatira sa likod ng bahay namin. Pumasok po ang usok sa kwarto ng sanggol ko na may hika kaya laging isinusugod sa ospital. Nagpahiram po ako ng laptop sa katrabaho ko,Money/Debt Disputes
"para sa temporary work from home niya. Anim na buwan na siyang nag-resign pero ayaw pa rin ibalik ang gamit ko, ginagamit na daw ng kapatid niya. Niloloko po ng panganay kong kapatid ang",Family Matters
aming matandang ina para pirmahan ang deed of sale ng lupa sa probinsya na hindi naman napagkasunduan ng buong pamilya. Nais namin itong pigilan. Sinundan po ako ng isang lalaki habang,Petty Criminal Offenses
naglalakad pauwi sa aming eskinita at hinawakan ang aking braso habang bumubulong ng mga bastos na salita. Natatakot na po akong lumabas mag-isa. Ang aming shared pathway o daanan ng mga,Property Disputes
"tao sa purok ay nilagyan ng tindahan ng isa naming kapitbahay kaya halos hindi na makadaan ang mga residente, lalo na kapag may dalang grocery. Nagbayad po ako ng down payment para sa",Contract Disputes
pag-arkila ng jeep para sa outing namin. Kinansela nila ang biyahe dahil nasiraan daw pero ayaw na nilang ibalik ang dineposito kong pera. Yung aircon ng kapitbahay namin ay sobrang,Neighbor Disputes
"ingay ng compressor at ang tulo ng tubig nito ay diretso sa bubong namin, gumagawa ng nakakarinding ingay buong gabi kaya hindi kami makatulog. Nanghiram po ng pera ang kumare ko para",Money/Debt Disputes
"daw pambayad sa kuryente dahil mapuputulan na sila. Dalawang taon na, tuwing sisingilin ko ay siya pa ang galit at nagdadabog sa akin. Inirereklamo ko po ang asawa ko dahil palagi",Family Matters
"siyang lasing at nagwawala sa loob ng bahay, binabasag ang mga plato at tinatakot ang mga bata tuwing humihingi ako ng panggastos sa araw-araw. Pinagbabato po ng kapitbahay namin ang",Petty Criminal Offenses
bubong namin gamit ang mga bato at bote nung nakaraang gabi habang sila ay nag-iinuman. Natakot po ang pamilya ko dahil may mga bata kaming natutulog. May alitan po kami sa sukat ng lupa dahil nung,Property Disputes
"nagpasurvey ang katabi ko, pinalabas nila na sa kanila ang kalahati ng daanan na matagal na naming ginagamit bilang daan papuntang kalsada. Bumili po ako ng segunda manong motorsiklo",Contract Disputes
"sa isang kakilala at nagkapirmahan kami na ibibigay ang orig na OR/CR pagkatapos ng isang buwan. Anim na buwan na, puro palusot pa rin ang sinasabi. Ang mga manok na panabong ng kapitbahay",Neighbor Disputes
ko ay nakakulong sa tapat mismo ng bintana ng aming kusina. Sobrang baho ng dumi at napakaraming langaw na pumapasok sa aming pagkain. Nag-supply po ako ng mga gulay at karne sa,Money/Debt Disputes
karinderya ni Aling Myrna pero hindi niya binayaran ang huling tatlong delivery na nagkakahalaga ng anim na libong piso. Sabi niya wala pa siyang kita. Ayaw pong makipagtulungan ng kapatid ko sa,Family Matters
pag-aalaga at mga gastusin para sa aming paralisadong ama. Ako lahat ang sumasagot sa gamot at pagkain habang siya ay nagwawaldas lang ng pera. Pinasok po ng kapitbahay namin ang aming,Petty Criminal Offenses
bakuran nang walang pahintulot para kumuha ng mga panggatong at pinagpuputol ang aking mga tanim na halaman nang hindi man lang nagtatanong. Kumuha po ako ng online seller coordinator,Contract Disputes
para magbenta ng mga damit ko. Nagpadala ako ng mga items nagkakahalaga ng sampung libo pero hindi niya ako binalikan ng kita o ng mga unsold items. Nagsasagawa po ng welding shop sa loob ng,Neighbor Disputes
residential area ang kapitbahay ko. Ang talsik ng spark ay umaabot sa aming garahe at ang amoy ng sinusunog na bakal ay nagdudulot ng ubo sa amin. Humiram po ng pera para sa emergency,Money/Debt Disputes
medical operations ang kapitbahay ko. Nangakong magbabayad gamit ang kaniyang 13th month pay pero nung makuha niya ito ay ibinili lang niya ng bagong TV. Nag-aaway po kami ng aking pinsan tungkol sa,Family Matters
kung sino ang dapat magmay-ari ng lumang pwesto ng tindahan na iniwan ng aming lolo na walang kasulatan o testamento bago pumanaw. Gumawa po ng pekeng account sa Facebook,Petty Criminal Offenses
ang isang kakilala ko at ginamit ang aking mga larawan para manira ng ibang tao at magpakalat ng mga maling kwento tungkol sa aking personal na buhay. Ang lupa po na ibinenta sa amin nung,Property Disputes
nakaraang taon ay may ibang tao palang umaangkin ngayon at sinasabing peke ang pinanghahawakan naming pirma ng dating may-ari na kamag-anak din nila. Nagpa-renovate po ako ng banyo sa isang,Contract Disputes
"contractor. Kalahati pa lang ang nagagawa pero iniwan na nila ang trabaho dahil may nakuha silang mas malaking project, ayaw nilang ibalik ang sobra sa bayad. Ang puno ng niyog ng kapitbahay namin ay",Neighbor Disputes
"nakalaylay na sa ibabaw ng aming bubong. Ilang beses na kaming natutulugan ng tuyong niyog na nagdulot ng butas sa aming yero, ayaw naman nilang putulin. Hindi po ako binabayaran ng aking dating",Money/Debt Disputes
kasamahan sa trabaho para sa sinalihan niyang paluwagan sa opisina. Nakuha na niya ang kaniyang sahod nung unang buwan pero hindi na naghulog pagkatapos. Gusto po akong palayasin ng aking stepmother,Family Matters
sa bahay ng aking ama ngayong pumanaw na si tatay. Sinasabi niya na wala daw akong karapatan dito dahil hindi naman niya ako tunay na anak. Hinarangan po ng tricycle driver ang tapat ng,Petty Criminal Offenses
"gate namin at nung pakiusapan ko siyang iurong nang kaunti para makalabas ang sasakyan ko, pinagmumura niya ako at hinamon ng suntukan. Yung kapitbahay po namin ay nagtayo ng",Neighbor Disputes
"piggery sa likod ng bahay nila na dikit sa aming boundary line. Sobrang tindi po ng amoy ng dumi ng baboy, hindi kami makakain nang maayos sa aming kusina. May kasunduan po kami ng aking tenant na",Contract Disputes
"aalis siya sa katapusan ng buwan dahil gagamitin na ng pamilya ko ang pwesto, pero ngayon ay ayaw niyang lumabas at nagbanta pang magwawala. Lagi pong nagpaparada ng sasakyan ang",Neighbor Disputes
kapitbahay sa tapat mismo ng aming daanan ng sasakyan. Hirap na hirap po kaming magpasok at maglabas ng aming motorsiklo dahil sinasakop nila ang kalsada. Nagpautang po ako ng pera para sa puhunan,Money/Debt Disputes
sa palengke ng aking kaibigan. Sabi niya hahatiin namin ang kita buwan-buwan pero nung lumago ang negosyo ay ayaw na niyang magpakita sa akin. Pinagkakaitan po kami ng aking tita sa,Family Matters
"karapatan naming gumamit ng poso na nasa gitna ng aming magkakabit na compound, kahit pa ang lolo namin ang nagpagawa nun para sa aming lahat. Nag-post po sa social media ang katrabaho ko",Petty Criminal Offenses
ng mga mapanirang usapan na ako raw ay nagpupuslit ng mga gamit mula sa opisina. Sobrang naapektuhan po ang aking reputasyon at trabaho dahil dito. Yung dulo po ng pader ng aming katabi ay,Property Disputes
sumakop sa halos kalahating metro ng aming eskinita na siyang daanan ng mga residente papuntang barangay hall. Sobrang sikip na po tuloy ngayon. Bumili po ako ng cellphone sa isang online,Contract Disputes
"seller na may warranty daw ng anim na buwan. Sira po ang nakuha ko at nung ibinabalik ko para mapalitan, hinarangan na niya ang aking account. Yung mga bata po sa tapat namin ay laging",Neighbor Disputes
naglalaro ng basketball sa tapat ng bahay namin gamit ang improvised na ring. Ilang beses na nilang natamaan ang aming bintana at mga halaman. Sumalo po ako sa hulog ng isang motorsiklo,Money/Debt Disputes
"mula sa aking pinsan at nagbayad na ako ng malaking halaga, ngunit nung matapos ko ang hulog ay ayaw niyang ilipat sa pangalan ko ang mga papeles. Gusto po akong obligahin ng aking mga kapatid",Family Matters
"na bayaran ang lahat ng utang na naiwan ng aming mga magulang nung sila ay mamatay, kahit pa pare-pareho naman kaming nakinabang sa ari-arian nila. Sinasadya pong tapunan ng dumi ng pusa ng",Petty Criminal Offenses
aming kapitbahay ang aming bubong tuwing gabi upang inisin kami dahil nagreklamo kami dati tungkol sa kanilang maingay na videoke tuwing weekend. Inirereklamo ko po ang may-ari ng katabing,Neighbor Disputes
bakanteng lote dahil hinahayaan lang niyang tumubo ang matataas na talahib at pamugaran ng mga ahas at daga na lumilipat na sa loob ng bahay namin. Nagpagawa po ako ng pinto at bintana sa isang,Contract Disputes
welding shop at nagbigay na ng deposit para sa materyales. Lumipas ang tatlong linggo na lagpas sa deadline pero wala pa ring nadidiliber sa amin. Ang alagang manok ng kapitbahay namin ay,Neighbor Disputes
palaging pumapasok sa aming veranda at doon nangingitlog at dumudumi. Sinabihan ko na sila pero ang sagot ay hindi naman daw nila matatalian ang ibon. Nanghiram po ng pera sa akin ang isang,Money/Debt Disputes
"tricycle driver para ipagawa ang kaniyang gulong at nangakong huhulugan araw-araw mula sa pasada, ngunit isang linggo lang nagbayad at tuluyan nang nagtago. Pinag-aawayan po namin ng aking kapatid ang",Family Matters
pamamahagi ng kita mula sa paupahang kwarto na iniwan ng aming mga magulang. Solong kinukuha ng bunso ang bayad at ayaw magbigay sa amin. Tinakot po ako ng asawa ng aking kapitbahay,Petty Criminal Offenses
na sasaksakin daw niya ako kapag nakita pa niya akong nagdidilig sa gilid ng kalsada na malapit sa kanilang nakaparadang motorsiklo. Ang amin pong boundary line ay binago ng,Property Disputes
"katabing may-ari nung gumawa sila ng bagong drainage system, sinira nila ang lumang landmark at nilagpasan ang tamang sukat ng kanilang lote. Nag-arkila po kami ng resort para sa isang",Contract Disputes
"family reunion at nagbayad na ng reservation fee. Pagdating namin doon, may ibang gumagamit at ayaw kaming papasukin o ibalik ang aming pera. Ang mga nangungupahan sa tapat ng bahay",Neighbor Disputes
"namin ay laging nagtatambay sa tapat ng aming bintana habang nagsisigarilyo, pumapasok po ang mabahong usok sa loob at nahihirapan ang nanay kong matanda. Nangutang po ang aking katrabaho ng pambili",Money/Debt Disputes
ng gatas ng kaniyang anak. Isang taon na ang nakalipas at nakalipat na siya ng ibang kumpanya ngunit hindi pa rin binabayaran ang kaniyang utang. Inirereklamo ko po ang aking tiyo dahil,Family Matters
ginagamit niya ang pangalan ng aking yumaong ama upang kumuha ng mga donasyon at tulong pinansyal mula sa mga kamag-anak namin sa ibang bansa. Binaligtad po ako ng aking kapitbahay sa,Petty Criminal Offenses
"pamamagitan ng pagkalat ng kwento na ako raw ang nagnakaw ng kaniyang mga pananim na orchids, dahilan upang pag-usapan ako ng masama sa aming purok. Gusto pong kunin ng isang developer ang maliit",Property Disputes
"na bahagi ng aming bakuran para daw sa gagawing kalsada ng subdivision, pero wala naman silang pinapakitang kaukulang permit o bayad sa amin. May kontrata kami sa isang mananahi para sa",Contract Disputes
mga uniporme ng aming shop. Lagpas na sa napagkasunduang petsa at bayad na ang materyales pero kalahati pa lang ang natatapos niya. Yung mga kabataan po na nakatira sa dulo ng,Neighbor Disputes
"eskinita ay madalas maglaro ng online games sa labas ng bahay namin hanggang madaling araw, sobrang ingay at nagmumura pa tuwing natatalo sila. Humiram po ng pera ang may-ari ng sari-sari",Money/Debt Disputes
store para daw sa pandagdag ng kaniyang grocery items. Ilang buwan na ang lumipas at malakas naman ang kaniyang benta pero ayaw niyang magbayad. Inirereklamo ko po ang aking nakatatandang,Family Matters
kapatid dahil pinagmamalupitan niya ang aming bunsong kapatid na may kapansanan sa pag-iisip tuwing lasing siya at umuuwi sa aming bahay. Sinadya pong sirain ng kapitbahay ko ang,Petty Criminal Offenses
aming doorbell sa pamamagitan ng pagpukpok nito ng bato dahil daw naiingay siya tuwing may nagdedeliver ng mga order namin sa online shop. May hindi pagkakaunawaan po kami tungkol sa,Property Disputes
right-of-way dahil ang tanging daanan po namin palabas ng aming compound ay nilagyan ng gate ng may-ari ng lupang nasa unahan namin ngayon. Nag-avail po ako ng package para sa,Contract Disputes
"pag-aayos ng mukha at buhok para sa kasal ng kapatid ko, ngunit hindi sumipot ang makeup artist sa tamang oras kaya na-late kami at nasira ang schedule. Nagtatapon po ng maruming tubig mula sa",Neighbor Disputes
paglalaba ang kapitbahay namin diretso sa aming eskinita kaya palaging madulas at mabaho ang daanan ng mga tao sa aming lugar araw-araw. Nagpautang po ako ng pera sa aking kumare,Money/Debt Disputes
"gamit ang kaniyang gintong alahas bilang sangla, pero nalaman ko na peke pala ang alahas nung sinubukan kong ipasuri ito sa pawnshop. Nag-aaway po kaming magkakapatid dahil",Family Matters
ayaw ibigay ng isa naming kasama sa bahay ang share ng aming bunso mula sa perang ipinapadala ng aming ate na nagtatrabaho sa ibang bansa. Pinasok po ng hindi kilalang tao ang aking,Petty Criminal Offenses
bakuran at nung sinita ko ay pinagmumura ako at sinabing wala akong karapatang magpalayas sa kaniya dahil kalsada daw ang pwesto na tinitindigan niya. Ang aming boundary fence ay bigla na lang,Property Disputes
giniba ng katabi naming lote habang kami ay nasa trabaho upang magtayo sila ng sarili nilang pader na pumasok na sa loob ng sukat ng lupain ko. May kasunduan kami ng isang ahente na,Contract Disputes
"ibibigay niya ang komisyon ko sa paghahanap ng mamimili ng kaniyang kotse. Matapos mabili ang sasakyan, hindi na niya ako sinasagot sa tawag. Yung mga nakatira sa itaas ng aming",Neighbor Disputes
"inuupahang kwarto ay palaging nagpupukpok ng kung ano-ano tuwing gabi, dahilan upang magising ang aking sanggol at hindi kami makapagpahinga nang maayos. Nanghiram po ng limang libo sa akin ang isang",Money/Debt Disputes
"vendor sa palengke para pambayad sa kaniyang pwesto. Isang taon na ang nakalipas, tuwing dadaan ako ay tinataguan niya ako sa ibang stall. Ayaw pong pirmahan ng aking tiyo ang papeles",Family Matters
"para sa waiver of rights ng lupa na matagal nang ibinigay ng lolo namin sa aking ina, humihingi po siya ng malaking halaga bago pumirma. Sinabihan po ako ng aking kapitbahay ng",Petty Criminal Offenses
"""baog"" at ""walang kwentang babae"" sa gitna ng daan habang maraming tao ang nakakarinig, na nagdulot sa akin ng matinding kahihiyan at iyak. Yung drainage pipe po ng katabing commercial",Neighbor Disputes
building ay nakatutok sa aming pribadong lote kaya doon bumubuhos ang lahat ng maruming tubig at basurang galing sa kanilang pasilidad. Nagpagawa po ako ng kusina sa isang mason,Contract Disputes
at nagbayad na ng pambili ng semento at graba. Kinuha niya ang pera pero hindi na bumalik upang tapusin ang natitirang kalahati ng trabaho. Ang alagang kambing ng kapitbahay namin ay,Neighbor Disputes
"hinahayaang makalag sa gabi at kinakain ang aking mga pananim na gulay at bulaklak sa aking bakuran, ilang beses ko na silang sinabihan tungkol dito. Kumuha po ng paninda sa aking online shop",Money/Debt Disputes
"ang isang reseller at nangakong magbabayad matapos ang isang linggo, pero lumipas na ang buwan ay blinock na ako sa lahat ng social media accounts niya. Inirereklamo ko po ang aking amain dahil palagi",Family Matters
niyang kinukuha ang pera ng aking ina na kita mula sa paglalaba para lang ipambili ng alak at ipangtaya sa iligal na sabong dito sa amin. Sinasadya pong harangan ng motorsiklo ng,Petty Criminal Offenses
"kapitbahay ang tapat ng aming pintuan upang hindi kami makalabas nang maayos, nung pakiusapan ko ay nagbanta pa silang reresbakan ako ng pamilya niya. Gusto pong bakuran ng aming katabi ang",Property Disputes
"bahagi ng lupang matagal nang itinalagang pampublikong eskinita ng aming komunidad, dahilan upang mawalan ng daanan ang mahigit sampung pamilya. Nag-arkila po ako ng pwesto para sa aking",Contract Disputes
maliit na negosyo at nagbayad ng dalawang buwang deposit. Biglang binawi ng may-ari ang pwesto pagkalipas ng isang linggo at ayaw ibalik ang deposit ko. Yung usok at amoy po mula sa ihawan ng,Neighbor Disputes
barbecue ng aming kapitbahay ay direktang pumapasok sa aming sala tuwing hapon. Sumasakit po ang ulo namin gabi-gabi dahil sa tindi ng amoy ng sunog. Nanghiram po ng pitong libo ang aking bayaw,Money/Debt Disputes
para daw sa pagpaparehistro ng kaniyang sasakyan. Lumipas na ang itinakdang buwan ng bayaran pero wala pa rin siyang kusa na magsauli ng pera. Nagkakagulo po kaming magpipinsan dahil sa,Family Matters
pamana ng aming lolo na isang kalabaw at mga kagamitan sa bukid. Ayaw po kasing ipagamit ng nakatatandang pinsan sa iba naming kasamahan. Pinagbantaan po ako ng isang lalaki sa aming,Petty Criminal Offenses
purok na raratratin daw niya ang aking bahay matapos magkaroon ng simpleng sagutan ang aming mga anak habang naglalaro sa labas ng kalsada. Yung bagong pader na itinayo ng katabi namin,Property Disputes
"ay sumakop sa easement o dalampasigan ng sapa na katabi ng aming lote, na naging dahilan upang masira ang proteksyon namin laban sa baha. Nagkasundo kami ng isang tsuper na ihahatid",Contract Disputes
niya ang aming mga produkto sa Maynila. Nag-advance ako ng pambili ng krudo pero hindi siya sumipot sa takdang oras at hindi na macontact. Ang videoke po sa tapat namin ay walang tigil,Neighbor Disputes
kahit lampas alas-dose na ng gabi tuwing may birthday. Hindi po makatulog ang aking lola na may sakit sa puso dahil sa lakas ng bass ng sound system. Nangutang po sa akin ang aking kapitbahay,Money/Debt Disputes
"para daw pambili ng bigas at ulam nung mawalan ng trabaho ang asawa niya. Ngayong may trabaho na silang dalawa, ayaw na nilang bayaran ang utang nila. Inirereklamo ko po ang aking kapatid dahil",Family Matters
palagi niyang binebenta ang mga kagamitan sa loob ng aming ancestral home nang walang pahintulot mula sa aming iba pang mga magkakapatid. Pinaratangan po ako ng aking biyenan na ako,Petty Criminal Offenses
raw ay nangungurakot sa sweldo ng aking asawa at pinagkakalat ito sa aming mga kapitbahay na nagdulot ng malaking pinsala sa aking dangal. Ang sanga po ng puno ng santol ng aming,Neighbor Disputes
"katabi ay nakalaylay na sa aming bakuran at nagpababagsak ng mga uod at bulok na prutas sa aming garahe, ayaw naman nilang payagang putulin namin ito. May kontrata kami sa isang gumagawa ng",Contract Disputes
aluminum window para sa aming bahay. Nagbayad na ako ng down payment pero lumipas ang isang buwan ay wala pa ring ginagawa o dalang materyales. Ang alagang pusa ng kapitbahay ko ay,Neighbor Disputes
palaging pumapasok sa aming kusina at ninanakaw ang aming mga ulam na nakahanda sa lamesa. Ilang beses ko na silang sinabihan na ikulong ito. Nagpahiram po ako ng pera sa aking katrabaho,Money/Debt Disputes
na pambili daw niya ng gamot para sa kaniyang anak. Nalaman ko na lang sa iba na ipinansugal lang pala niya ito sa online casino. Inirereklamo ko po ang aking tiya dahil ayaw,Family Matters
niyang ibigay ang bahagi ng aking yumaong ina mula sa benta ng lupain na ipinamana ng aming mga nuno na matagal nang naibenta. Sinadya pong gasgasan ng isang tinedyer ang,Petty Criminal Offenses
"aking bagong biling motorsiklo habang ito ay nakapark sa tapat ng aming bahay. Sabi ng mga nakakita, ginawa niya ito dahil sa utos ng kaniyang tropa. Ang sukat po ng kalsada na ibinigay sa amin",Property Disputes
bilang right-of-way ay unti-unting pinapakitid ng katabing may-ari sa pamamagitan ng paglalagay ng mga malalaking paso ng halaman sa gilid. Kumuha po ako ng aircon cleaning service para,Contract Disputes
"sa tatlong unit sa aming bahay. Matapos nilang linisin, hindi na gumagana ang dalawang unit at ayaw nilang panagutan ang sira ng mga ito. Nagpapatugtog po ng napakalakas na sound",Neighbor Disputes
system ang kapitbahay namin tuwing alas-singko pa lang ng umaga araw-araw. Nagigising po ang aking mga anak na panggabi ang pasok sa trabaho. Nanghiram po ng limang libo sa akin ang aking,Money/Debt Disputes
kaibigan para daw sa pagpapasuri ng kaniyang asawa sa ospital. Lumipas ang anim na buwan pero nakikita ko siyang nag-iinuman gabi-gabi. Nag-aaway po kaming magkakapatid dahil,Family Matters
"ayaw pirmahan ng panganay namin ang bentahan ng maliit na lote na gagamitin sana namin pampagamot sa aming maysakit na magulang. Minura po ako at tinawag na ""walang hiya"" ng",Petty Criminal Offenses
aking kapitbahay sa harap ng aking mga anak dahil lang sa hindi ko pagpapahiram sa kaniya ng aming hagdanan nung nakaraang linggo. Ang aming katabi ay nagtayo ng septic tank na,Neighbor Disputes
"napakalapit sa aming poso ng tubig. Ngayon po ay may kakaibang amoy at kulay na ang tubig na lumalabas sa aming gripo, delikado sa kalusugan. Nag-arkila po kami ng kasuotan para sa",Contract Disputes
"graduation ng anak ko at nag-iwan ng security deposit. Nung ibalik namin nang maayos ang damit, ayaw nang ibalik ng shop ang aming deposit. Ang basura po ng kabilang purok ay sadyang",Neighbor Disputes
itinatapon sa tapat ng aming bakanteng lote tuwing gabi. Naging tambakan na po tuloy ng dumi ang lugar at umaalingasaw ang amoy sa amin. Kumuha po ng grocery items sa aking tindahan,Money/Debt Disputes
ang aking kapitbahay na nagkakahalaga ng apat na libo. Sabi niya babayaran niya sa katapusan pero ngayon ay lumilipat na siya ng ibang tirahan. Inirereklamo ko po ang aking asawa dahil,Family Matters
"palagi niyang kinuha ang aming perang pangkain upang ibigay sa kaniyang mga magulang at kapatid, dahilan upang magutom ang sarili naming mga anak. Hinamon po ako ng suntukan ng isang lalaki sa",Petty Criminal Offenses
aming eskinita habang hawak ang isang matalim na piraso ng bakal matapos ko siyang sawayin sa pagpapatakbo ng motor nang mabilis sa lugar. Ang bakod po ng aming katabi ay pumasok na,Property Disputes
sa sukat ng aming lote nung muli nilang ipagawa ito gamit ang hollow blocks. Kitang-kita po sa aming lumang titulo na nabawasan ang aming pwesto. May kasunduan kami ng isang online seller na,Contract Disputes
magsu-supply siya ng mga sapatos para sa aking boutique. Nagbayad na ako ng buo pero walang dumating na package at hindi na siya sumasagot. Ang tambutso po ng generator ng katabi,Neighbor Disputes
"naming shop ay nakatutok mismo sa bintana ng aming kwarto. Tuwing may brownout, pumapasok ang maitim na usok at ingay na nakakahilo sa amin. Inirereklamo ko po ang aking pinsan dahil",Family Matters
patuloy niyang ginagamit ang aming ancestral home bilang kaniyang talyer nang walang abiso at walang ibinibigay na upa sa ibang magkakapatid. Pinagbintangan po ako ng aking katabi na ako,Petty Criminal Offenses
"raw ang sumira ng kaniyang pananim na halaman, kaya pinarating niya ito sa social media at siniraan ako sa aming buong kapitbahayan. Nagpa-install po ako ng internet connection sa",Contract Disputes
isang lokal na provider at nagbayad ng paunang singil. Dalawang buwan na ang nakalipas pero wala pa ring dumarating na technician para magkabit. Ang mga manok na panabong ng kapitbahay,Neighbor Disputes
"ko ay laging tumilaok tuwing madaling araw sa tapat mismo ng aming bintana, dahilan upang magising ang aking asawa na galing sa panggabing trabaho. Nagpautang po ako ng sampung libo sa aking",Money/Debt Disputes
kapitbahay para sa puhunan niya sa pagtitinda ng isda. Malakas naman ang kaniyang negosyo pero kapag sisingilin ko ay laging walang pera daw siya. Inirereklamo ko po ang aking tita dahil palagi,Family Matters
"niyang pinagagalitan at pinapalayas ang aking matandang lola sa bahay na ari naman talaga ng lola ko, dahil lang sa usapin ng pera. Sinadya pong basagin ng isang lasing ang",Petty Criminal Offenses
bumbilya sa tapat ng aming gate nung nakaraang gabi habang nagwawala siya sa kalsada. Natatakot po kami dahil naging madilim ang aming tapat. Ang katabi po naming lote ay nagtayo ng,Property Disputes
extension ng kanilang bubong na walang gutter kaya tuwing uulan ay diretso ang bagsak ng tubig sa aming bakod at sumisira sa aming mga halaman. Nagkasundo kami ng isang driver na hihilain,Contract Disputes
ang aking nasirang kotse papuntang talyer. Nagbayad ako ng pauna pero iniwan niya ang sasakyan ko sa gilid ng highway at hindi na bumalik. Yung kapitbahay po namin ay naglalaba sa,Neighbor Disputes
"labas ng kaniyang bahay at ang maruming tubig na may sabon ay pinapaagos sa tapat ng aming pintuan, na nagiging sanhi ng madulas na daanan. Nangutang po ng pera ang aking katrabaho",Money/Debt Disputes
"para daw sa kaniyang monthly amortization ng bahay. Isang taon na ang nakalipas, hindi pa rin siya nagbabayad at umiiwas na tuwing breaktime. Nag-aaway po kaming magkakapatid dahil sa",Family Matters
naiwang alahas ng aming ina. Solong kinuha ng aming ate ang lahat ng ginto at ayaw niyang bigyan ng share ang kaniyang dalawang kapatid. Sinalubong po ako ng aking kapitbahay at,Petty Criminal Offenses
pinagbantaan na bubugbugin daw niya ako kapag nakita pa niya akong nakikipag-usap sa kaniyang asawa tungkol sa kanilang utang sa akin. Yung dulo po ng bubong ng garahe ng aming,Property Disputes
"katabi ay lumagpas na sa aming boundary line at nakatutok na sa aming bintana, na nagdudulot ng kawalan ng hangin at liwanag sa aming sala. Nagpagawa po ako ng pustiso sa isang dental",Contract Disputes
"clinic at nagbayad na ng deposit. Nung isukat ko ay hindi kasya at masakit, pero ayaw na nilang ayusin o ibalik ang aking ibinayad. Ang alagang aso ng kapitbahay namin ay",Neighbor Disputes
"laging hinahayaang umihi sa aming gulong ng sasakyan gabi-gabi. Sobrang baho po at nakakasira ng rim, sinabihan ko na sila pero walang aksyon. Kumuha po ng mga sako ng semento sa aking",Money/Debt Disputes
"hardware store ang isang sub-contractor at nangakong babayaran pagkatapos ng isang linggo. Tatlong buwan na ang nakalipas, hindi pa rin nagbabayad. Inirereklamo ko po ang aking ama dahil palagi",Family Matters
"niyang ibinebenta ang mga gamit sa bahay para lang may pambili ng alak, kahit pa ang mga gamit na iyon ay binili mula sa aking sariling sweldo. Pinagbintangan po ako ng aking katabi na ako",Petty Criminal Offenses
"raw ang nagpakalat ng tsismis na may kabit ang kaniyang asawa, kaya pumunta siya sa tapat ng bahay ko at pinagmumura ako sa harap ng tao. Ang kalsada po na patungo sa aming sakahan",Property Disputes
"ay hinarangan ng malalaking bato ng may-ari ng katabing lupa upang hindi makadaan ang aming kuliglig, na nagpapatagal sa aming pag-aani. Kumuha po ako ng aircon unit sa isang",Contract Disputes
"appliance store na may promo na free installation. Nung dumating ang technician, siningil pa rin ako ng tatlong libo at nung tumanggi ako ay umalis sila. Yung mga transient workers sa katabing bahay",Neighbor Disputes
"ay laging nagkakantahan gamit ang bluetooth speaker sa labas hanggang alas-tres ng madaling araw, nakakaabala sa pagtulog ng buong pamilya. Nanghiram po ng pera ang aking pinsan para",Money/Debt Disputes
daw sa placement fee niya papuntang abroad. Hindi siya natuloy umalis pero ayaw din niyang ibalik ang pera ko na galing sa aking ipon. Nag-aaway po ang aking mga magulang dahil,Family Matters
"sa perang ipinapadala ng kuya ko mula sa barko. Solong kinukuha ni tatay ang pera at ipinapansugal, habang walang pambili ng gamot si nanay. Sinadya pong laslasin ng isang hindi kilalang",Petty Criminal Offenses
"tao ang upuan ng aking tricycle habang ito ay nakaparada sa tapat ng aming bahay nung nakaraang gabi, na nagdulot ng malaking perwisyo sa akin. Yung drainage system po na ginagawa ng",Property Disputes
"aming kapitbahay ay sumira sa pundasyon ng aming bakod, dahilan upang magkaroon ng malalaking lamat ang pader at nanganganib na matumba ito. Nagkasundo kami ng isang mananahi na",Contract Disputes
gagawa ng mga gown para sa aking mga bridesmaids. Nagbayad ako ng down payment pero nung araw ng kasal ay kulang at hindi tapos ang mga damit. Ang kapitbahay po namin ay nagtatambak ng,Neighbor Disputes
mga lumang gulong at bakal sa gilid ng kalsada na tapat ng aming bahay. Pinamumugaran na po ito ng mga lamok na may dengue ngayon. Humiram po ng pera sa akin ang aking kumare,Money/Debt Disputes
para sa pagpaparehistro ng kaniyang sari-sari store. Ilang buwan na ang nakalipas at malakas naman ang benta niya pero ayaw niyang magbayad. Inirereklamo ko po ang aking tiyo dahil palagi,Family Matters
niyang pinagbabantaan ang aking ina na kukunin niya ang bahagi ng lupa na matagal nang ibinigay sa amin ng aming lolo bago mamatay. Pinaratangan po ako ng aking katabi na ako,Petty Criminal Offenses
"raw ang nagnakaw ng kaniyang alagang pusa, dahilan upang pumunta siya sa aking opisina at mag-iskandalo sa harap ng aking mga katrabaho. Ang boundary line po ng aming lupa ay",Property Disputes
"pinalabas ng katabi namin na nabawasan nung maglagay sila ng bagong pananda, sinakop nila ang bahagi ng aming bakuran na may mga pananim. Bumili po ako ng segunda manong laptop sa",Contract Disputes
isang kakilala at nagkasundo kami na may dalawang linggong warranty. Nasira ang motherboard pagkalipas ng tatlong araw pero ayaw niyang ibalik ang pera. Ang mga bata po sa tapat namin ay laging,Neighbor Disputes
"naglalaro ng sipa sa tapat ng aming bahay at palaging tumatama ang bola sa aming sasakyan, nagdulot na ito ng ilang mga yupi at gasgas sa pinto. Nagpautang po ako ng pera sa aking",Money/Debt Disputes
"kapitbahay para daw sa pambili ng ticket ng kaniyang anak na magtatrabaho sa Manila. Ngayong nakasweldo na ang anak niya, ayaw pa rin niyang magbayad. Inirereklamo ko po ang aking kapatid dahil",Family Matters
"ayaw niyang makipagtulungan sa pagbabayad ng buwis ng aming ancestral home, kahit pa siya naman ang solong nakatira doon nang libre. Tinakot po ako ng isang lalaki sa aming purok",Petty Criminal Offenses
na babasagin daw niya ang aking mukha matapos ko siyang sawayin sa pagtatapon ng upos ng sigarilyo sa loob ng aking bakuran. Yung nakatira po sa unahan ng aming eskinita,Property Disputes
"ay nagtayo ng gate na may lock kaya hindi kami makadaan kapag gabi na at sarado na ang gate, lalo na kapag may emergency sa pamilya. Kumuha po ako ng paggawa ng gate sa isang",Contract Disputes
talyer at nagbayad na ng paunang singil para sa bakal. Dalawang buwan na ang nakalipas pero wala pa ring nadidiliber o nagagawa sa bahay namin. Ang aircon po ng katabi naming kwarto sa,Neighbor Disputes
"apartment ay sobrang tindi ng tulo ng tubig na diretso sa aming bintana, gumagawa ng ingay at nagiging sanhi ng amag sa aming dingding. Nangutang po sa akin ang aking katrabaho ng",Money/Debt Disputes
pera para daw sa kaniyang emergency medical expenses. Nalaman ko na lang sa kaniyang social media na nagbakasyon pala siya sa Boracay. Nag-aaway po kaming magkakamag-anak dahil,Family Matters
sa pamamahagi ng mga gamit mula sa naiwang tindahan ng aming lola. Solong kinukuha ng tita ko ang lahat ng kita at ayaw magbigay sa amin. Sinadya pong basagin ng kapitbahay ko ang,Petty Criminal Offenses
"paso ng aking mga halaman sa labas ng bahay dahil daw nakaharang ito sa kalsada, kahit na nasa loob naman ito ng sukat ng aking bakuran. May kontrata kami sa isang gumagawa ng",Contract Disputes
sapatos para sa aming sayaw sa paaralan. Nagbayad na kami ng down payment pero nung araw ng kompetisyon ay hindi pa rin tapos ang mga sapatos. Ang kapitbahay po namin ay nag-aalaga ng,Neighbor Disputes
"mga kalapati at ang kanilang mga dumi ay palaging nagbabagsakan sa aming bubong at mga sinampay na damit, napakabaho at mahirap labhan. Humiram po ng pera ang aking bayaw para",Money/Debt Disputes
daw sa kaniyang lisensya sa pagmamaneho. Isang taon na ang nakalipas pero tuwing sisingilin ko ay laging nagagalit at nagbabanta pa sa akin. Inirereklamo ko po ang aking asawa dahil,Family Matters
palagi niyang kinukuha ang aking perang pangkabuhayan mula sa pagtitinda upang ibili ng sigarilyo at alak para sa kaniyang mga barkada. Pinaratangan po ako ng aking katabi na ako,Petty Criminal Offenses
"raw ang sumira ng kaniyang CCTV camera, kaya nagwawala siya sa tapat ng bahay ko at pinagmumura ako sa harap ng aking mga kapitbahay. Yung nakatira po sa likod namin ay nagtayo ng",Property Disputes
"pader na humaharang sa natural na daluyan ng sapa, na naging dahilan upang bumaha sa loob ng aming bahay tuwing may kaunting ulan lang. Nagpa-renovate po ako ng kusina sa isang",Contract Disputes
mason at nagbayad na ng pambili ng mga tile at semento. Kinuha niya ang pera pero hindi na nagpakita upang simulan ang natitirang trabaho. Ang videoke po sa katabing bahay ay palaging,Neighbor Disputes
napakalakas tuwing gabi kahit lampas hatinggabi na. Hindi po makatulog ang aking anak na may exam kinabukasan sa kaniyang unibersidad. Nanghiram po ng pera ang aking kapitbahay,Money/Debt Disputes
"para daw sa pambayad sa kuryente dahil mapuputulan na sila. Anim na buwan na ang nakalipas, puro palusot pa rin ang sinasabi niya tuwing sisingilin ko. Inirereklamo ko po ang aking nakatatandang",Family Matters
kapatid dahil ayaw niyang ibigay ang share ng aming bunso mula sa perang ipinamana ng aming mga magulang na nakatago sa kaniyang bank account. Sinadya pong pukpukin ng bato ng isang lasing,Petty Criminal Offenses
"ang aking sasakyan habang ito ay nakapark sa tapat ng aming bahay nung nakaraang gabi, na nagdulot ng malalim na gasgas sa may pinto. Ang boundary fence po ng aming katabi ay",Property Disputes
lumagpas na sa sukat ng aming lote nung muli nilang ipagawa ito gamit ang bakal. Kitang-kita po sa aming lumang titulo na nabawasan ang aming lupa. Bumili po ako ng segunda manong motorsiklo,Contract Disputes
"sa isang kakilala at nagkasundo kami na ibibigay ang mga papeles pagkatapos ng isang linggo. Tatlong buwan na, puro rason pa rin ang sinasabi. Ang mga manok na panabong ng kapitbahay",Neighbor Disputes
ko ay nakakulong sa tapat mismo ng aming bintana ng sala. Sobrang baho ng dumi at napakaraming langaw na pumapasok sa loob ng aming bahay. Nagpautang po ako ng pera sa aking kumare,Money/Debt Disputes
para sa puhunan niya sa pagtitinda ng prutas. Malakas naman ang kaniyang negosyo pero kapag sisingilin ko ay laging tinataguan niya ako sa palengke. Inirereklamo ko po ang aking biyenan dahil,Family Matters
palagi niyang pinagkakaitan ang aking mga anak ng karapatang maglaro sa compound na ari naman ng aking yumaong asawa na kaniyang anak. Tinakot po ako ng aking kapitbahay na,Petty Criminal Offenses
sasaksakin daw niya ako kapag nakita pa niya akong nagwawalis sa tapat ng kalsada na malapit sa kanilang nakaparadang tricycle araw-araw. Yung nakatira po sa unahan namin ay naglagay,Property Disputes
ng mga lumang kahoy at bakal sa gitna ng eskinita na siyang nagpapasikip sa daan ng mga tao at nagdudulot ng aksidente kapag gabi. Nagpa-install po ako ng solar panel sa isang,Contract Disputes
kumpanya at nagbayad ng paunang singil. Tatlong buwan na ang nakalipas pero wala pa ring dumarating na engineer para magkabit nito. Ang tambutso po ng motor ng katabi namin ay,Neighbor Disputes
"sadyang napakaingay lalo na kapag madaling araw na siya umuuwi sa kanilang bahay, ginigising niya ang buong pamilya ko gabi-gabi. Humiram po ng pera ang aking katrabaho para",Money/Debt Disputes
daw sa emergency medical operations ng kaniyang nanay. Nalaman ko na lang sa iba na ipinambili lang pala niya ito ng bagong cellphone. Nag-aaway po kaming magkakapatid dahil sa,Family Matters
pamamahagi ng kita mula sa lupang sakahan na iniwan ng aming mga magulang. Solong kinukuha ng panganay ang benta at ayaw magbigay sa amin. Pinaratangan po ako ng aking katabi na ako,Petty Criminal Offenses
"raw ang nagnakaw ng kaniyang mga sampaguita, dahilan upang mag-iskandalo siya sa harap ng aking bahay at magmura sa harap ng aking mga anak. Ang sukat po ng kalsada na ibinigay sa amin",Property Disputes
bilang right-of-way ay unti-unting pinapakitid ng katabing may-ari sa pamamagitan ng paglalagay ng mga malalaking semento sa gilid ng daan. Kumuha po ako ng catering service para sa,Contract Disputes
"kaarawan ng aking anak at nagbayad na ng buo. Nung araw ng okasyon, kulang ang pagkain at panis pa ang ilang ulam na dinala nila sa amin. Ang mga nangungupahan sa tapat ng bahay",Neighbor Disputes
"namin ay laging nagtatapon ng kanilang basura sa gilid ng aming bakod imbes na mag-antay ng truck, sobrang baho na po ng pwesto namin ngayon. Nangutang po ng pera ang aking kapitbahay",Money/Debt Disputes
"para daw sa pambili ng bigas nung mawalan ng trabaho ang asawa niya. Ngayong may trabaho na silang dalawa, ayaw na nilang bayaran ang utang nila. Inirereklamo ko po ang aking tiyo dahil palagi",Family Matters
niyang pinagmamalupitan ang aking matandang ina tuwing nag-aaway sila tungkol sa bahagi ng lupa na iniwan ng aming mga nuno. Sinadya po akong harangan ng motorsiklo ng,Petty Criminal Offenses
"kapitbahay upang hindi ko mailabas ang aking kotse, nung pakiusapan ko ay nagbanta pa silang reresbakan ako ng kaniyang mga kaibigan. Yung nakatira po sa likod ng bahay namin ay",Property Disputes
nagtayo ng extension ng bubong na walang gutter kaya tuwing uulan ay diretso ang bagsak ng tubig sa aming bakuran at binabaha kami. May kontrata kami sa isang gumagawa ng,Contract Disputes
aluminum door para sa aming tindahan. Nagbayad na ako ng down payment pero lumipas ang isang buwan ay wala pa ring ginagawa o dalang materyales. Ang alagang aso ng kapitbahay namin ay,Neighbor Disputes
"laging hinahayaang makalag sa gabi at dumi ng dumi sa tapat ng aming gate, ilang beses ko na silang sinabihan tungkol dito pero walang nangyari. Kumuha po ng paninda sa aking online shop",Money/Debt Disputes
"ang isang reseller at nangakong magbabayad matapos ang isang linggo, pero lumipas na ang buwan ay blinock na ako sa kaniyang Messenger account. Nag-aaway po kaming magkakapatid dahil",Family Matters
ayaw pirmahan ng aming ate ang bentahan ng maliit na lote na gagamitin sana namin pampagamot sa aming maysakit na tatay sa ospital. Sinadya pong gasgasan ng isang tinedyer ang,Petty Criminal Offenses
"aking bagong biling motorsiklo habang ito ay nakapark sa tapat ng aming bahay, nakita po siya ng aking anak nung nakaraang gabi. Ang boundary line po ng aming lupa ay binago",Property Disputes
"ng katabi namin nung magtayo sila ng bagong drainage system, sinira nila ang lumang landmark at nilagpasan ang tamang sukat. Nag-arkila po kami ng resort para sa family",Contract Disputes
"reunion at nagbayad na ng reservation fee. Pagdating namin doon, may ibang gumagamit at ayaw kaming papasukin o ibalik ang pera. Ang mga nangungupahan sa tapat ng bahay",Neighbor Disputes
"namin ay laging nagtatambay sa labas habang nagsisigarilyo, pumapasok po ang usok sa loob ng bahay at nahihirapan ang nanay kong maysakit. Nangutang po ang aking katrabaho ng pambili",Money/Debt Disputes
ng gatas ng kaniyang anak. Isang taon na ang nakalipas at nakalipat na siya ng ibang kumpanya ngunit hindi pa rin binabayaran ang utang. Inirereklamo ko po ang aking pinsan dahil,Family Matters
patuloy niyang ginagamit ang aming ancestral home bilang kaniyang talyer nang walang abiso at walang ibinibigay na upa sa amin. Binaligtad po ako ng aking kapitbahay sa,Petty Criminal Offenses
"pamamagitan ng pagkalat ng kwento na ako raw ang nagnakaw ng kaniyang manok, dahilan upang pag-usapan ako ng masama sa buong purok. Gusto pong kunin ng isang developer ang maliit",Property Disputes
"na bahagi ng aming bakuran para daw sa gagawing kalsada ng subdivision, pero wala naman silang pinapakitang permit sa amin. May kontrata kami sa isang mananahi para sa",Contract Disputes
mga uniporme ng aming shop. Lagpas na sa napagkasunduang petsa pero kalahati pa lang ang natatapos niya sa mga order namin. Yung mga kabataan po na nakatira sa dulo ng,Neighbor Disputes
"eskinita ay madalas maglaro ng online games sa labas ng bahay namin hanggang madaling araw, sobrang ingay at nagmumura pa sila doon. Humiram po ng pera ang may-ari ng sari-sari",Money/Debt Disputes
store para daw sa pandagdag ng kaniyang grocery items. Ilang buwan na ang nakalipas pero ayaw pa rin niyang magbayad sa akin. Inirereklamo ko po ang aking nakatatandang,Family Matters
kapatid dahil pinagmamalupitan niya ang aming bunsong kapatid na may kapansanan tuwing lasing siya at umuuwi sa aming bahay. Sinadya po ng kapitbahay ko na sirain ang,Petty Criminal Offenses
aming doorbell sa pamamagitan ng pagpukpok nito ng bato dahil daw naiingay siya tuwing may nagdedeliver ng mga order namin dito. May hindi pagkakaunawaan po kami tungkol sa,Property Disputes
right-of-way dahil ang tanging daanan po namin palabas ng aming compound ay nilagyan ng gate ng may-ari ng lupang nasa unahan. Nag-avail po ako ng package para sa,Contract Disputes
"pag-aayos ng mukha at buhok para sa kasal ng kapatid ko, ngunit hindi sumipot ang makeup artist sa tamang oras kaya na-late kami nang husto. Nagtatapon po ng maruming tubig mula sa",Neighbor Disputes
paglalaba ang kapitbahay namin diretso sa aming eskinita kaya palaging madulas at mabaho ang daanan ng mga tao rito araw-araw. Nagpautang po ako ng pera sa aking kumare,Money/Debt Disputes
"gamit ang kaniyang gintong alahas bilang sangla, pero nalaman ko na peke pala ang alahas nung sinubukan ko itong ipasuri sa pawnshop. Nag-aaway po kaming magkakapatid dahil",Family Matters
ayaw ibigay ng isa naming kasama sa bahay ang share ng aming bunso mula sa perang ipinapadala ng aming ate mula sa ibang bansa. Pinasok po ng hindi kilalang tao ang aking,Petty Criminal Offenses
bakuran at nung sinita ko ay pinagmumura ako at sinabing wala akong karapatang magpalayas sa kaniya sa kalsada na pwesto niya. Ang aming boundary fence ay bigla na lang,Property Disputes
giniba ng katabi naming lote habang kami ay nasa trabaho upang magtayo sila ng sarili nilang pader na pumasok na sa lupa ko. May kasunduan kami ng isang ahente na,Contract Disputes
"ibibigay niya ang komisyon ko sa paghahanap ng mamimili ng kaniyang kotse. Matapos mabili ang sasakyan, hindi na niya ako sinasagot ngayon. Yung mga nakatira po sa itaas ng aming",Neighbor Disputes
"inuupahang kwarto ay palaging nagpupukpok ng kung ano-ano tuwing gabi, dahilan upang magising ang aking sanggol gabi-gabi na lang. Nanghiram po ng limang llibo sa akin ang isang",Money/Debt Disputes
"vendor sa palengke para pambayad sa kaniyang pwesto. Isang taon na ang nakalipas, tuwing dadaan ako ay tinataguan niya ako doon. Ayaw pong pirmahan ng aking tiyo ang papeles",Family Matters
"para sa waiver of rights ng lupa na matagal nang ibinigay ng lolo sa aking ina, humihingi po siya ng malaking pera ngayon. Sinabihan po ako ng aking kapitbahay ng",Petty Criminal Offenses
"""baog"" at ""walang kwentang babae"" sa gitna ng daan habang maraming tao ang nakakarinig, nagdulot sa akin ng matinding kahihiyan. Yung drainage pipe po ng katabing commercial",Neighbor Disputes
building ay nakatutok sa aming pribadong lote kaya doon bumubuhos ang lahat ng maruming tubig mula sa kanilang pasifidad. Nagpagawa po ako ng kusina sa isang mason,Contract Disputes
at nagbayad na ng pambili ng semento. Kinuha niya ang pera pero hindi na bumalik upang tapusin ang natitirang kalahati ng trabaho. Kumuha po ng paninda sa aking online shop,Money/Debt Disputes
"ang isang reseller at nangakong magbabayad matapos ang isang linggo, pero lumipas na ang buwan ay blinock na ako sa kaniyang accounts. Inirereklamo ko po ang aking amain dahil palagi",Family Matters
niyang kinukuha ang pera ng aking ina na kita mula sa paglalaba para lang ipambili ng alak at ipangtaya sa sabong dito. Sinasadya pong harangan ng motorsiklo ng,Petty Criminal Offenses
"kapitbahay ang tapat ng aming pintuan upang hindi kami makalabas, nung pakiusapan ko ay nagbanta pa silang reresbakan ako ng pamilya. Gusto pong bakuran ng aming katabi ang",Property Disputes
"bahagi ng lupang matagal nang itinalagang pampublikong eskinita ng aming komunidad, dahilan upang mawalan ng daanan ang pamilya namin. Nag-arkila po ako ng pwesto para sa aking",Contract Disputes
maliit na negosyo at nagbayad ng dalawang buwang deposit. Biglang binawi ng may-ari ang pwesto at ayaw nang ibalik ang deposit ko. Yung usok at amoy po mula sa ihawan ng,Neighbor Disputes
"barbecue ng aming kapitbahay ay direktang pumapasok sa aming sala tuwing hapon, sumasakit po ang ulo namin dahil sa tindi nito. Nanghiram po ng pitong libo ang aking bayaw",Money/Debt Disputes
para daw sa pagpaparehistro ng kaniyang sasakyan. Lumipas na ang itinakdang buwan ng bayaran pero wala pa rin siyang kusa magsauli. Nagkakagulo po kaming magpipinsan dahil sa,Family Matters
pamana ng aming lolo na isang kalabaw at mga kagamitan sa bukid. Ayaw po kasing ipagamit ng nakatatandang pinsan sa amin ngayon. Pinagbantaan po ako ng isang lalaki sa aming,Petty Criminal Offenses
purok na raratratin daw niya ang aking bahay matapos magkaroon ng simpleng sagutan ang aming mga anak habang naglalaro sa kalsada. Nagkasundo kami ng isang tsuper na ihahatid,Contract Disputes
niya ang aming mga produkto sa Maynila. Nag-advance ako ng pambili ng krudo pero hindi siya sumipot at hindi na rin macontact ngayon. Nangutang po sa akin ang aking kapitbahay,Money/Debt Disputes
"para daw pambili ng bigas at ulam nung mawalan ng trabaho ang asawa niya. Ngayong may trabaho na sila, ayaw na nilang magbayad sa akin. Inirereklamo ko po ang aking kapatid dahil",Family Matters
palagi niyang binebenta ang mga kagamitan sa loob ng aming ancestral home nang walang pahintulot mula sa aming iba pang kapatid. Pinaratangan po ako ng aking biyenan na ako,Petty Criminal Offenses
raw ay nangungurakot sa sweldo ng aking asawa at pinagkakalat ito sa aming kapitbahay na nagdulot ng malaking pinsala sa dangal ko. May kontrata kami sa isang gumagawa ng,Contract Disputes
aluminum window para sa aming bahay. Nagbayad na ako ng down payment pero lumipas ang isang buwan ay wala pa ring ginagawa sa bahay. Ang alagang pusa ng kapitbahay ko ay,Neighbor Disputes
"palaging pumapasok sa aming kusina at ninanakaw ang aming mga ulam na nakahanda sa lamesa, sinabihan ko na sila na ikulong ito doon. Nagpahiram po ako ng pera sa aking katrabaho",Money/Debt Disputes
na pambili daw niya ng gamot para sa kaniyang anak. Nalaman ko na lang sa iba na ipinansugal lang pala niya ito sa casino. Inirereklamo ko po ang aking tiya dahil ayaw,Family Matters
niyang ibigay ang bahagi ng aking yumaong ina mula sa benta ng lupain na ipinamana ng aming mga nuno na matagal nang naibenta doon. Ang sukat po ng kalsada na ibinigay sa amin,Property Disputes
bilang right-of-way ay unti-unting pinapakitid ng katabing may-ari sa pamamagitan ng paglalagay ng mga malalaking paso sa gilid nito. Kumuha po ako ng aircon cleaning service para,Contract Disputes
"sa tatlong unit sa aming bahay. Matapos nilang linisin, hindi na gumagana ang dalawang unit at ayaw nilang panagutan ang sira nito. Nagpapatugtog po ng napakalakas na sound",Neighbor Disputes
"system ang kapitbahay namin tuwing alas-singko pa lang ng umaga araw-araw, nagigising po ang aking mga anak na panggabi ang trabaho. Nanghiram po ng limang libo sa akin ang aking",Money/Debt Disputes
kaibigan para daw sa pagpapasuri ng kaniyang asawa sa ospital. Lumipas ang anim na buwan pero nakikita ko siyang nag-iinuman palagi. Nag-aaway po kaming magkakapatid dahil,Family Matters
"ayaw pirmahan ng panganay namin ang bentahan ng maliit na lote na gagamitin sana namin pampagamot sa aming maysakit na magulang ngayon. Minura po ako at tinawag na ""walang hiya"" ng",Petty Criminal Offenses
aking kapitbahay sa harap ng aking mga anak dahil lang sa hindi ko pagpapahiram sa kaniya ng aming hagdanan nung isang araw. Ang aming katabi ay nagtayo ng septic tank na,Neighbor Disputes
"napakalapit sa aming poso ng tubig. Ngayon po ay may kakaibang amoy na ang tubig na lumalabas sa aming gripo, delikado sa amin. Nag-arkila po kami ng kasuotan para sa",Contract Disputes
"graduation ng anak ko at nag-iwan ng security deposit. Nung ibalik namin ang damit nang maayos, ayaw nang ibalik ng shop ang deposit namin. Ang basura po ng kabilang purok ay sadyang",Neighbor Disputes
"itinatapon sa tapat ng aming bakanteng lote tuwing gabi, naging tambakan na po tuloy ng dumi ang lugar at umaalingasaw ang amoy nito. Kumuha po ng grocery items sa aking tindahan",Money/Debt Disputes
ang aking kapitbahay na nagkakahalaga ng apat na llibo. Sabi niya babayaran niya sa katapusan pero ngayon ay lumilipat na siya ng bahay. Inirereklamo ko po ang aking asawa dahil,Family Matters
"palagi niyang kinuha ang aming perang pangkain upang ibigay sa kaniyang mga magulang, dahilan upang magutom ang sarili naming mga anak. Hinamon po ako ng suntukan ng isang lalaki sa",Petty Criminal Offenses
aming eskinita habang hawak ang isang bakal matapos ko siyang sawayin sa pagpapatakbo ng motor nang mabilis sa loob ng purok namin. Ang bakod po ng aming katabi ay pumasok na,Property Disputes
"sa sukat ng aming lote nung muli nilang ipagawa ito gamit ang hollow blocks, kitang-kita po sa aming titulo na nabawasan kami. May kasunduan kami ng isang online seller na",Contract Disputes
magsu-supply siya ng mga sapatos para sa aking boutique. Nagbayad na ako ng buo pero walang dumating na package mula sa kaniya. Ang tambutso po ng generator ng katabi,Neighbor Disputes
"naming shop ay nakatutok mismo sa bintana ng aming kwarto. Tuwing may brownout, pumapasok ang maitim na usok na nakakahilo sa amin dito. Nanghiram po ng pera sa akin ang aking",Money/Debt Disputes
kumare para sa emergency ng kaniyang anak. Nangakong magbabayad matapos ang dalawang linggo pero tuwing dadaan ako ay galit pa siya ngayon. Inirereklamo ko po ang aking pinsan dahil,Family Matters
patuloy niyang ginagamit ang aming ancestral home bilang kaniyang talyer nang walang abiso at walang ibinibigay na share sa ibang kapatid. Pinagbintangan po ako ng aking katabi na ako,Petty Criminal Offenses
"raw ang nagpakalat ng tsismis na may kabit ang kaniyang asawa, kaya pumunta siya sa tapat ng bahay ko at pinagmumura ako doon. Yung nakatira po sa unahan namin ay naglagay",Property Disputes
ng bunton ng buhangin sa gitna ng daanan na siyang nagpapasikip sa daan ng mga tricycle at nagdudulot ng aksidente gabi-gabi. Nagpa-install po ako ng internet connection sa,Contract Disputes
isang lokal na provider at nagbayad ng paunang singil. Dalawang buwan na ang nakalipas pero wala pa ring dumarating na tao rito. Ang mga manok na panabong ng kapitbahay,Neighbor Disputes
"ko ay laging tumilaok tuwing madaling araw sa tapat mismo ng aming bintana, dahilan upang magising ang aking asawa mula sa trabaho niya. Nagpautang po ako ng sampung libo sa aking",Money/Debt Disputes
kapitbahay para sa puhunan niya sa pagtitinda ng isda. Malakas naman ang kaniyang negosyo pero kapag sisingilin ko ay laging walang pera. Inirereklamo ko po ang aking tita dahil palagi,Family Matters
"niyang pinagalitan at pinapalayas ang aking matandang lola sa bahay na ari naman talaga ng lola ko, dahil lang sa usapin ng pera. Sinadya pong basagin ng isang lasing ang",Petty Criminal Offenses
"bumbilya sa tapat ng aming gate nung nakaraang gabi habang nagwawala siya sa kalsada, natatakot po kami dahil madilim ang tapat namin ngayon. Nagkasundo kami ng isang driver na hihilain",Contract Disputes
ang aking nasirang kotse papuntang talyer. Nagbayad ako ng pauna pero iniwan niya ang sasakyan ko sa gilid ng highway at nagtago na. Yung kapitbahay po namin ay naglalaba sa,Neighbor Disputes
"labas ng kaniyang bahay at ang maruming tubig na may sabon ay pinapaagos sa tapat ng aming pintuan, na nagiging sanhi ng madulas na daan. Nangutang po ng pera ang aking katrabaho",Money/Debt Disputes
"para daw sa kaniyang monthly amortization ng bahay. Isang taon na ang nakalipas, hindi pa rin siya nagbabayad at umiiwas na sa akin doon. Nag-aaway po kaming magkakapatid dahil sa",Family Matters
naiwang alahas ng aming ina. Solong kinuha ng aming ate ang lahat ng ginto at ayaw niyang bigyan ng share ang kaniyang mga kapatid ngayon. Sinalubong po ako ng aking kapitbahay at,Petty Criminal Offenses
pinagbantaan na bubugbugin daw niya ako kapag nakita pa niya akong nakikipag-usap sa kaniyang asawa tungkol sa kanilang utang sa akin dito. Yung dulo po ng bubong ng garahe ng aming,Property Disputes
"katabi ay lumagpas na sa aming boundary line at nakatutok na sa aming bintana, na nagdudulot ng kawalan ng hangin sa loob ng aming sala. Nagpagawa po ako ng pustiso sa isang dental",Contract Disputes
"clinic at nagbayad na ng deposit. Nung isukat ko ay hindi kasya at masakit, pero ayaw na nilang ayusin o ibalik ang pera ko ngayon. Ang alagang aso ng kapitbahay namin ay",Neighbor Disputes
"laging hinahayaang umihi sa aming gulong ng sasakyan gabi-gabi. Sobrang baho po at nakakasira ng rim, sinabihan ko na sila pero walang nangyari. Kumuha po ng mga sako ng semento sa aking",Money/Debt Disputes
"hardware store ang isang sub-contractor at nangakong babayaran pagkatapos ng isang linggo. Tatlong buwan na ang nakalipas, hindi pa rin siya nagbabayad. Inirereklamo ko po ang aking ama dahil palagi",Family Matters
"niyang ibinebenta ang mga gamit sa bahay para lang may pambili ng alak, kahit pa ang mga gamit na iyon ay binili mula sa sarili kong pera. Pinagbintangan po ako ng aking katabi na ako",Petty Criminal Offenses
"ay hinarangan ng malalaking bato ng may-ari ng katabing lupa upang hindi makadaan ang aming kuliglig, na nagpapatagal sa aming pag-aani rito. Kumuha po ako ng aircon unit sa isang",Contract Disputes
"appliance store na may promo na free installation. Nung dumating ang technician, siningil pa rin ako ng tatlong libo at nung tumanggi ako ay umalis sila dun. Yung mga transient workers sa katabing bahay",Neighbor Disputes
"ay laging nagkakantahan gamit ang bluetooth speaker sa labas hanggang alas-tres ng madaling araw, nakakaabala sa pagtulog ng pamilya ko. Nanghiram po ng pera ang aking pinsan para",Money/Debt Disputes
daw sa placement fee niya papuntang abroad. Hindi siya natuloy umalis pero ayaw din niyang ibalik ang pera ko na galing sa aking sariling ipon. Nagkasundo kami ng isang mananahi na,Contract Disputes
gagawa ng mga gown para sa aking mga bridesmaids. Nagbayad ako ng down payment pero nung araw ng kasal ay kulang at hindi tapos ang mga damit sa amin. Humiram po ng pera sa akin ang aking kumare,Money/Debt Disputes
para sa pagpaparehistro ng kaniyang sari-sari store. Ilang buwan na ang nakalipas at malakas naman ang benta niya pero ayaw pa rin niyang magbayad. Inirereklamo ko po ang aking tiyo dahil palagi,Family Matters
niyang pinagbabantaan ang aking ina na kukunin niya ang bahagi ng lupa na matagal nang ibinigay sa amin ng aming lolo bago siya mamatay. Pinaratangan po ako ng aking katabi na ako,Petty Criminal Offenses
"raw ang nagnakaw ng kaniyang alagang pusa, dahilan upang pumunta siya sa aking opisina at mag-iskandalo sa harap ng aking mga katrabaho doon. Ang boundary line po ng aming lupa ay",Property Disputes
"pinalabas ng katabi namin na nabawasan nung maglagay sila ng bagong pananda, sinakop nila ang bahagi ng aming bakuran na may mga pananim ngayon. Tinakot po ako ng isang lalaki sa aming purok",Petty Criminal Offenses
na babasagin daw niya ang aking mukha matapos ko siyang sawayin sa pagtatapon ng upos ng sigarilyo sa loob ng aking bakuran ngayon. Yung nakatira po sa unahan ng aming eskinita,Property Disputes
"ay nagtayo ng gate na may lock kaya hindi kami makadaan kapag gabi na at sarado na ang gate, lalo na kapag may emergency sa pamilya ko. Kumuha po ako ng paggawa ng gate sa isang",Contract Disputes
talyer at nagbayad na ng paunang singil para sa bakal. Dalawang buwan na ang nakalipas pero wala pa ring nadidiliber o nagagawa sa aming bahay. Nag-aaway po kaming magkakamag-anak dahil,Family Matters
sa pamamahagi ng mga gamit mula sa naiwang tindahan ng aming lola. Solong kinukuha ng tita ko ang lahat ng kita at ayaw magbigay sa amin dito. Sinadya pong basagin ng kapitbahay ko ang,Petty Criminal Offenses
"paso ng aking mga halaman sa labas ng bahay dahil daw nakaharang ito sa kalsada, kahit na nasa loob naman ito ng sukat ng aking bakuran doon. Ang sukat po ng aming lote ay binawasan ng",Property Disputes
"katabi namin nung magtayo sila ng bagong pader para sa kanilang garahe, sinakop nila ang kalahating metro ng aming pribadong daanan ngayon. May kontrata kami sa isang gumagawa ng",Contract Disputes
sapatos para sa aming binyag. Nagbayad na kami ng down payment pero nung araw ng kompetisyon ay hindi pa rrin tapos ang mga sapatos sa amin. Ang kapitbahay po namin ay nag-aalaga ng,Neighbor Disputes
"mga kalapati at ang kanilang mga dumi ay palaging nagbabagsakan sa aming bubong at mga sinampay na damit, napakabaho at mahirap labhan ito. Humiram po ng pera ang aking bayaw para",Money/Debt Disputes
daw sa kaniyang lisensya sa pagmamaneho. Isang taon na ang nakalipas pero tuwing sisingilin ko ay laging nagagalit at nagbabanta pa sa akin ngayon. Inirereklamo ko po ang aking asawa dahil,Family Matters
palagi niyang kinukuha ang aking perang pangkabuhayan mula sa pagtitinda upang ibili ng sigarilyo at alak para sa kaniyang mga barkada doon. Pinaratangan po ako ng aking katabi na ako,Petty Criminal Offenses
"raw ang sumira ng kaniyang CCTV camera, kaya nagwawala siya sa tapat ng bahay ko at pinagmumura ako sa harap ng aking mga kapitbahay ngayon. Yung nakatira po sa likod namin ay nagtayo ng",Property Disputes
"pader na humaharang sa natural na daluyan ng sapa, na naging dahilan upang bumaha sa loob ng aming bahay tuwing may kaunting ulan lang doon. Nagpa-renovate po ako ng kusina sa isang",Contract Disputes
mason at nagbayad na ng pambili ng mga tile at semento. Kinuha niya ang pera pero hindi na nagpakita upang simulan ang natitirang trabaho sa amin. Nanghiram po ng pera ang aking kapitbahay,Money/Debt Disputes
kapatid dahil ayaw niyang ibigay ang share ng aming bunso mula sa perang ipinamana ng aming mga magulang na nakatago sa kaniyang sariling account. Sinadya pong pukpukin ng bato ng isang lasing,Petty Criminal Offenses
"ang aking sasakyan habang ito ay nakapark sa tapat ng aming bahay nung nakaraang gabi, na nagdulot ng malalim na gasgas sa may pinto nito. Nagpautang po ako ng pera sa aking kumare",Money/Debt Disputes
para sa puhunan niya sa pagtitinda ng prutas. Malakas naman ang kaniyang negosyo pero kapag sisingilin ko ay laging tinataguan niya ako sa palengke doon. Inirereklamo ko po ang aking biyenan dahil,Family Matters
palagi niyang pinagkakaitan ang aking mga anak ng karapatang maglaro sa compound na ari naman ng aking yumaong asawa na kaniyang anak noon. Tinakot po ako ng aking kapitbahay na,Petty Criminal Offenses
sasaksakin daw niya ako kapag nakita pa niya akong nagwawalis sa tapat ng kalsada na malapit sa kaniyang nakaparadang tricycle araw-araw sa purok. Yung nakatira po sa unahan namin ay naglagay,Property Disputes
ng mga lumang kahoy at bakal sa gitna ng eskinita na siyang nagpapasikip sa daan ng mga tao at nagdudulot ng aksidente kapag gabi doon. Nagpa-install po ako ng solar panel sa isang,Contract Disputes
kumpanya at nagbayad ng paunang singil. Tatlong buwan na ang nakalipas pero wala pa ring dumarating na engineer para magkabit nito sa amin. Ang tambutso po ng motor ng katabi namin ay,Neighbor Disputes
"sadyang napakaingay lalo na kapag madaling araw na siya umuuwi sa kanilang bahay, ginigising niya ang buong pamilya ko gabi-gabi na lang. Nag-aaway po kaming magkakapatid dahil sa",Family Matters
pamamahagi ng kita mula sa lupang sakahan na iniwan ng aming mga magulang. Solong kinukuha ng panganay ang benta at ayaw magbigay sa amin ngayon. Pinaratangan po ako ng aking katabi na ako,Petty Criminal Offenses
"raw ang nagnakaw ng kaniyang mga sampaguita, dahilan upang mag-iskandalo siya sa harap ng aking bahay at magmura sa harap ng aking pamilya. Ang sukat po ng kalsada na ibinigay sa amin",Property Disputes
bilang right-of-way ay unti-unting pinapakitid ng katabing may-ari sa pamamagitan ng paglalagay ng mga malalaking semento sa gilid ng daanan. Ang mga nangungupahan sa tapat ng bahay,Neighbor Disputes
"namin ay laging nagtatapon ng kanilang basura sa gilid ng aming bakod imbes na mag-antay ng truck, sobrang baho na po ng pwesto namin ngayon dito. Nangutang po ng pera ang aking kapitbahay",Money/Debt Disputes
"para daw sa pambili ng bigas nung mawalan ng trabaho ang asawa niya. Ngayong may trabaho na silang dalawa, ayaw na nilang bayaran ang utang sa akin. Inirereklamo ko po ang aking tiyo dahil palagi",Family Matters
niyang pinagmamalupitan ang aking matandang ina tuwing nag-aaway sila tungkol sa bahagi ng lupa na iniwan ng aming mga nuno noon sa pamilya. Sinadya po akong harangan ng motorsiklo ng,Petty Criminal Offenses
"kapitbahay upang hindi ko mailabas ang aking kotse, nung pakiusapan ko ay nagbanta pa silang reresbakan ako ng kaniyang mga kaibigan sa labas. May kontrata kami sa isang gumagawa ng",Contract Disputes
aluminum door para sa aming tindahan. Nagbayad na ako ng down payment pero lumipas ang isang buwan ay wala pa ring ginagawa o dalang materyales dito. Kumuha po ng paninda sa aking online shop,Money/Debt Disputes
"ang isang reseller at nangakong magbabayad matapos ang isang linggo, pero lumipas na ang buwan ay blinock na ako sa kaniyang Messenger account ngayon. Nag-aaway po kaming magkakapatid dahil",Family Matters
ayaw pirmahan ng aming ate ang bentahan ng maliit na lote na gagamitin sana namin pampagamot sa aming maysakit na tatay sa ospital ngayon. Sinadya pong gasgasan ng isang tinedyer ang,Petty Criminal Offenses
"aking bagong biling motorsiklo habang ito ay nakapark sa tapat ng aming bahay, nakita po siya ng aking anak nung nakaraang gabi habang naglalaro. Ang boundary line po ng aming lupa ay binago",Property Disputes
"ng katabi namin nung magtayo sila ng bagong drainage system, sinira nila ang lumang landmark at nilagpasan ang tamang sukat sa amin. Nag-arkila po kami ng resort para sa family",Contract Disputes
"reunion at nagbayad na ng reservation fee. Pagdating namin doon, may ibang gumagamit at ayaw kaming papasukin o ibalik ang pera sa amin ngayon. Ang mga nangungupahan sa tapat ng bahay",Neighbor Disputes
"namin ay laging nagtatambay sa labas habang nagsisigarilyo, pumapasok po ang usok sa loob ng bahay at nahihirapan ang nanay kong maysakit sa amin. Nangutang po ang aking katrabaho ng pambili",Money/Debt Disputes
ng gatas ng kaniyang anak. Isang taon na ang nakalipas at nakalipat na siya ng ibang kumpanya ngunit hindi pa rrin binabayaran ang utang niya. Binaligtad po ako ng aking kapitbahay sa,Petty Criminal Offenses
"pamamagitan ng pagkalat ng kwento na ako raw ang nagnakaw ng kaniyang manok, dahilan upang pag-usapan ako ng masama sa buong purok namin ngayon. Gusto pong kunin ng isang developer ang maliit",Property Disputes
"na bahagi ng aming bakuran para daw sa gagawing kalsada ng subdivision, pero wala naman silang pinapakitang permit sa amin kahit ano. May kontrata kami sa isang mananahi para sa",Contract Disputes
mga uniporme ng aming shop. Lagpas na sa napagkasunduang petsa pero kalahati pa lang ang natatapos niya sa mga order namin dito sa tindahan. Yung mga kabataan po na nakatira sa dulo ng,Neighbor Disputes
"eskinita ay madalas maglaro ng online games sa labas ng bahay namin hanggang madaling araw, sobrang ingay at nagmumura pa sila doon sa amin. Humiram po ng pera ang may-ari ng sari-sari",Money/Debt Disputes
store para daw sa pandagdag ng kaniyang grocery items. Ilang buwan na ang nakalipas pero ayaw pa rin niyang magbayad sa aking tindahan ngayon. Inirereklamo ko po ang aking nakatatandang,Family Matters
kapatid dahil pinagmamalupitan niya ang aming bunsong kapatid na may kapansanan tuwing lasing siya at umuuwi sa aming bahay gabi-gabi. Sinadya po ng kapitbahay ko na sirain ang,Petty Criminal Offenses
aming doorbell sa pamamagitan ng pagpukpok nito ng bato dahil daw naiingay siya tuwing may nagdedeliver ng mga order namin dito sa bahay. Nag-avail po ako ng package para sa,Contract Disputes
"pag-aayos ng mukha at buhok para sa kasal ng kapatid ko, ngunit hindi sumipot ang makeup artist sa tamang oras kaya na-late kami nang husto sa kasal. Nagtatapon po ng maruming tubig mula sa",Neighbor Disputes
paglalaba ang kapitbahay namin diretso sa aming eskinita kaya palaging madulas at mabaho ang daanan ng mga tao rito araw-araw sa amin. Nagpautang po ako ng pera sa aking kumare,Money/Debt Disputes
"gamit ang kaniyang gintong alahas bilang sangla, pero nalaman ko na peke pala ang alahas nung sinubukan ko itong ipasuri sa pawnshop kamakailan. Nag-aaway po kaming magkakapatid dahil",Family Matters
ayaw ibigay ng isa naming kasama sa bahay ang share ng aming bunso mula sa perang ipinapadala ng aming ate mula sa ibang bansa ngayon sa amin. Pinasok po ng hindi kilalang tao ang aking,Petty Criminal Offenses
bakuran at nung sinita ko ay pinagmumura ako at sinabing wala akong karapatang magpalayas sa kaniya sa kalsada na pwesto niya ngayon doon. May kasunduan kami ng isang ahente na,Contract Disputes
"ibibigay niya ang komisyon ko sa paghahanap ng mamimili ng kaniyang kotse. Matapos mabili ang sasakyan, hindi na niya ako sinasagot ngayon sa tawag. Yung mga nakatira po sa itaas ng aming",Neighbor Disputes
"inuupahang kwarto ay palaging nagpupukpok ng kung ano-ano tuwing gabi, dahilan upang magising ang aking sanggol gabi-gabi na lang sa kuwarto namin. Ayaw pong pirmahan ng aking tiyo ang papeles",Family Matters
"para sa waiver of rights ng lupa na matagal nang ibinigay ng lolo sa aking ina, humihingi po siya ng malaking pera ngayon para pumirma. Ang alagang kambing ng kapitbahay namin ay",Neighbor Disputes
"hinahayaang makalaya sa gabi at kinakain ang aking mga pananim na gulay sa aking bakuran, ilang beses ko na silang sinabihan tungkol dito sa bahay. Inirereklamo ko po ang aking amain dahil palagi",Family Matters
niyang kinukuha ang pera ng aking ina na kita mula sa paglalaba para lang ipambili ng alak at ipangtaya sa sabong dito sa aming purok. Sinasadya pong harangan ng motorsiklo ng,Petty Criminal Offenses
"kapitbahay ang tapat ng aming pintuan upang hindi kami makalabas, nung pakiusapan ko ay nagbanta pa silang reresbakan ako ng pamilya niya sa labas. Gusto pong bakuran ng aming katabi ang",Property Disputes
"bahagi ng lupang matagal nang itinalagang pampublikong eskinita ng aming komunidad, dahilan upang mawalan ng daanan ang pamilya namin at mga kapitbahay. Nanghiram po ng pitong libo ang aking bayaw",Money/Debt Disputes
para daw sa pagpaparehistro ng kaniyang sasakyan. Lumipas na ang itinakdang buwan ng bayaran pero wala pa rin siyang kusa magsauli sa akin. Nagkakagulo po kaming magpipinsan dahil sa,Family Matters
pamana ng aming lolo na isang kalabaw at mga kagamitan sa bukid. Ayaw po kasing ipagamit ng nakatatandang pinsan sa amin ngayon dito sa amin. Pinagbantaan po ako ng isang lalaki sa aming,Petty Criminal Offenses
purok na raratratin daw niya ang aking bahay matapos magkaroon ng simpleng sagutan ang aming mga anak habang naglalaro sa kalsada ngayon. Yung bagong pader na itinayo ng katabi namin,Property Disputes
"ay sumakop sa easement ng sapa na katabi ng aming lote, na naging dahilan upang masira ang proteksyon namin laban sa baha rito sa aming pwesto. Nagkasundo kami ng isang tsuper na ihahatid",Contract Disputes
niya ang aming mga produkto sa Maynila. Nag-advance ako ng pambili ng krudo pero hindi siya sumipot at hindi na rin macontact ngayon sa amin. Inirereklamo ko po ang aking kapatid dahil,Family Matters
palagi niyang binebenta ang mga kagamitan sa loob ng aming ancestral home nang walang pahintulot mula sa aming iba pang kapatid sa pamilya. Pinaratangan po ako ng aking biyenan na ako,Petty Criminal Offenses
raw ay nangungurakot sa sweldo ng aking asawa at pinagkakalat ito sa aming kapitbahay na nagdulot ng malaking pinsala sa dangal ko sa purok. May kontrata kami sa isang gumagawa ng,Contract Disputes
aluminum window para sa aming bahay. Nagbayad na ako ng down payment pero lumipas ang isang buwan ay wala pa ring ginagawa sa bahay namin ngayon dito. Nagpahiram po ako ng pera sa aking katrabaho,Money/Debt Disputes
na pambili daw niya ng gamot para sa kaniyang anak. Nalaman ko na lang sa iba na ipinansugal lang pala niya ito sa casino ngayon sa gabi. Inirereklamo ko po ang aking tiya dahil ayaw,Family Matters
niyang ibigay ang bahagi ng aking yumaong ina mula sa benta ng lupain na ipinamana ng aming mga nuno na matagal nang naibenta doon sa probinsya. Nanghiram po ng limang libo sa akin ang aking,Money/Debt Disputes
kaibigan para daw sa pagpapasuri ng kaniyang asawa sa ospital. Lumipas ang anim na buwan pero nakikita ko siyang nag-iinuman palagi sa labas. Nag-aaway po kaming magkakapatid dahil,Family Matters
"ayaw pirmahan ng panganay namin ang bentahan ng maliit na lote na gagamitin sana namin pampagamot sa aming maysakit na magulang ngayon sa ospital. Minura po ako at tinawag na ""walang hiya"" ng",Petty Criminal Offenses
aking kapitbahay sa harap ng aking mga anak dahil lang sa hindi ko pagpapahiram sa kaniya ng aming hagdanan nung isang araw sa bahay. Nag-arkila po kami ng kasuotan para sa,Contract Disputes
"graduation ng anak ko at nag-iwan ng security deposit. Nung ibalik namin ang damit nang maayos, ayaw nang ibalik ng shop ang deposit namin sa amin. Ang basura po ng kabilang purok ay sadyang",Neighbor Disputes
"itinatapon sa tapat ng aming bakanteng lote tuwing gabi, naging tambakan na po tuloy ng dumi ang lugar at umaalingasaw ang amoy nito sa bahay. Kumuha po ng grocery items sa aking tindahan",Money/Debt Disputes
ang aking kapitbahay na nagkakahalaga ng kapat na llibo. Sabi niya babayaran niya sa katapusan pero ngayon ay lumilipat na siya ng bahay doon. Inirereklamo ko po ang aking asawa dahil,Family Matters
"palagi niyang kinuha ang aming perang pangkain upang ibigay sa kaniyang mga magulang, dahilan upang magutom ang sarili naming mga anak ngayon dito. Hinamon po ako ng suntukan ng isang lalaki sa",Petty Criminal Offenses
aming eskinita habang hawak ang isang bakal matapos ko siyang sawayin sa pagpapatakbo ng motor nang mabilis sa loob ng purok namin ngayon doon. Ang bakod po ng aming katabi ay pumasok na,Property Disputes
"sa sukat ng aming lote nung muli nilang ipagawa ito gamit ang hollow blocks, kitang-kita po sa aming titulo na nabawasan kami nang husto rito. May kasunduan kami ng isang online seller na",Contract Disputes
magsu-supply siya ng mga sapatos para sa aking boutique. Nagbayad na ako ng buo pero walang dumating na package mula sa kaniya ngayon sa amin. Ang tambutso po ng generator ng katabi,Neighbor Disputes
"naming shop ay nakatutok mismo sa bintana ng aming kwarto. Tuwing may brownout, pumapasok ang maitim na usok na nakakahilo sa amin dito sa loob ng bahay. Pinagbintangan po ako ng aking katabi na ako",Petty Criminal Offenses
"raw ang nagpakalat ng tsismis na may kabit ang kaniyang asawa, kaya pumunta siya sa tapat ng bahay ko at pinagmumura ako doon sa harap ng mga tao. Yung nakatira po sa unahan namin ay naglagay",Property Disputes
ng bunton ng buhangin sa gitna ng daanan na siyang nagpapasikip sa daan ng mga tricycle at nagdudulot ng aksidente gabi-gabi sa eskinita namin. Ang mga manok na panabong ng kapitbahay,Neighbor Disputes
"ko ay laging tumilaok tuwing madaling araw sa tapat mismo ng aming bintana, dahilan upang magising ang aking asawa mula sa trabaho niya gabi-gabi. Nagpautang po ako ng sampung libo sa aking",Money/Debt Disputes
kapitbahay para sa puhunan niya sa pagtitinda ng isda. Malakas naman ang kaniyang negosyo pero kapag sisingilin ko ay laging walang pera siya sa akin. Inirereklamo ko po ang aking tita dahil palagi,Family Matters
"niyang pinagalitan at pinapalayas ang aking matandang lola sa bahay na ari naman talaga ng lola ko, dahil lang sa usapin ng pera ngayon dito. Sinadya pong basagin ng isang lasing ang",Petty Criminal Offenses
"bumbilya sa tapat ng aming gate nung nakaraang gabi habang nagwawala siya sa kalsada, natatakot po kami dahil madilim ang tapat namin ngayon sa gabi. Nagkasundo kami ng isang driver na hihilain",Contract Disputes
ang aking nasirang kotse papuntang talyer. Nagbayad ako ng pauna pero iniwan niya ang sasakyan ko sa gilid ng highway at nagtago na siya ngayon. Yung kapitbahay po namin ay naglalaba sa,Neighbor Disputes
"labas ng kaniyang bahay at ang maruming tubig na may sabon ay pinapaagos sa tapat ng aming pintuan, na nagiging sanhi ng madulas na daan doon sa amin. Nangutang po ng pera ang aking katrabaho",Money/Debt Disputes
"para daw sa kaniyang monthly amortization ng bahay. Isang taon na ang nakalipas, hindi pa rin siya nagbabayad at umiiwas na sa akin doon sa opisina. Nag-aaway po kaming magkakapatid dahil sa",Family Matters
"naiwang alahas ng aming ina. Solong kinuha Complaint Description ng aming ate ang lahat ng ginto at ayaw niyang bigyan ng share ang kaniyang mga kapatid ngayon sa pamilya. Category ISA pa pero di ko lang alam kung 100 Yung alagang bibe ng kapitbahay ko, ginawang paliguan ang aming water fountain sa harap ng bahay, napakadumi at mabaho na ng tubig.",Neighbor Disputes
"Madalas magdaos ng prayer meeting ang katabi namin at gumagamit ng malalakas na amplifier kahit alas-onse na ng gabi, hindi makatulog ang pamilya ko.",Neighbor Disputes
"Sinasadya ng anak ng katabi namin na magpainit ng kanyang sports car na nakatapat ang tambutso sa aming halamanan, namamatay ang mga mamahaling orchid ko sa init.",Neighbor Disputes
"Nagreklamo ako dahil yung kusina nila ay walang sapat na singawan, kaya tuwing nagigisa sila ng maanghang ay umuubo ang aking mga anak sa loob ng kwarto.",Neighbor Disputes
"Yung aircon ng katabing yunit sa apartment ay walang hose ang tulo, diretso sa dingding ng kwarto ko kaya nababasa at nagkakaroon ng amag ang aming higaan.",Neighbor Disputes
"Nagtayo po ng junk shop ang aking katabing bahay, napakaraming sako ng bakal at plastik ang nakatambak at umaakit ng mga dambuhalang daga sa aming kusina.",Neighbor Disputes
"Palaging nag-iiwan ng mga basag na tiles at sirang semento sa pampublikong bangketa ang kapitbahay ko, nadapa na po ang aking lola nung isang gabi.",Neighbor Disputes
"Yung tubo ng banyo ng katabi ko ay may singaw at tumutulo sa aming kisame sa silong, umaalingasaw ang amoy imburnal sa buong sala namin.",Neighbor Disputes
"Nagreklamo ako dahil yung sampayan ng mga basahan nila ay inilagay sa ibabaw ng aking gate, pinaliliran ng mga langaw ang harap ng aming bahay.",Neighbor Disputes
"May nakaparadang sirang kariton at mga gulong sa tapat ng aking tindahan na pagmamay-ari ng kapitbahay ko, nahaharangan ang mga kustomer na bibili.",Neighbor Disputes
"Yung puno ng santol ng katabi ko ay puno ng higad, nahuhulog ang mga uod sa aming bakuran at nangangati ang aking mga anak kapag naglalaro.",Neighbor Disputes
"Naglagay sila ng napakalaking salamin sa tapat ng kanilang pinto na sumasalamin sa tindi ng sikat ng araw diretso sa aming sala, napakainit po.",Neighbor Disputes
"Grabe ang sigawan ng mag-ama sa kabilang bahay tuwing hapon dahil sa sugal, naghahampasan ng mga silya na nagdudulot ng takot sa buong purok namin.",Neighbor Disputes
"Nagpapakain ng mga kalapating gala ang kapitbahay ko sa bubong namin, puno na ng dumi ng ibon ang aming alulod at nagbabara tuwing umuulan.",Neighbor Disputes
"Ginawang tambakan ng mga bulok na kahoy at panggatong ang shared eskinita, nilalanggam tuloy ang pader ng aking bahay at lumilipat sa amin.",Neighbor Disputes
"Nagbubuhos po ng tubig na may asidong panlinis ng banyo ang kapitbahay ko sa kanal sa tapat ko, sumasakit ang ilong namin sa tindi ng amoy kemikal.",Neighbor Disputes
"Sobrang lakas ng sound system ng tricycle driver sa tapat namin tuwing madaling araw habang naglilinis ng sasakyan, nagigising ang aking sanggol na may sakit.",Neighbor Disputes
Nagtayo ng pansamantalang lilong yero ang,Neighbor Disputes
"kapitbahay ko para sa kanilang aso na nakadikit sa bintana ko, walang tigil ang kahol ng aso sa gabi. Yung mga basurero ng katabing subdivision ay ginawang lipatan ng basura ang tapat ng aking bakod, nag-iiwan ng mga likido na napakabaho at madulas.",Neighbor Disputes
"Palaging nagwewelding ng mga bakal sa pampublikong daanan ang taga-kabilang bahay, napakadelikado sa mata ang liwanag at umaabot ang spark sa aming yero.",Neighbor Disputes
"Ang lakas magkuwentuhan ng mga lasing sa tapat ng aking bintana tuwing hatinggabi, pinagsabihan ko na pero tinawanan lang ako at hinamon pa ng away.",Neighbor Disputes
"Naglagay sila ng neon sign para sa kanilang online business na kumukurap-kurap gabi-gabi, nakatutok sa aking kwarto kaya hindi ako makatulog nang maayos.",Neighbor Disputes
"Nilagyan ng harang na mga malalaking troso ng kapitbahay ko ang daanan ng motor sa aming purok para daw hindi maingay, nahihirapan tuloy kaming mag-uwi ng paninda.",Neighbor Disputes
"Yung alagang kambing sa tapat namin ay palaging iniiwan sa kalsada, kinakain ang mga bagong sibol na halaman ko sa labas ng aking bakod.",Neighbor Disputes
Nag-away kami dahil palaging hinahagis ng anak nila ang mga balat ng kendi at tsokolate sa aking bubong tuwing naglalaro sila sa kanilang balkonahe.,Neighbor Disputes
Tuwing nagpapakulo sila ng feeds para sa kanilang mga alagang hayop ay sinasadya nilang buksan ang bentilador pabalik sa direksyon ng aming kusina.,Neighbor Disputes
"Nagreklamo ako dahil yung mga delivery truck ng katabi kong bodega ay palaging nakaharang sa aking talyer, hindi makapasok ang mga sasakyang magpapa-repair.",Neighbor Disputes
"Nagtapon po ng maduming basahan na may langis ang kapitbahay ko sa tapat ng aking tindahan, nakita ko sa aking sariling CCTV camera nung madaling araw.",Neighbor Disputes
"Yung tulo ng tubig mula sa sira-sirang aircon ng kapitbahay ay parang gripo na pumapatak sa aking canopy, nagiging sanhi ng kalawang at butas nito.",Neighbor Disputes
"Palaging nagpapatakbo ng compressor ang katabi namin kahit gabi na, gumagawa sila ng mga sirang aircon sa kanilang bakuran at napakaingay po talaga.",Neighbor Disputes
"Nagtayo sila ng karagdagang banyo sa likod-bahay na ang singawan ng dumi ay nakaturo sa aming veranda, hindi kami makatambay doon sa baho.",Neighbor Disputes
"Nilalagay ng katabi ko ang mga basag na bote at bubog sa gilid ng aming daanan habang naglilinis, natatakot ako para sa mga bata na naglalakad doon.",Neighbor Disputes
Nagagalit po ako dahil yung mga tinedyer sa kabilang bahay ay ginawang tambayan ang bubong ng aking garahe tuwing hapon para maggitara at mag-ingay.,Neighbor Disputes
Palaging nagpapakalat ng maling balita ang kapitbahay ko na ang aming pamilya daw ay nakabaon sa utang sa bumbay kaya kami binibisita ng mga motor.,Neighbor Disputes
"Yung alagang itik na tinali ng kapitbahay ko sa tabi ng aming bintana ay walang tigil sa pag-ingay tuwing madaling araw, hindi kami makapamahinga.",Neighbor Disputes
"Nagtayo po sila ng maliit na pagawaan ng uling sa tabi namin, ang usok ay pumapasok sa aming sala at nagiging sanhi ng ubo ng aking lola.",Neighbor Disputes
"Palaging hinahayaan ng kapitbahay ko na umapaw ang kanilang imburnal tuwing naglalaba sila, dumadaloy ang maruming tubig na may dumi sa aking tapat.",Neighbor Disputes
"May kasunduan kami na bawal mag-ihaw ng tuyo sa common area pero patuloy pa rin nilang ginagawa, umaamoy ang buong bahay ko tuwing umuga.",Neighbor Disputes
"Yung mga lumang gulong ng sasakyan ng katabi namin ay nakatambak sa gilid ng aking pader, pinamumugaran na ng mga ahas at peste ang lugar.",Neighbor Disputes
Sinasadya po ng kapitbahay ko na patayin ang ilaw sa tapat ng aking gate tuwing gabi gamit ang kanilang switch para madilim kapag dumating ako galing sa palengke.,Neighbor Disputes
"Nagpapatugtog sila ng mga nakakatakot na tunog tuwing gabi ng Huwebes Santo at Biyernes Santo nang napakalakas, sinasadya nilang bulabugin ang pamilya ko.",Neighbor Disputes
"Yung gumagapang na baging ng kanilang ampalaya ay tuluyan nang sumakop sa aking grills sa bintana, ayaw nilang alisin kaya madilim ang kwarto ko.",Neighbor Disputes
Nagreklamo ako dahil yung mga trabahador sa katabing apartment ay palaging nakadungaw sa aking bakuran kapag ako ay nagsasampay ng mga damit.,Neighbor Disputes
"Palaging hinahampas ng kapitbahay ang aming bakod tuwing may dumadaang aso, nagugulat ang aking sanggol na natutulog sa loob ng bahay.",Neighbor Disputes
"Nagtayo ng maliit na gawaan ng tsinelas ang katabi namin, ang amoy ng rugby at pandikit ay napakatapang at pumapasok sa aming kwarto maghapon.",Neighbor Disputes
"Nagtapon sila ng mga pinagtabasan ng kahoy sa loob ng aking hardin nang walang paalam habang ako ay nasa trabaho, tumanggi silang linisin ito ngayon.",Neighbor Disputes
"Yung alagang kalabaw ng kapitbahay ko ay nakawala at pumasok sa aking bakuran, sinira ang aking mga upuan at niyurakan ang aking mga halaman.",Neighbor Disputes
Sinasadya po ng kapitbahay ko na magbuhos ng tubig na may mantika sa aking tapat tuwing gabi para mahirapan akong magparada ng aking motor sa umaga.,Neighbor Disputes
"Naglagay sila ng malaking payong ng kanilang kainan na nakatakip na sa harap ng aking sari-sari store, hindi na makita ng mga tao ang aking mga paninda.",Neighbor Disputes
"Palaging nag-aaway ang mga nagpapataya ng lotto sa katabing pwesto, nagkakasigawan sila at umaabot ang gulo sa tapat ng aking botika araw-araw.",Neighbor Disputes
Humiram po ng pitumpung libong piso,Money/Debt Disputes
"(₱70,000) sa akin ang kumpare ko para sa pambayad ng hospital bill ng kanyang asawa, may kasunduan kami pero ayaw magbayad ngayon. Kumuha ng mga panindang tela sa aking pataasan ang isang sastre dito, umabot na sa labindalawang libo ang utang ngunit palaging nagtatago kapag sisingilin ko na.",Money/Debt Disputes
"Nagpahiram ako ng pera para sa pambili ng baterya ng jeep, nangakong magbabayad pagkatapos ng isang linggo pero ngayon ay pinatay na niya ang kanyang telepono.",Money/Debt Disputes
"Ang aking katrabaho ay nangutang ng labing-limang libo para daw sa tuition ng anak, nalaman ko na ipinambili lang pala ng mamahaling cellphone at ayaw akong bayaran.",Money/Debt Disputes
"Nag-ambagan kami para sa piyesta ng aming samahan, kinuha niya ang pondo para bumili ng mga dekorasyon ngunit hindi na nagpakita at hindi ibinalik ang natitirang pera.",Money/Debt Disputes
"May utang po sa akin ang kapitbahay ko para sa nagastos sa pagpapakain sa mga tao nung binyag ng anak niya, anim na buwan na ang nakalipas at dedma lang siya ngayon.",Money/Debt Disputes
"Kumuha sa akin ng limang sako ng pataba ang isang magsasaka, nangakong babayaran pagkatapos ng anihan pero hanggang ngayon ay wala pa ring ibinibigay na pera sa akin.",Money/Debt Disputes
"Humiram ng pera ang aking hipag para sa down payment ng kinuha niyang pwesto sa palengke, napagkasunduan na maghuhulog buwan-buwan pero isang beses lang nagbayad.",Money/Debt Disputes
"Nagpautang ako ng mga sako ng feed para sa manukan ng isang kapitbahay, umabot sa siyam na libo ang halaga pero nalugi daw siya at ayaw na akong bayaran ngayon.",Money/Debt Disputes
"Binigyan ko ng paunang bayad ang isang karpintero para sa paggawa ng aking cabinet, hindi niya tinapos ang trabaho at hindi rin",Money/Debt Disputes
"niya ibinabalik ang aking pera. Nagpahiram ako ng ginto kong singsing para isanla niya sa kagipitan, nangakong tutubusin at ibabalik sa akin pero hinayaan niyang maremate at ayaw akong bayaran.",Money/Debt Disputes
"Kumuha po ng credit sa aking tindahan ang isang drayber, umabot na sa apat na libo ang utang sa kuryente at load pero palaging nagagalit kapag sinisingil ko siya.",Money/Debt Disputes
Humiram ng pera ang aking kaibigan para sa,Money/Debt Disputes
"processing fee ng kanyang loan sa bangko, nangakong ibabalik ang pera pag nakuha ang loan pero ngayon ay hindi na sumasagot. Nagpatulong po ang aking kapitbahay na mag-abono muna ako para sa bayad sa internet nila para hindi maputulan, hanggang ngayon ay hindi pa rin ako binabayaran.",Money/Debt Disputes
"Nagbenta ako ng tablet sa isang katrabaho sa pamamagitan ng hulugan, tatlong buwan nang atrasado ang kanyang bayad at pabalang pa kung sumagot kapag nagtatanong ako.",Money/Debt Disputes
"Humiram po ng perang pampagamot ang aking kumpare, may pirmahang kasunduan na babayaran sa katapusan ng buwan pero lumipas na ang limang buwan ay wala pa rin.",Money/Debt Disputes
"Nagpautang ako ng capital sa aking kasosyo sa online business, bigla siyang umalis sa aming grupo at dinala ang lahat ng kita pati ang aking perang ipinuhunan.",Money/Debt Disputes
"Kumuha ng mga order na cake ang aking kakilala para sa kasal ng kanyang kapatid, matapos ang okasyon ay hindi na nagbayad ng natitirang balanse sa akin.",Money/Debt Disputes
"Humiram ng pera ang isang tricycle driver dito sa amin para sa rehistro ng kanyang sasakyan, nangakong magbabayad araw-araw ng isandaang piso pero hindi tinupad.",Money/Debt Disputes
Nagpautang ako ng mga gamot mula sa,Money/Debt Disputes
"aking botika sa isang kapitbahay na nagkasakit, ngayon ay nakalabas na ng ospital at nakakapagtrabaho na pero ayaw magbayad. Kumuha ng materyales sa pagpapatayo ng bahay ang aking kontratista mula sa aking hardware store, umabot sa limampung libo ang utang at ayaw nang magpakita sa akin.",Money/Debt Disputes
"Humiram ng pera ang aking biyenan para sa operasyon ng kanyang kapatid, nangakong babayaran kapag dumating ang remittance ng anak pero hindi na ako binayaran.",Money/Debt Disputes
"Nagbenta ako ng aking lumang laptop sa isang estudyante na kapitbahay ko, naggive ng down payment pero ang natitirang limang libo ay hindi na binayaran sa akin.",Money/Debt Disputes
"Nagpautang ako sa isang tindera sa palengke ng pampuhunan sa prutas, araw-araw ang singilan dapat pero tuwing dadaan ako ay palagi siyang wala sa kanyang puwesto.",Money/Debt Disputes
"Humiram ng pera ang aking kapitbahay para sa pyansa ng kanyang anak, nangakong ibabalik agad kapag nakakuha ng tulong sa munisipyo pero hindi na ako binalikan.",Money/Debt Disputes
"Nagpa-book sa akin ng ticket sa eroplano ang aking kaibigan gamit ang aking credit card, lumipad na siya papuntang abroad pero hindi pa rin binabayaran ang ticket.",Money/Debt Disputes
"Kumuha sa akin ng mga panindang damit ang isang reseller, naibenta na raw ang lahat ng produkto pero ayaw ibigay ang aking parte at ang kapital na nagamit.",Money/Debt Disputes
"Humiram ng pera ang aking kapitbahay para sa pagpapakain ng mga tao sa piyesta, nangakong babayaran pagkatapos ng selebrasyon pero ngayon ay nagtatago na siya.",Money/Debt Disputes
"Nagpautang ako ng pera sa isang drayber ng jeep para sa pambili ng bagong gulong, anim na buwan na akong naghihintay ng bayad pero palagi siyang nagdadahilan.",Money/Debt Disputes
"Kumuha ng catering service sa akin ang isang pamilya para sa kaarawan ng kanilang lola, nagbayad ng deposit pero ang natitirang balanse ay ayaw nang ibigay.",Money/Debt Disputes
"Humiram ng perang pambayad sa upa ng bahay ang aking kapitbahay dahil mapapalayas na daw sila, ngayon ay may pera na pampasugal pero ang utang ko ay hindi mabayaran.",Money/Debt Disputes
"Nagpautang ako ng halagang sampung libo sa aking katrabaho para sa kasal ng kanyang kapatid, lumipat na siya ng ibang kumpanya nang hindi man lang nagbabayad sa akin.",Money/Debt Disputes
"Kumuha ng mga construction tools sa akin ang aking kapitbahay at nangakong bibilhin na lang, hanggang ngayon ay hindi pa binabayaran at sira na ang mga gamit.",Money/Debt Disputes
"Humiram ng pera ang aking kumare para sa paunang bayad sa kinuha niyang hulugang lupa, isang taon na ang nakalipas at wala pa ring balita kung kailan magbabayad.",Money/Debt Disputes
"Nagbenta ako ng aking motorsiklo sa isang kakilala, nagkasunduan na babayaran sa loob ng kapat ng buwan ngunit dalawang buwan nang hindi nagbibigay ng hulog.",Money/Debt Disputes
"Nagpautang ako ng pondo sa isang lokal na asosasyon para sa kanilang proyekto, natapos na ang proyekto at nakakuha na ng pondo sa gobyerno pero ayaw akong i-refund.",Money/Debt Disputes
Humiram po ng pera ang aking kapitbahay,Money/Debt Disputes
"para sa pagpapagawa ng kanyang poso, nangakong magbabayad kapag sumahod pero dalawang sahod na ang lumipas ay wala pa rin. Kumuha ng mga order na ulam sa aking karinderya ang isang kumpanya para sa kanilang seminar, matapos ang tatlong buwan ay hindi pa rin pinoproseso ang aking bayad.",Money/Debt Disputes
Humiram ng pera ang aking pinsan para sa,Money/Debt Disputes
"placement fee papuntang Taiwan, hindi natuloy ang kanyang pag-alis pero ayaw niyang ibalik ang perang hiniram sa akin. Nagpautang ako ng pera sa isang kapitbahay para sa pambili ng abono sa bukid, umani na sila at nakabenta na ng palay pero hindi pa rin nagbabayad sa akin.",Money/Debt Disputes
Nag-aaway po kaming magpipinsan dahil sa ari-arian na iniwan ng aming lolo nang walang testamento. Gusto nilang bakuran ang daanan ko papasok sa aking bahay.,Family Matters
"Ang aking asawa ay hindi nagbibigay ng sustento para sa pag-aaral ng aming anak na nasa kolehiyo, bagkus ay ibinibili lang niya ng mga piyesa ng kanyang motor.",Family Matters
"Pinalayas ako ng aking kapatid sa lupang pamana sa amin ng aming magulang, porke't hindi ako nakapagtapos ng pag-aaral at ako lang ang walang trabaho.",Family Matters
Nagrereklamo ako laban sa aking tiyuhin dahil kinuha niya ang lahat ng upa mula sa mga pwesto sa palengke na pag-aari ng aming pamilya nang walang abiso.,Family Matters
Ang aking bayaw ay palaging lasing at nagwawala sa harap ng aking mga anak tuwing bumibisita siya sa aming bahay para humingi ng pera sa asawa ko.,Family Matters
"Nag-aaway kami ng aking kapatid dahil sa pag-aalaga sa aming amang may dementia, pinababayaan nila ang ama sa akin at ayaw magbigay ng pambili ng gatas.",Family Matters
Kinuha ng aking nakatatandang kapatid ang titulo ng lupa ng aming ina na may sakit at balak nitong ibenta nang walang pahintulot ng buong pamilya.,Family Matters
Pinagkakaitan ako ng aking dating kinakasama na makasama ang aking anak,Family Matters
"tuwing Pasko at Bagong Taon, na labag sa aming pinagkasunduan sa barangay noon. Nagrereklamo ako sa aking pinsan dahil ayaw niyang makibahagi sa pambayad ng utang sa ospital nung mamatay ang aming lola na kami lang ang sumagot.",Family Matters
Pinasok ng aking tita ang aking kwarto nung wala ako at kinuha ang mga lumang kasangkapan ng aking ina na dapat ay hahatiin pa sa aming lahat.,Family Matters
Ang aking anak na may asawa na ay bumalik sa aming compound at palaging nagtatapon ng basura sa aking tapat kapag hindi ko pinapautang ang kanyang asawa.,Family Matters
"Nag-away po kami ng aking tito dahil sa paggamit ng aming lumang bangka na pamana ng lolo, sinolo niya ang paggamit para sa kanyang negosyo sa pangingisda.",Family Matters
Ang aking kapatid ay nagtayo ng kanyang dirty kitchen sa bahagi ng lupa na nakalaan para sa aking pamilya ayon sa huling habilin ng aming yumaong ama.,Family Matters
Nagrereklamo ako dahil ang aking asawa ay lumayas kasama ang aming mga anak patungong ibang lalawigan at ayaw akong bigyan ng pagkakataon na makausap sila.,Family Matters
Ang aking pamangkin ay palaging nagdadala ng mga barkada sa loob ng aming compound at doon nagpapatugtog ng napakalakas na musika hanggang madaling araw.,Family Matters
Nag-aaway ang aking mga kapatid tungkol sa,Family Matters
kung sino ang dapat mag-asikaso ng mga papeles ng deklarasyon ng ari-arian ng aming yumaong magulang ngayon. Ang aking biyenan ay palaging nagpapakalat ng tsismis sa aming purok na ako daw ay naglalustay ng pera ng kanyang anak na nagtatrabaho sa ibang bansa.,Family Matters
Nagrereklamo ako laban sa aking ama dahil pinabayaan niya ang aking pag-aaral at hindi,Family Matters
nagbibigay ng baon mula nang magka-anak siya sa ibang babae. Ang aking kapatid ay puwersahang kinukuha ang aming sakahan para gawing kolateral sa kanyang utang sa kooperatiba nang walang pahintulot ng pamilya.,Family Matters
Nag-away kami ng aking pinsan dahil sinira niya ang aking paninda sa palengke nung nagkaroon sila ng away ng kanyang barkada sa tabi ng aking pwesto.,Family Matters
Ang aking ina ay pinagbubuhatan ng kamay ng aking kapatid tuwing sila ay nagkakaroon ng hindi pagkakaunawaan tungkol sa kanyang buwanang pensyon sa SSS.,Family Matters
Nagrereklamo ako sa aking bayaw dahil palagi siyang gumagamit ng aking motorsiklo nang walang paalam at ibinabalik ito na walang krudo at may gasgas.,Family Matters
Ang aking mga kapatid ay nagkaroon ng lihim na pagpupulong para ibenta ang mga alagang hayop ng aming ama nang hindi ako isinasama sa usapan.,Family Matters
"Nag-aaway kami ng aking pinsan dahil sa linya ng kuryente sa aming shared compound, pinutol niya ang aming sub-meter dahil lang sa hindi kami nagkaunawaan.",Family Matters
"Ang aking asawa ay iniwan kami ng aking mga anak at sumama sa kanyang kalaguyo, at ngayon ay pilit na kinukuha ang aming appliances na binili ko.",Family Matters
Nagrereklamo ako sa aking tiyahin dahil ayaw niyang ibigay ang aking bahagi sa perang ipinadala ng aking ama mula sa abroad na dumaan sa kanyang kamay.,Family Matters
"Ang aking kapatid ay nagtayo ng bakod na bakal sa gitna ng aming bakuran na naghahati sa lupa ng magulang, kaya hindi ko na mailabas ang aking tricycle.",Family Matters
Nag-away kami ng aking hipag dahil palagi niyang pinagagalitan ang aking mga anak at tinatawag na walang pakinabang kapag ako,Family Matters
ay nasa aking trabaho. Ang aking lola ay pinapirma ng aking pinsan sa isang kasunduan sa pagbibigay ng lupa habang ito ay nasa banig ng karamdaman at hindi na nakakakilala.,Family Matters
Nagrereklamo ako laban sa aking kapatid dahil ayaw niyang lisanin ang aking bahay kahit ilang beses ko na siyang sinabihan na gagamitin ko na ang kwarto.,Family Matters
"Ang aking ama ay nagbebenta ng mga kagamitan sa bahay tulad ng gasul at rice cooker para lang may pambili ng alak, nagiging sanhi ito ng away sa amin.",Family Matters
"Nag-aaway kami ng aking pinsan dahil sa mga pananim na saging sa lupa ng pamilya, pinipitas niya ang lahat ng puso ng saging at ibinebenta nang mag-isa.",Family Matters
Ang aking tiyuhin ay palaging pumapasok sa aking bahay nang walang paalam at naghahanap ng mga kasangkapan na pwede niyang hiramin ngunit hindi na ibinabalik.,Family Matters
"Nagrereklamo ako sa aking asawa dahil palagi niyang itinatago ang kanyang ATM card sa akin, hinahayaan niyang magutom ang aming mga anak maghapon.",Family Matters
"Ang aking magkakapatid ay nag-aagawan sa kung sino ang may karapatang mamahala sa naiwang bakery ng aming ina, nagkakasigawan na kami sa harap ng tao.",Family Matters
"Nag-away kami ng aking pamangkin dahil ginamit niya ang aking pangalan para kumuha ng hulugang motor, ngayon ay ako ang hinahabol ng ahensya.",Family Matters
Ang aking biyenan ay pinipilit na kunin ang aking anak mula sa akin dahil mas mapapakain daw nila ang bata kaysa sa akin na isang ordinaryong kawani lang.,Family Matters
Nagrereklamo ako sa aking kapatid dahil palagi niyang sinisira ang aking mga halaman sa tuwing kami ay nagkakaroon ng hindi,Family Matters
"pagkakaunawaan sa bahay. Ang aking pinsan ay nagtayo ng kulungan ng pato sa likod ng aking kwarto, ang baho ay pumapasok sa loob at ayaw niyang ilipat kahit pamilya kami.",Family Matters
Nag-aaway kaming magkakapatid dahil ang isa sa amin ay ayaw pumirma sa waiver para makuha ang huling sahod ng aming ama na gagamitin sa pagpapalibing nito.,Family Matters
Pinasok po ng aking kapitbahay ang aking garahe nang walang pahintulot habang ako ay nasa palengke at sinira niya ang windshield ng aking tricycle.,Petty Criminal Offenses
"Sinigawan ako at pinagmumura ng aking katabi sa harap ng maraming tao sa terminal, tinawag akong magnanakaw ng pasahero nang walang ebidensya.",Petty Criminal Offenses
"Binato ng anak ng kapitbahay ang aming pintuan at nasira ang lock, nakita ng aking anak ang ginawa niya ngunit ayaw aminin ng kanyang mga magulang.",Petty Criminal Offenses
aking kapitbahay nung sitahin ko siya dahil sa pagpaparada ng kanyang malaking sasakyan sa tapat mismo ng aking gate. Pumasok ang aking kapitbahay sa aking,Petty Criminal Offenses
"manukan at pinakawalan ang aking mga alagang manok na panabong, nawala ang tatlong piraso na nagkakahalaga ng malaki. Sinigawan at kinaladkad ng aking tiyahin ang aking anak na minor de edad dahil lang sa napagbintangan niya itong kumuha ng kanyang mga prutas sa bakuran.",Petty Criminal Offenses
Pinagbantaan ako ng aking pinsan na,Petty Criminal Offenses
"gigibain daw niya ang aking bahay gamit ang palakol kapag hindi ko binago ang aking testimonya sa barangay tungkol sa lupa. Pumasok ang alagang baka ng kapitbahay sa aking palayan at niyurakan ang mga bagong tanim na palay, malaki ang naging lugi ko sa nagastos sa pagtatanim.",Petty Criminal Offenses
"Nag-aaway po kami ng kapitbahay ko dahil yung pader na itinayo niya ay lumampas ng kalahating metro sa aking lote, nalaman ko ito nung nagpasurvey ako ng lupa ko.",Property Disputes
"Ang aking kapitbahay ay hinarangan ang nag-iisang daanan o right-of-way papunta sa aking bahay sa likod, naglagay siya ng gate at nilagyan ng posas o malaking lock.",Property Disputes
Nagrereklamo ako dahil ang boundary line ng aming lupa ay ginalaw ng katabi namin nung nagpatayo siya ng bagong bakod habang kami ay nasa probinsya nung bakasyon.,Property Disputes
"May lumang easement po sa gilid ng aming lote para sa patubig ng bukid, pero tinayuan ito ng kapitbahay ko ng permanenteng istraktura kaya nababara ang tubig-ulan.",Property Disputes
"Nag-away kami ng aking pinsan dahil sa hatian ng lupang pamana, sinakop niya ang pinakamagandang bahagi sa harap ng kalsada at iniwan sa akin ang sa likod na bahagi.",Property Disputes
"Ang aking katabi ay nagtayo ng extension ng kanyang bubong na sumasayad na sa aking pader, at tuwing umuulan ay sa aking lupa bumabagsak ang lahat ng tubig-ulan.",Property Disputes
"Nagrereklamo ako dahil ang aming common area sa compound ay ginawang pribadong garahe at tambakan ng isang kapitbahay, hindi na kami makadaan nang maayos doon.",Property Disputes
"Ayaw ibigay ng dating may-ari ang posesyon ng lupang nabili ko na at may kaukulang deed of sale, patuloy pa rin silang nakatira doon nang walang anumang bayad.",Property Disputes
Nag-away kami dahil sa isang bakod na bato,Property Disputes
"na nasa pagitan ng aming mga lote, sinira niya ito nang walang paalam para palawakin ang kanyang sariling bakuran. Ang aking kapitbahay ay nagtayo ng balkonahe sa ikalawang palapag ng kanyang bahay na nakalawit na sa ibabaw ng aking bakuran, nawalan kami ng privacy ng pamilya.",Property Disputes
Nagrereklamo ako dahil ang daanan ng mga tao sa aming purok ay unti-unting sinusakop ng isang residente sa pamamagitan ng paglalagay ng mga pananim at harang doon.,Property Disputes
"Nag-away kami ng aking kapatid dahil sa lupang binili namin nang ambagan, ayaw niyang ilagay ang pangalan ko sa titulo at sinasabi niyang sa kanya lang ito talaga.",Property Disputes
"Ang aking katabi ay naghukay sa gilid ng aking pader para sa kanyang itatayong septic tank, natatakot ako dahil baka gumuho ang buong pundasyon ng aking bahay.",Property Disputes
"Nagrereklamo ako dahil ang aking lote ay ginawang tapunan ng mga debris at semento ng kontratista ng kapitbahay ko, ayaw nilang linisin pagkatapos ng gawa nila.",Property Disputes
"Ang right-of-way na napagkasunduan namin taon na ang nakalipas ay biglang binawi ng may-ari ng lupa sa harap, ngayon ay wala na kaming madaanan pabalik sa amin ngayon.",Property Disputes
"Nag-away kami dahil sa boundary tree o puno na nasa pagitan ng aming lupa, pinutol niya ito nang mag-isa at kinuha ang lahat ng kahoy nang hindi ako kinonsulta muna.",Property Disputes
Ang aking kapitbahay ay nagtayo ng isang tindahan na nakadikit sa aking bakod at gumamit ng aking pader bilang isa sa mga dingding ng kanyang negosyo ngayon.,Property Disputes
Nagrereklamo ako dahil ang aking paupahang lote ay ayaw lisanin ng nangungupahan kahit tapos na ang kontrata at may abiso na kami na gagamitin na namin ito agad.,Property Disputes
"Nag-away kami ng aking pinsan dahil sa daanan ng sasakyan sa loob ng aming subdivision compound, palagi niyang hinaharangan ng kanyang mga gamit sa negosyo doon.",Property Disputes
"Ang aking katabi ay naglagay ng drainage pipe na nakatutok sa aking lupa, kaya tuwing naglalaba sila ay nagiging maputik at bumabaha sa aking sariling bakuran.",Property Disputes
Nagrereklamo ako dahil ang titulo ng lupa na aking binili ay may overlap pala sa titulo ng kapitbahay ko ayon sa huling pagsusuri ng geodetic engineer na kinuha ko.,Property Disputes
"Nag-away kami dahil sa paggamit ng shared wall sa pagitan ng aming dalawang townhouse, nagpako siya ng mga malalaking bakal na naging sanhi ng pagkakabitak ng pader.",Property Disputes
Ang aking kapitbahay ay nagtayo ng temporaryong tirahan para sa kanyang mga trabahador sa loob mismo ng aking bakanteng lote nang walang anumang pahintulot ko.,Property Disputes
Nagrereklamo ako dahil ang easement ng ilog sa likod ng aming bahay ay tinambakan ng kapitbahay ko ng mga lupa at bato kaya lumilipat ang agos sa aking pader doon.,Property Disputes
"Nag-away kami dahil sa isang kapirasong lupa sa pagitan ng aming mga bahay na pareho naming pinagtataniman ng gulay, inaangkin niya na sa kanya daw yun talaga.",Property Disputes
"Ang aking katabi ay naglagay ng barbed wire sa ibabaw ng aming shared fence na nakaharap sa aking bahay, napakadelikado para sa aking mga anak na naglalaro doon.",Property Disputes
Nagrereklamo ako dahil ang aking lupa na may tax declaration ay unt-unting pinapasukan ng mga informal settlers na pinapayagan ng aking sariling kapitbahay.,Property Disputes
"Nag-away kami ng aking tiyuhin dahil sa boundary ng aming sakahan, tuwing mag-aararo siya ay dinadagdagan niya ang",Property Disputes
"kabig ng lupa pabor sa kanyang sariling panig. Ang aking kapitbahay ay nagtayo ng mataas na pader na tuluyan nang humarang sa bintana ng aking kusina, nawalan kami ng natural na bentilasyon at liwanag sa loob.",Property Disputes
Nagrereklamo ako dahil ang aking bakanteng lote ay ginawang paradahan ng mga truck ng isang kumpanya dito sa amin nang walang anumang kasunduan sa upa o bayad.,Property Disputes
"Nag-away kami dahil sa paggamit ng balon o poso na nasa boundary ng aming dalawang lote, ayaw niya kaming papag-fetch ng tubig kahit may ambag kami sa paggawa noon.",Property Disputes
"Ang aking katabi ay nagtayo ng isang carport na ang bubong ay lumampas sa aming property line, at ang tulo ng tubig ay sumisira sa aking mga pananim na halaman.",Property Disputes
Nagrereklamo ako dahil ang aking kapatid ay nagbenta ng isang bahagi ng aming shared land nang walang aking pirma at pahintulot bilang co-owner ng lupa.,Property Disputes
"Nag-away kami dahil sa alulod ng bahay ng kapitbahay ko na nakatutok sa aking bintana, tuwing umuulan ay pumapasok ang malakas na wisik ng tubig sa aking sala.",Property Disputes
"Ang aking kapitbahay ay naglagay ng mga malalaking bato sa tapat ng kanyang bahay na sumakop na sa kalahati ng kalsada, nahihirapan kaming magmaniobra ng kotse namin.",Property Disputes
Nagrereklamo ako dahil ang aking lote na iniwan ko habang ako ay nasa abroad ay tinayuan ng permanenteng bahay ng aking pinsan nang walang pahintulot ng pamilya.,Property Disputes
"Nag-away kami dahil sa ari-arian ng aming pamilya, partikular ang isang pribadong daanan na pilit niyang binabakuran para hindi makadaan ang aking pamilya.",Property Disputes
Ang aking katabi ay nagtayo ng kural ng,Property Disputes
"kambing na nakadikit sa aking pader ng bahay, ang ihi at dumi ng hayop ay sumisipsip sa aking pader at napakabaho po talaga. Nagrereklamo ako dahil ang aking kapitbahay",Property Disputes
"ay ayaw pumayag na pumasok ang mga surveyor sa kanyang lote para makuha ang tamang sukat ng aking boundary line. Nag-away kami dahil sa paggamit ng common driveway sa aming apartment compound, palagi niyang iniiwan ang kanyang sirang motorsiklo doon nang napakatagal na panahon.",Property Disputes
"Nagreklamo po ako dahil ang aking pinapaupahang bahay ay hindi na binabayaran ng nangungupahan sa loob ng tatlong buwan, at ayaw pa rin nilang umalis dito sa yunit.",Contract Disputes
"May kasunduan kami ng isang karpintero na aayusin niya ang aming kusina sa loob ng dalawang linggo, nakuha na niya ang down payment pero hindi na nagpakita sa amin.",Contract Disputes
"Bumili ako ng appliances sa isang tindahan na may warranty, nung masira pagkalipas ng isang linggo ay ayaw nilang palitan o irepair nang libre ayon sa usapan namin.",Contract Disputes
"Nagbayad ako ng paunang bayad sa isang caterer para sa darating na kasal ng aking anak, kinansela nila ang event dahil sa kanila pero ayaw ibalik ang deposit ko ngayon.",Contract Disputes
"May kontrata kami ng aking landlord na hindi magtataas ng upa sa loob ng isang taon, pero pagkalipas ng anim na buwan ay bigla siyang nagdagdag ng limang daang piso.",Contract Disputes
"Kumuha ako ng serbisyo ng isang tricycle driver para ihatid-sundo ang aking anak sa eskwelahan buwan-buwan, bigla siyang tumigil nang walang sabi-sabi kahit bayad na siya.",Contract Disputes
"Nagreklamo ako laban sa isang contractor na nag-install ng aming bubong, napakapangit ng gawa at tumutulo pa rin nung umulan,",Contract Disputes
"ayaw naman nilang ayusin muli ang bubong. Nagreklamo ako laban sa isang contractor na nag-install ng aming bubong, napakapangit ng gawa at tumutulo pa rin nung umulan, ayaw naman nilang ayusin muli ang bubong.",Contract Disputes
"Nagpa-renovate ako ng aking banyo at nagbigay ng pondo para sa mga materyales, nalaman ko na mga mumurahing klase ang ginamit at hindi yung napagkasunduan namin sa papel.",Contract Disputes
"Ang aking kontrata sa pag-upa ng puwesto sa palengke ay may deposito na dalawang buwan, nung umalis ako matapos ang kontrata ay ayaw ibalik ng may-ari ang aking pera.",Contract Disputes
Nag-away kami ng aking ahente sa lupa dahil hindi niya ibinigay ang aking komisyon mula sa benta ng ari-arian na ako naman ang naghanap ng direktang mamimili doon.,Contract Disputes
"para gumawa ng mga uniporme ng aking mga empleyado ay naghatid ng mga maling sukat at kulang ang bilang ng gawa sa akin. May kasunduan kami na babayaran niya ang paggamit ng aking sound system sa kanyang event, matapos ang okasyon ay marami siyang reklamo at ayaw ibigay ang buong bayad.",Contract Disputes
"Ang aking landlord ay biglang nagpatupad ng bagong patakaran na bawal ang bisita sa loob ng apartment, na hindi naman nakasulat sa aming pinirmahang kontrata ng upa.",Contract Disputes
Nagbayad ako para sa pagpapadala ng aking,Contract Disputes
"mga balikbayan box sa probinsya, lumipas na ang dalawang buwan ay hindi pa nakakarating at ayaw mag-refund ng ahensya sa akin. Kumuha ako ng aircon technician para maglinis ng aming unit, matapos niyang gawin ay tuluyan nang hindi gumana ang aircon at ayaw niyang panagutan ang naging",Contract Disputes
"sira nito. May nakasulat kaming kasunduan sa pagbili ng baboy pangkumpis, naggive ago ng down payment pero nung araw ng katayan ay ibinenta niya sa ibang tao ang baboy na yun.",Contract Disputes
"Nagreklamo ako dahil ang pinaupahan kong sasakyan ay ibinalik ng nangungupahan na may matinding gasgas at yupi, ayaw niyang bayaran ang pagpapagawa sa talyer ng kotse.",Contract Disputes
"Nag-away kami ng aking subcontractor sa construction dahil iniwan nila ang trabaho sa kalagitnaan ng proyekto, kahit naibigay ko na ang kaukulang sahod nila maghapon.",Contract Disputes
"May kasunduan kami sa pagbili ng isang kapirasong lupa sa pamamagitan ng installment, matapos kong makumpleto ang bayad ay ayaw niyang ibigay ang deed of sale sa akin.",Contract Disputes
"Kumuha ako ng photography service para sa kaarawan ng aking anak, natapos ang event pero anim na buwan na ay ayaw pa rin nilang ibigay ang mga soft copies ng larawan ko.",Contract Disputes
"Nagreklamo ako laban sa aking kasosyo sa pagtatanim ng sibuyas, nagkasunduan na hahatiin ang kita pagkatapos ng ani pero sinolo niya ang pera nung makabenta siya sa bayan.",Contract Disputes
"May kontrata kami ng pag-upa na kasama ang bayad sa tubig at kuryente, pero ngayon ay pinagbabayad pa kami ng landlord ng karagdagang singil para sa maintenance daw.",Contract Disputes
"Nagbayad ako ng advance para sa pagpapagawa ng gate na bakal sa isang talyer, lumampas na ang takdang araw ng deliver pero hindi pa rin nila nasisimulan ang gawa doon.",Contract Disputes
"Nag-away kami ng aking supplier ng bigas dahil nagpadala sila ng mga sako na may amag at sira ang kalidad, malayo sa sample na ipinakita nila sa akin noon sa usapan.",Contract Disputes
"Kumuha ako ng guwardya para sa aking tindahan sa pamamagitan ng isang agency, hindi sila nagpadala ng tao sa takdang oras kaya nanakawan ang aking sariling establisyimento.",Contract Disputes
"May kasunduan kami ng aking pinsan na aayusin niya ang aking laptop, nagbayad ako ng pambili ng piyesa pero nalaman ko na kinuha lang niya ang mga lumang piyesa ko doon.",Contract Disputes
"Nagreklamo ako dahil ang pinaupahan kong washing machine sa isang laundry shop ay nasira dahil sa maling paggamit, ayaw nilang bayaran ang halaga ng unit na nasira.",Contract Disputes
"May kontrata kami sa pagbili ng mga pananim na saging, nagbayad ako ng deposito pero nung panahon ng anihan ay itinaas niya ang presyo bawat kilo nang walang abiso sa akin.",Contract Disputes
"Nag-away kami ng aking mekaniko dahil nagdagdag siya ng mga kung anu-anong serbisyo at piyesa sa aking kotse nang walang pahintulot ko, tapos ang laki ng singil niya ngayon.",Contract Disputes
"Sinasadya po ng kapitbahay ko na maglagay ng nakakahilong pabango o insenso malapit sa bintana ko tuwing gabi, sumasakit ang ulo ng aking buong pamilya sa amoy.",Neighbor Disputes
Nagreklamo ako dahil yung mga manggagawa sa katabing building ay palaging nagtatapon ng kanilang mga pinagbalatan ng pagkain at plastik sa aking sariling bubong.,Neighbor Disputes
"Yung alagang pabo ng kapitbahay ko ay palaging gumagawa ng nakakarinding ingay tuwing madaling araw, hindi kami makatulog nang maayos dahil sa tilaok at huni nito.",Neighbor Disputes
"Palaging nagpapainit ng lumang truck ang kapitbahay ko sa tapat ng aming sala, ang itim na usok ay pumapasok at bumabalot sa loob ng bahay namin araw-araw.",Neighbor Disputes
Nag-away kami dahil yung mga bata sa katabi ay palaging nagsusulat ng mga kung anu-ano gamit ang tsoke sa pader ng aking bakod nang walang paalam ko.,Neighbor Disputes
"Yung drainage ng washing machine nila ay direktang umaagos sa eskinita sa tapat ng aking pinto, kaya palaging may bumubulang sabon at madulas ang daan doon.",Neighbor Disputes
"Nagtayo sila ng malaking hawla ng mga ibon na nakadikit sa aming pader, napakaingay ng huni at nagliliparan ang mga maliliit na balahibo sa aming kusina.",Neighbor Disputes
"Palaging hinaharangan ng kotse ng bisita ng katabi ko ang aming basurahan, kaya hindi ito makuha ng mga kolektor ng basura tuwing dadaan sila sa kalye namin.",Neighbor Disputes
Nagreklamo ako dahil yung mga sanga ng puno ng bougainvillea ng kapitbahay ay nakasabit na sa aming gate at may mga matatalas na tinik na nakakasugat sa amin.,Neighbor Disputes
"Sinasadya po ng katabi namin na magpukpok ng mga bakal tuwing oras ng aming pananghalian, napakabastos at walang konsiderasyon sa kapwa tao talaga.",Neighbor Disputes
"Yung septic tank ng kapitbahay ko ay may lamat kaya umaalingasaw ang mabahong amoy sa aming likod-bahay, ayaw naman nilang ipagawa sa tubero ang sira.",Neighbor Disputes
Nag-away kami dahil yung mga boarders sa tapat ay palaging nag-iiwan ng kanilang mga sapatos at tsinelas sa tapat ng aking pintuan sa common hallway.,Neighbor Disputes
Yung alagang pusa ng kapitbahay ay palaging natutulog sa ibabaw ng windshield ng aking kotse at nag-iiwan ng mga malalalim na gasgas ng kuko sa pintura.,Neighbor Disputes
"Nagtayo sila ng extension ng pader na gawa sa yero na napakataas, tuluyan nang nawalan ng sikat ng araw ang aking mga halaman sa aking hardin.",Neighbor Disputes
Palaging nag-eensayo ng pagtugtog ng,Neighbor Disputes
"drums ang anak ng katabi namin tuwing alas-diyes ng gabi, nayayanig ang kisame ng aming kwarto sa lakas ng palo. Nagtapon po ng patay na pusa ang hindi kilalang tao pero hinala ko ay ang kapitbahay ko dahil nag-away kami kahapon, inilagay sa tapat ng aking tindahan mismo.",Neighbor Disputes
Yung alulod ng kapitbahay ay sira kaya ang bagsak ng tubig tuwing umuulan ay parang malaking baha na pumapasok sa loob ng aking garahe at talyer.,Neighbor Disputes
Sinasadya ng kapitbahay ko na itapat ang kanilang basura sa aking side gate tuwing gabi para doon kalkalin at ikalat ng mga ligaw na aso sa kalsada.,Neighbor Disputes
Nagreklamo ako dahil yung mga pananim na kawayan ng katabi namin ay naglalagas ng napakaraming tuyong dahon sa aking maliit na paliguan o swimming pool.,Neighbor Disputes
"Palaging nagwawala ang kapitbahay naming binata kapag natatalo sa online games gabi-gabi, sumisigaw ng mga bastos na salita na naririnig ng mga anak ko sa kwarto.",Neighbor Disputes
"Humiram po ng perang pampuhunan sa pagtitinda ng isda ang aking kapitbahay na nagkakahalaga ng walong libong piso, hanggang ngayon ay hindi pa nagbabayad sa akin.",Money/Debt Disputes
"Kumuha ng mga order na rasyon ng pagkain sa aking karinderya ang isang construction worker, umabot sa kapat na iyon ang utang at bigla na lang lumipat ng ibang site ngayon.",Money/Debt Disputes
"Nagpahiram ako ng pera para sa pambili ng gamot sa high blood ng tatay ng aking kaibigan, nangakong ibabalik pagkasahod pero blinock na ako sa telepono niya.",Money/Debt Disputes
"Kumuha sa akin ng dalawang sako ng uling ang isang nagbabarbecue dito, anim na buwan na ang nakalipas ay ayaw pa rin ibigay ang bayad na tatlong daang piso sa akin.",Money/Debt Disputes
"Humiram ng pera ang aking pinsan para sa pambayad ng kuryente dahil naputulan sila, hanggang ngayon ay dedma lang siya kapag nakikita ako sa labas ng bahay.",Money/Debt Disputes
"Nagpautang ako ng kapital sa aking kaibigan para sa kanyang bakery business, nalaman ko na ipinansugal lang pala ang pera na yun at ngayon ay ayaw na akong bayaran.",Money/Debt Disputes
"Kumuha ng mga order na meryenda sa ake ang isang guro para sa kanilang school event, natapos ang okasyon pero ayaw na niyang ibigay ang natitirang balanse sa akin.",Money/Debt Disputes
"Humiram ng pera ang isang drayber ng kuliglig para sa pagpapagawa ng gulong, nangakong magbabayad linggo-linggo pero isang buwan nang hindi nagpapakita sa pasada.",Money/Debt Disputes
Nagpautang ako ng mga personal na gamit,Money/Debt Disputes
"tulad ng plantsa at blower sa aking kapitbahay, ibinenta niya sa iba at ayaw akong bayaran sa kabuuang halaga ng gamit. Kumuha ng mga hollow blocks sa aking maliit na pagawaan ang isang kontratista, umabot sa labing-isang libo ang utang at ayaw nang sumagot sa aking mga text ngayon.",Money/Debt Disputes
"Humiram ng pera ang aking pamangkin para sa processing ng kanyang kontrata sa barko, hindi siya natuloy dahil nagkasakit pero ayaw ibalik ang aking pera kailanman.",Money/Debt Disputes
"Nagbenta ako ng aking lumang semento at mga bakal sa kapitbahay ko na nagpapagawa ng bahay, nagbigay ng down payment pero ang balanse ay ayaw nang bayaran sa akin.",Money/Debt Disputes
"Humiram po ng pera ang aking mare para sa pambili ng sapatos ng anak niya para sa graduation, lumipas na ang dalawang buwan ay wala pa ring ibinibigay na bayad sa akin.",Money/Debt Disputes
"Nagpautang ako sa isang tindera ng kwek-kwek ng pampuhunan, araw-araw dapat ang singilan pero palagi siyang nagdadahilan na mahina ang benta para",Money/Debt Disputes
"hindi magbayad ngayon. Humiram ng pera ang aking kapitbahay para sa pambili ng ticket sa bus pauwing probinsya, nangakong babayaran kapag nakabalik na pero ngayon ay ayaw nang magpakita sa akin.",Money/Debt Disputes
"Kumuha sa akin ng mga panindang kosmetiko ang isang reseller, naibenta na ang lahat pero ayaw ibigay ang kapital at tubo na para sa akin ayon sa naging usapan namin.",Money/Debt Disputes
Humiram ng pera ang aking kapitbahay para,Money/Debt Disputes
"sa paghahanda sa kaarawan ng kanyang asawa, nangakong magbabayad pagkatapos ng isang buwan pero ngayon ay nagtatago na siya. Nagpautang ako ng pera sa isang drayber ng van para sa pambayad ng rehistro, tatlong buwan na akong naghihintay ng bayad pero palagi siyang may ibang dahilan sa akin.",Money/Debt Disputes
"Kumuha ng printing service sa akin ang isang kandidato para sa barangay election, natapos ang halalan at natalo siya, ngayon ay ayaw na akong bayaran sa natitirang balanse.",Money/Debt Disputes
"Humiram ng perang pampagamot sa aso ang aking kapitbahay dahil na-confine sa vet, ngayon ay maayos na ang aso pero ang utang sa akin ay ayaw nang bayaran ng may-ari.",Money/Debt Disputes
Nag-aaway kaming magkakapatid dahil sa ancestral house ng aming mga magulang. Gusto nilang gibain at patayuan ng commercial building nang wala ang aking pirma sa papel.,Family Matters
"Ang aking asawa ay hindi nagbibigay ng pondo para sa pagpapakain at baon ng aming tatlong anak na nag-aaral, lahat ng pera niya ay napupunta sa kanyang sariling bisyo.",Family Matters
"Pinalayas ako ng aking biyenang babae sa lupa na pamana sa asawa ko, dahil lang sa",Family Matters
"nagkaroon kami ng hindi pagkakaunawaan tungkol sa pag-aalaga ng aming bata doon. Nagrereklamo ako laban sa aking tito dahil sinolo niya ang kita mula sa sakahan na iniwan ng aming lolo, na dapat ay hinahati sa lahat ng pamilya namin sa probinsya.",Family Matters
Ang aking amain ay palaging nagwawala sa loob ng bahay kapag nakainom at pinagbabantaan ang buhay ng aking ina at naming mga magkakapatid gabi-gabi talaga.,Family Matters
Nag-aaway kami ng aking pinsan dahil sa,Family Matters
"pag-aalaga sa aming paralisadong ama, pinapabayaan nila ang obligasyon at ako lang ang nagpupuyat at gumagastos sa gamot. Kinuha ng aking tiyahin ang mga alahas na iniwan ng aking yumaong ina na dapat ay para sa aking kinabukasan, sinasiya niya na ibinenta na niya nang walang paalam ko.",Family Matters
"Pinagkakaitan ako ng aking dating asawa na makausap sa telepono ang aking mga anak, kahit may utos ang barangay na bigyan ako ng sapat na access sa kanila araw-araw.",Family Matters
Nagrereklamo ako sa aking kapatid dahil ayaw niyang makibahagi sa pambayad ng amilyar ng lupang pag-aari ng aming pamilya na sama-sama naman naming ginagamit doon.,Family Matters
"Pinasok ng aking hipag ang aking tindahan at kinuha ang mga natitirang stock ng paninda, sinabi niya na kabayaran daw yun sa utang ng asawa ko na wala naman akong alam.",Family Matters
Ang aking anak na may sarili nang pamilya ay palaging bumabalik sa aming bahay para mag-eskandalo at hingin ang buwanang pensyon ng kanyang matandang ama sa amin.,Family Matters
"Nag-away po kami ng aking kapatid dahil sa paggamit ng traktora na pamana ng aming ama, ayaw niya kaming pahiramin kahit panahon na ng pag-aararo ng aking sariling bukid.",Family Matters
"Ang aking tiyuhin ay nagtayo ng piggery sa tapat mismo ng aking bahay na nasa loob ng compound ng pamilya, napakabaho at hindi makakain ang mga anak ko sa sala.",Family Matters
Nagrereklamo ako dahil ang aking asawa ay umalis ng bahay kasama ang aming bunsong anak at lumipat sa kanyang mga magulang nang walang malalim na dahilan o paliwanag.,Family Matters
"Ang aking nakababatang kapatid ay palaging nagdadala ng mga hindi kakilalang tao sa aming bahay at doon nagpupuyat, nawalan kami ng seguridad at katahimikan sa gabi.",Family Matters
"Nag-aaway ang aking mga pinsan tungkol sa kung sino ang dapat mag-asikaso ng papeles ng titulong nawawala, nagtuturuan at nagpapakalat ng maling kwento sa iba.",Family Matters
Ang aking manugang ay palaging nagpo-post,Family Matters
"sa Facebook ng mga paratang na ako daw ay masamang biyenan at nangingialam sa kanilang buhay mag-asawa gabi-gabi. Nagrereklamo ako laban sa aking ama dahil may bago na siyang kinakasama at tuluyan na kaming pinabayaan, hindi na nagbibigay ng pambayad sa kuryente at tubig namin.",Family Matters
Ang aking kapatid ay puwersahang kinukuha ang titulo ng aming lupa para isanla sa patubuan nang walang pahintulot ng aming mga kapwa tagapagmana dito sa barangay.,Family Matters
Nag-away kami ng aking pamangkin dahil sinira niya ang aking motorsiklo nung hiniram niya ito nang walang paalam at nabangga siya dahil sa kalasingan niya sa kalsada.,Family Matters
Pinasok ng kapitbahay ang aking garahe nang walang pahintulot habang kami ay nasa simbahan at sinira niya ang aking mga upuan dahil lang sa galit sa amin kahapon.,Petty Criminal Offenses
"Sinigawan ako at pinagmumura ng isang lalaki sa palengke sa harap ng aking mga mamimili, tinawag akong mandaraya sa timbang nang walang anumang patunay sa akin.",Petty Criminal Offenses
"Binato ng kapitbahay ang aming aircon unit sa labas at nayupi ang bakal, nakita ng aking katulong ang ginawa niya ngunit ayaw aminin ng kanyang pamilya sa amin.",Petty Criminal Offenses
Nagreklamo ako dahil pinagbantaan ako ng aking katabi na lalasunin daw niya ang aking mga alagang manok kapag narinig pa niya itong tumilaok tuwing umaga ng maaga.,Petty Criminal Offenses
"Sinasadya po ng isang drayber dito na harangan ang aking pintuan tuwing umaga gamit ang kanyang dyip, at nagwawala kapag sinasabihan na iurong ito nang kaunti.",Petty Criminal Offenses
"Nagkalat ng tsismis sa buong purok ang aking kapitbahay, sinabi niya na ang aking anak ay nabuntis ng kung sino-sino para lang sirain ang aming reputasyon sa lahat.",Petty Criminal Offenses
"Sinira ng isang lasing ang aming sign board sa sari-sari store nung gabi ng sayawan, pinagpupunit at itinapon sa kanal ang mga plastik na karatula namin doon.",Petty Criminal Offenses
"Nag-away kami ng isang residente dahil pilit niyang pinapasok ang aking taniman kahit may bakod, at pinagbantaan pa niya ako nung sinabihan ko siyang lumabas agad.",Petty Criminal Offenses
"Pinagbantaan po ng aking katabi ang aking pamilya, sinabi niya na may mangyayaring masama sa amin kapag hindi namin inurong ang reklamo namin sa barangay ngayon.",Petty Criminal Offenses
"Nagreklamo ako dahil palaging tinatapon ng katabi ko ang kanilang maruming diaper sa aking bubong, nagiging sanhi ito ng matinding amoy at uod sa aming alulod doon.",Petty Criminal Offenses
Sinira ng alagang baka ng kapitbahay ang aking mga pananim na mais dahil hinayaan nilang makalag nang walang lubid kahit alam nilang may taniman doon sa tabi.,Petty Criminal Offenses
Tinawag akong 'estapador' at 'manggagantso' ng aking tiyahin sa harap ng aking mga kapitbahay nung magkaroon kami ng pagtatalo tungkol sa hatian sa lupa kahapon.,Petty Criminal Offenses
Binato ng mga hindi kilalang kabataan ang,Petty Criminal Offenses
"aming bintana ng mga basag na bote tuwing madaling araw, natatakot kami na baka may masugatan sa aking mga anak sa kwarto. Sinadya po ng aking kapitbahay na gasgasan ang aking bagong motorsiklo gamit ang susi habang ito ay nakapark sa aming tapat, nakita sa aking sariling dashcam.",Petty Criminal Offenses
Pinagbantaan ng isang lalaki sa aming subdivision ang aking asawa na sasasabugan daw niya ang aming bahay kapag hindi kami umalis sa aming kalye kailanman.,Petty Criminal Offenses
"Nagreklamo ako dahil pumasok ang aking kapitbahay sa loob ng aking kusina nang walang paalam habang ako ay nagluluto, at nagsimulang sumigaw at magwala doon sa loob.",Petty Criminal Offenses
"Siniraan ako ng aking katrabaho sa aming manager, gumawa siya ng kwento na ako daw ay nagbebenta ng mga impormasyon ng kumpanya kaya ako ay pinatawag sa HR ngayon.",Petty Criminal Offenses
"Binura at sinira ng kapitbahay ang aking mga muhon sa lupa, binunot niya ang mga posteng bakal na inilagay ng engineer bilang harang sa aming lote nung isang buwan.",Petty Criminal Offenses
Sinasadya ng isang grupo ng mga kalalakihan sa kanto na hiyawan at bastusin ang aking kapatid na babae tuwing siya ay uuwi galing sa trabaho sa gabi gabi-gabi.,Petty Criminal Offenses
Nagreklamo ako dahil pinagpupunit ng aking kapitbahay ang aking mga tarpaulin para sa aking kandidatura sa homeowners association na nakapaskil sa aking gate mismo.,Petty Criminal Offenses
Nag-aaway po kami ng kapitbahay ko dahil yung pader ng kanyang bagong garahe ay lumampas ng tatlumpung sentimetro sa aking lote ayon sa sukat ng geodetic ngayon.,Property Disputes
Ang aking kapitbahay ay hinarangan ang right-of-way papunta sa aking likod-bahay,Property Disputes
gamit ang mga sako ng semento at mga hollow blocks para hindi kami makadaan doon. Nagrereklamo ako dahil ang boundary line ng aming bukid ay binago ng katabi namin nung nag-araro siya habang ako ay nasa ospital at nagpapagaling sa lagnat.,Property Disputes
"May lumang easement po sa tabi ng aking lote para sa daanan ng tao, pero tinayuan ito ng kapitbahay ko ng tindahan kaya tuluyan nang naharangan ang daan namin.",Property Disputes
"Nag-away kami ng aking pinsan dahil sa hatian ng lupang iniwan ng lola, sinakop niya ang bahagi na malapit sa poso at iniwan sa aking ang tuyong bahagi sa likod.",Property Disputes
"Ang aking katabi ay nagtayo ng extension ng kanyang bubong na walang alulod, kaya tuwing umuulan ay sa aking dingding bumabagsak ang lahat ng tubig-ulan maghapon.",Property Disputes
Nagrereklamo ako dahil ang aming common pathway sa compound ay ginawang permanenteng sampayan at tambakan ng basura ng isang kapitbahay namin doon sa apartment.,Property Disputes
"Ayaw ibigay ng dating may-ari ang susi at posesyon ng bahay na nabili ko na at may kaukulang papeles, patuloy pa rin silang nakatira doon nang walang bayad ngayon.",Property Disputes
Nag-away kami dahil sa isang bakod na,Property Disputes
"kawayan sa pagitan ng aming mga lote, sinira niya ito nang walang paalam para gumawa ng sarili niyang paradahan ng motor. Ang aking kapitbahay ay nagtayo ng bintana sa kanyang ikalawang palapag na nakatutok mismo sa loob ng aking kwarto, nawalan kami ng privacy ng aking asawa gabi-gabi.",Property Disputes
Nagrereklamo ako dahil ang daanan ng mga tricycle sa aming purok ay sinusakop ng isang residente sa pamamagitan ng paglalagay ng mga malalaking paso at halaman doon.,Property Disputes
"Nag-away kami ng aking kapatid dahil sa lupang pamana na may titulo, ayaw niyang ibigay ang aking bahagi at pilit niyang isinasama sa kanyang sariling sukat sa papel.",Property Disputes
"Ang aking katabi ay naghukay sa gilid ng aking bakod para sa kanyang bagong drainage, natatakot ako dahil baka bumigay ang pader ko kapag lumindol o umulan ng malakas.",Property Disputes
"Nagrereklamo ako dahil ang aking lote ay ginawang daanan ng mga mabibigat na truck ng semento ng kontratista ng kapitbahay ko, nasira ang aking kalsada sa harap.",Property Disputes
"Ang right-of-way na ginagamit namin sa loob ng dalawampung taon ay biglang hinarangan ng bagong may-ari ng lupa sa harap, wala na kaming madaanan ngayon pabalik sa amin.",Property Disputes
"Nag-away kami dahil sa boundary tree na puno ng mangga, pinutol niya ang mga pangunahing sanga nito nang walang paalam at kinuha ang lahat ng mga prutas na hilaw.",Property Disputes
Ang aking kapitbahay ay nagtayo ng isang temporaryong dirty kitchen na nakadikit sa aking bakod at ang usok ay dumidiretso sa loob ng aking bintana sa kusina.,Property Disputes
Nagrereklamo ako dahil ang aking paupahang lupain ay ayaw iwanan ng mga dating magsasaka kahit tapos na ang aming kontrata sa loob ng tatlong taon na nakalipas.,Property Disputes
"Nag-away kami ng aking pinsan dahil sa daanan ng tao sa loob ng aming pamilyang compound, palagi niyang hinaharangan ng kanyang mga paninda at malaking mesa.",Property Disputes
"Ang aking katabi ay naglagay ng tubo ng maruming tubig na nakadirekta sa aking bakanteng lote, kaya nagiging maputik at amoy imburnal ang aking ari-arian doon.",Property Disputes
Nagreklamo po ako dahil ang aking pinapaupahang apartment ay hindi na binabayaran ng tenant sa loob ng dalawang,Contract Disputes
"buwan, at ayaw pa rin nilang lisanin ang aking yunit. May kasunduan kami ng isang panday na gagawa ng aming gate sa loob ng isang linggo, nakuha na niya ang paunang bayad pero hindi na siya nagpapakita sa amin kailanman.",Contract Disputes
Bumili ako ng telebisyon sa isang tindahan na,Contract Disputes
"may anim na buwang warranty, nung masira pagkalipas ng isang buwan ay ayaw nilang tanggapin para sa repair o kapalit. Nagbayad ako ng paunang bayad sa isang wedding coordinator para sa kasal ng aking kapatid, kinansela nila ang kontrata pero ayaw nilang ibalik ang aking deposit doon.",Contract Disputes
"May kontrata kami ng aking landlord na fixed ang upa sa loob ng dalawang taon, pero pagkalipas ng tatlong buwan ay bigla siyang nagtaas ng presyo ng renta sa amin.",Contract Disputes
"Kumuha ako ng serbisyo ng isang drayber para sa service ng aking mga anak sa paaralan, bigla siyang tumigil sa kalagitnaan ng buwan kahit bayad na siya nang buo sa akin.",Contract Disputes
"Nagreklamo ako laban sa isang pintor na kinuha ko para magpinta ng bahay, napakapangit ng gawa at kulubot ang pintura, ayaw naman niyang ulitin ang kanyang gawa ngayon.",Contract Disputes
"May kasunduan kami ng aking kapitbahay na bibilhin ko ang kanyang motor sa pamamagitan ng tatlong hulog, nung ibibigay ko na ang huling hulog ay iba ang ibinigay niya sa akin.",Contract Disputes
"Nagpa-renovate ako ng aking bubong at nagbigay ng pondo para sa mga bagong yero, nalaman ko na mga lumang yero na pinintahan lang ang ginamit ng kontratista ko doon.",Contract Disputes
"Ang aking kontrata sa pag-upa ng puwesto sa canteen ay may deposit na isang buwan, nung natapos ang kontrata ay ayaw na ibalik",Contract Disputes
ng pamunuan ang aking pera sa akin. Nag-away kami ng aking broker dahil hindi niya ibinigay ang aking parte sa benta ng sasakyan na ako naman ang naghanap ng kliyente at nag-asikaso ng mga papeles.,Contract Disputes
Nagreklamo ako dahil ang kinuha kong talyer para gumawa ng aking traysikel ay nag-install ng mga sirang piyesa kaya hindi ko ito magamit sa aking pasada araw-araw.,Contract Disputes
"May kasunduan kami na babayaran niya ang pagrenta ng aking mga upuan at mesa sa kanyang handaan, matapos ang event ay ayaw na niyang magpakita at magbayad sa akin.",Contract Disputes
"Ang aking landlord ay biglang nagbago ng patakaran tungkol sa paggamit ng kuryente, na hindi naman nakasulat sa aming orihinal na kontrata ng pag-upa sa apartment.",Contract Disputes
"Nagbayad ako para sa pagpapadala ng aking mga produkto sa probinsya, lumipas na ang tatlong linggo ay hindi pa ito nakakarating at ayaw mag-refund ng courier sa akin.",Contract Disputes
"Kumuha ako ng tubero para ayusin ang tulo sa banyo, matapos niyang magawa ay lalong lumaki ang tulo ng tubig at ayaw niyang bumalik para ayusin ito nang libre ngayon.",Contract Disputes
"May nakasulat kaming kasunduan sa pagbili ng isang baka, nagbigay ako ng down payment pero nung araw ng kuhaan ay ibinenta niya ito sa mas mataas na nag-alok sa kanya.",Contract Disputes
"Nagreklamo ako dahil ang pinaupahan kong generator ay ibinalik ng nangungupahan na sunog ang makina, ayaw niyang panagutan ang gastos sa pagbili ng bago o repair.",Contract Disputes
"Nag-away kami ng aking kapareha sa negosyo dahil iniwan niya ang aming karinderya sa kalagitnaan ng buwan, kahit may pinirmahan kaming kontrata ng pagsasama noon.",Contract Disputes
Nag-away kami ng aking kapareha sa,Contract Disputes
"negosyo dahil iniwan niya ang aming karinderya sa kalagitnaan ng buwan, kahit may pinirmahan kaming kontrata ng pagsasama noon. Yung aso ng kapitbahay namin, palaging pinapakawalan pag gabi tapos sa tapat ng gate namin dumudumi. Ilang beses na namin sinabihan pero pinag-aawayan lang namin palagi.",Neighbor Disputes
"Yung kapitbahay namin sa Purok 4, ginawang",Neighbor Disputes
"tambakan ng mga lumang gulong at sirang refrigerator yung likod ng bahay nila na dikit sa dingding namin, pinamumugaran na po ng daga at lamok. Nagrereklamo po ako dahil yung alulod ng bubong ng katabi naming bahay ay nakatapat mismo sa bintana ng kwarto ko. Pag umuulan, bumabaha sa loob ng kwarto namin ang agos ng tubig.",Neighbor Disputes
"Grabe po yung usok galing sa ihawan ng barbecue ng kapitbahay ko. Direkta pong pumasok sa loob ng bahay namin araw-araw, nahihirapan na po huminga ang anak kong may asthma.",Neighbor Disputes
Pinarada po ng driver ng katabing bahay yung truck nila sa mismong tapat ng gate namin. Hindi po namin mailabas ang aming tricycle para pumasok sa pasada.,Neighbor Disputes
"Yung sanga ng mangga ng kapitbahay ay nakalaylay na sa bubong ng aming kusina. Natatakot kami na baka bumagsak ito pag may bagyo, ayaw naman nilang putulin kahit nakiusap na kami.",Neighbor Disputes
Madaling araw na po kung mag-ayos at mag-pukpok ng mga bakal yung talyer sa katabi namin. Hindi na po makatulog ang pamilya ko dahil sa ingay.,Neighbor Disputes
"Sinisiraan po kami ng katabing tindahan, sinasabi nila sa mga bumibili na panis at marumi ang mga paninda kong kakanin para sa kanila na lang bumili ang mga tao.",Neighbor Disputes
Nagtayo po ng kulungan ng baboy ang,Neighbor Disputes
"kapitbahay ko malapit sa boundary namin. Sobrang baho po talaga, hindi kami makakain nang maayos sa loob ng bahay. Yung tubig mula sa washing machine ng",Neighbor Disputes
"kapitbahay kapag naglalaba sila, diretso pong umaagos sa tapat ng pintuan namin. Nagbubuong lumot na at nadulas na nga po ang lola ko dun nung isang araw. Palagi pong nag-iinuman sa tapat ng talyer ang mga kaibigan ng kapitbahay ko tuwing gabi. Ang kalsada po ay barado na at natatakot ang mga anak ko dumaan pag-uwi galing eskwela.",Neighbor Disputes
Hinahayaan lang po ng may-ari ng kambing na pumasok sa bakuran ko ang alaga niya. Kinakain po lahat ng mga pananim kong gulay na ibebenta ko sana sa palengke.,Neighbor Disputes
Naglagay po ng CCTV camera ang kapitbahay namin na nakatutok mismo sa loob ng aming bintana at sala. Nararamdaman po namin na nawalan na kami ng privacy sa sarili naming tahanan.,Neighbor Disputes
"Nagwawalis po ng tuyong dahon at basura ang katabi namin pero sa tapat ng aming gate niya tinitipon at iniiwan, kaya pag humangin ay bumabalik lang din sa amin.",Neighbor Disputes
"Grabe po mag-away ang mag-asawa sa kabilang bahay, nagbabalibagan ng gamit sa dingding na kahoy na nagdudulot ng matinding kaba sa aming mga senior citizen na nakatira rito.",Neighbor Disputes
Binato po ng anak ng kapitbahay ko ang bubong namin dahil nagagalit sila nung sinabihan ko silang huwag mag-basketball sa tapat ng bintana namin tuwing oras ng tulog.,Neighbor Disputes
"Yung drainage po ng kapitbahay ay nakasaksak sa aming kanal, pero dahil barado ang sa kanila, ang maruming tubig na may kasamang grasa ay umaapaw sa aming bakuran.",Neighbor Disputes
Nagtayo po sila ng temporaryong sari-sari,Neighbor Disputes
"store na humarang na sa daanan ng mga tao dito sa eskinita namin sa Purok Tres. My neighbor keeps tracking his mud-covered boots and construction materials through our shared hallway in the apartment, making it extremely messy and unsafe for everyone.",Neighbor Disputes
"Tuwing madaling araw, nagpapatakbo ng makina ng jeep ang kapitbahay namin ng halos isang oras bago umalis. Ang ingay at ang itim na usok ay pumapasok sa aming kwarto.",Neighbor Disputes
"Nagreklamo po ako dahil yung pinutol na puno ng kawayan ng kapitbahay ko ay hinayaan lang nilang nakahandusay sa tapat ng aking tindahan, nahihirapan tuloy pumasok ang mga customer.",Neighbor Disputes
Pinagbintangan ako ng kapitbahay ko na ako raw ang nagnakaw ng sampay niyang kumot dahil nakita niya akong naglalaba rin nung araw na mawala iyon.,Neighbor Disputes
Yung pinapaupahang kwarto sa katabi namin,Neighbor Disputes
ay ginawang tambayan ng mga kabataan na naglalaro ng online games habang sumisigaw at nagmumurahan hanggang alas-tres ng umaga. Sinadyang harangan ng semento ng kapitbahay ko ang daluyan ng tubig-ulan kaya ngayon ay naiipon ang baha sa tapat ng aking pintuan at pumapasok na sa loob.,Neighbor Disputes
"Naglagay po ng malaking basura ang kapitbahay ko sa boundary line namin, at nung nakiusap ako na ilipat, sinigawan pa ako at pinagmumura sa harap ng maraming tao.",Neighbor Disputes
"Pinutol po ng kapitbahay ko ang mga bulaklak ko sa labas ng bakod ko na hindi man lang nagpapaalam sa akin, pinalabas pa nila na sagabal daw sa paglalakad nila.",Neighbor Disputes
Nag-away po kami ng kapitbahay ko dahil yung pusa nila palaging pumapasok sa kusina namin at kinakain ang mga,Neighbor Disputes
"nakahandang ulam sa mesa, tapos magagalit pa sila pag binubugaw ko. Nagpapatugtog po ng napakalakas na bass amplifier ang katabing bahay simula umaga hanggang hapon kahit alam nilang may natutulog kaming sanggol at panggabi ang trabaho ko.",Neighbor Disputes
Sinunog po ng kapitbahay ko ang mga plastik at tuyong dahon sa tapat mismo ng aming bahay kaya naging dahilan ito ng makapal na usok na pumasok sa aming sala.,Neighbor Disputes
"Yung mga construction worker na gumagawa sa katabing bahay ay palaging umihi sa gilid ng bakod namin, sobrang baho na po ng paligid at walang ginagawa ang may-ari kahit sinabihan na namin.",Neighbor Disputes
"I am reporting our neighbor who continuously leaves their large trash bins directly in front of our main gate, blocking our car from entering or leaving the garage.",Neighbor Disputes
"Nagtayo po sila ng extension ng kanilang terrace na sumobra na sa tapat ng aming bintana, kaya nawalan na kami ng liwanag at hangin na pumapasok sa aming bahay.",Neighbor Disputes
"Ayaw po kaming paraanin ng may-ari ng dulo na bahay sa eskinita kahit yun lang ang tanging daanan papasok sa aming tirahan, nilagyan po nila ng harang na mga kahoy.",Neighbor Disputes
"Ang mga bata sa kapitbahay ay palaging naglalaro ng holen at lato-lato sa tapat ng aming bintana tuwing tanghali na oras ng aming pahinga, hindi po sila pinagbabawalan ng kanilang mga magulang.",Neighbor Disputes
Palaging nagtatapon ng maruming pinaghugasan ng pinggan ang kapitbahay namin sa gilid ng daanan na naging sanhi ng madulas na putik at mabahong amoy sa aming purok.,Neighbor Disputes
"Naglagay po ng mga sirang hollow blocks at graba ang kapitbahay ko sa tapat ng bahay ko, na naging dahilan kung bakit hindi makadaan nang maayos ang aking motor.",Neighbor Disputes
"Yung aircon unit ng kapitbahay namin ay nakatutok ang exhaust sa aming pasilyo, sobrang init po ng ibinubuga nito at hindi kami makadaan nang maayos.",Neighbor Disputes
Binura po ng kapitbahay ang marking na inilagay ng surveyor sa pagitan ng aming lupa habang kami ay nasa trabaho upang ilipat ang kanilang bagong bakod.,Neighbor Disputes
Pumapasok po ang mga manok ng kapitbahay ko sa aking garden at kinakahig ang mga bagong tanim na seedling ng mga gulay na aking ibinebenta.,Neighbor Disputes
"Nagreklamo po ako dahil ang kapitbahay namin ay nagpapakain ng mga ligaw na aso sa tapat mismo ng aming pintuan, kaya natatakot ang aking mga anak na lumabas ng bahay.",Neighbor Disputes
"Binaligtad po ng kapitbahay namin ang kwento sa barangay nung nakaraan, sinasabi na kami raw ang nagsimula ng away nung mapuno kami sa ingay ng kanilang videoke.",Neighbor Disputes
"Inilagay po ng kapitbahay ang kanilang generator sa tapat ng aming kwarto nung nagka-brownout, sobrang ingay at ang usok ay pumasok sa amin buong gabi.",Neighbor Disputes
"Yung mga boarder sa katabing bahay ay naglalaba at nagsasampay ng mga underwear nila sa mismong harap ng aming altar na nakikita mula sa bintana, binabastos po ang aming paniniwala.",Neighbor Disputes
Sinira po ng aso ng kapitbahay ang mga sapatos at tsinelas namin na nasa labas ng pintuan matapos itong makalagpas sa kanilang bakod.,Neighbor Disputes
"Nagtayo po ng junk shop ang aking katabi at ang mga nakatambak na bakal at plastik ay natutumba na sa aming bakuran, lubhang mapanganib para sa aming pamilya.",Neighbor Disputes
Inirereklamo ko po ang aming kapitbahay dahil hinahayaan nilang tumulo ang tubig mula sa kanilang sirang tangke papunta sa,Neighbor Disputes
"aming bubong na nagiging sanhi ng kalawang at pagkabutas nito. Palaging nagwawalis ng alikabok ang katabing tindahan papunta sa pwesto ko ng lutong pagkain, halatang sinasadya para mawalan ako ng mga parokyano.",Neighbor Disputes
"Ang kapitbahay po namin ay nag-iinuman kasama ang mga hindi taga-rito sa mismong tapat ng aming gate, nag-iiwan sila ng mga basag na bote na delikado sa mga dumadaan.",Neighbor Disputes
"Nilagyan po ng kapitbahay ng barbed wire ang ibabaw ng aming shared wall nang walang konsultasyon, na naging sanhi ng pagkakasugat ng aking anak habang naglalaro sa bakuran.",Neighbor Disputes
Nagrereklamo po ako dahil ang kapitbahay ko ay nagtapon ng patay na daga sa aming basurahan na naging sanhi ng napakabahong amoy sa buong paligid namin.,Neighbor Disputes
"Humiram po sa akin ng limang libong piso ($₱5,000$) ang kumare ko noong nakaraang Pasko para daw sa pamasahe ng anak niya, ngunit hanggang ngayon ay panay ang tago kapag sinisingil ko.",Money/Debt Disputes
"Ako po ay nagpapautang ng mga grocery items sa aming subdivision, itong isang mamimili ay may utang na $₱8,500$ na lagpas anim na buwan na pero ayaw magbayad kahit may trabaho naman.",Money/Debt Disputes
"Kumuha po ng anim na sako ng bigas ang inirereklamo sa aking tindahan na may kasunduang babayaran pagkatapos ng bilihan ng palay, pero lumipas na ang anihan ay hindi pa rin nagpapakita.",Money/Debt Disputes
"Nag-advance po ako ng pambili ng mga materyales para sa ginagawang tricycle ng isang kaibigan, nagkakahalaga ito ng $₱12,000$ pero hindi niya binalik ang sukli at hindi rin binayaran ang abono ko.",Money/Debt Disputes
"My former co-worker borrowed $₱15,000$ from me under the agreement that it would be",Money/Debt Disputes
"paid via salary deduction, but she suddenly resigned and blocked me on all social media platforms. Sumali po sa aming paluwagan ang kapitbahay ko at siya ang unang nakakuha ng sweldo na nagkakahalaga ng $₱20,000$. Matapos makuha ang pera, hindi na siya naghulog para sa mga susunod na buwan.",Money/Debt Disputes
"Nagpabili po ng cellphone sa akin ang aking pinsan gamit ang aking credit card, nangako siyang magbabayad buwan-buwan pero dalawang buwan lang ang binayaran at iniwan na sa akin ang balanse.",Money/Debt Disputes
"Humiram ng pera ang katrabaho ko na nagkakahalaga ng $₱4,500$ para raw sa emergency na gamot ng kanyang nanay, nalaman ko na lang na ipinansugal lang niya at ngayon ay ayaw na akong bayaran.",Money/Debt Disputes
"Ako po ay isang tricycle driver, may sumakay sa akin na regular na pasahero na nag-pakyaw para sa isang araw na biyahe na nagkakahalaga ng $₱1,500$ pero tinakbuhan ako nung matapos ang araw.",Money/Debt Disputes
Nagpadala po ako ng pera sa aking kaibigan,Money/Debt Disputes
"para sana pambili ng feeds ng manok sa kanyang farm na may usapang hahatian ako sa kita, pero nalaman kong nalugi ang farm at ayaw na ibalik ang capital ko. Nagpa-order po ng mga tela ang isang sastre sa akin na nagkakahalaga ng $₱7,000$. Nang maihatid ko ang mga tela, sabi niya bukas na lang ang bayad pero limang buwan na ang nakakalipas ngayon.",Money/Debt Disputes
"Humiram po ng pera ang aking kapitbahay para pambayad sa kuryente nilang mapuputulan na nagkakahalaga ng $₱3,200$, hanggang ngayon puro pangako na susunod na linggo pero hindi natutupad.",Money/Debt Disputes
"Nagbenta ako ng aking lumang motorsiklo sa halagang $₱25,000$. Nagdown siya ng $₱10,000$ at ang usapan ay $₱2,500$",Money/Debt Disputes
"buwan-buwan. Tatlong buwan na siyang hindi nagbabayad at ayaw din ibalik ang motor. Kumuha po ng mga order na ulam ang isang katrabaho ko sa aking catering business para sa kaarawan ng kanyang anak, nagkakahalaga ng $₱11,000$ pero laging walang pera kapag pinupuntahan ko.",Money/Debt Disputes
"Humiram po ng pera sa akin ang aking kumpare para sa pagpapa-enroll ng kanyang anak na nagkakahalaga ng $₱6,000$ ngunit nalaman ko na ibinili lang pala niya ng alak at pang-sugal.",Money/Debt Disputes
"Nagpagawa po ng aircon sa akin ang isang may-ari ng shop, matapos kong maayos at magamit nila, ayaw akong bayaran ng aking labor fee na $₱2,500$ dahil marami raw silang gastusin.",Money/Debt Disputes
"Sinubukan kong singilin ang aking utang na $₱5,000$ sa isang kakilala pero sa halip na magbayad, pinahiya niya ako sa harap ng maraming tao at sinabing mukha raw akong pera.",Money/Debt Disputes
"Nag-arkila po ng aking sound system ang isang grupo para sa kanilang pagtitipon sa halagang $₱4,000$ pero matapos ang event ay kalahati lang ang ibinayad at ayaw na ibigay ang kulang.",Money/Debt Disputes
"Pinahiram ko po ng gintong alahas ang aking kapatid para gamitin sa isang kasal, nalaman ko na lang na isinangla niya ito nang walang pasabi sa akin at ayaw niyang tubusin ngayon.",Money/Debt Disputes
"Nagpautang po ako ng kapital para sa isang munting sari-sari store ng aking kaibigan na nagkakahalaga ng $₱15,000$. Ngayong malaki na ang tindahan, ayaw na niyang kilalanin ang utang niya.",Money/Debt Disputes
"Kumuha ng mga panindang sapatos sa aking online shop ang isang reseller na nagkakahalaga ng $₱9,500$. Naibenta na niya lahat sa mga customer niya pero hindi pa rin niya ako binabayaran.",Money/Debt Disputes
"Humiram po ng pera ang aking katabi sa pwesto sa palengke ng $₱3,000$ para pandagdag sa paninda niyang isda, ngunit lumipas ang tatlong buwan ay puro dahilan ang ibinibigay sa akin.",Money/Debt Disputes
"Nagpa-advance po ng sahod ang aking kasambahay na nagkakahalaga ng $₱7,000$ dahil may emergency daw sa probinsya, ngunit kinabukasan ay hindi na bumalik at umalis na pala nang tuluyan.",Money/Debt Disputes
"Nagbenta ako ng mga kosmetiko sa isang kapitbahay na nagkakahalaga ng $₱4,200$ sa ilalim ng kasunduang hulugan bawat katapusan ng buwan, ngunit nagpalit siya ng numero at ayaw na mamansin.",Money/Debt Disputes
"She borrowed my laptop for a one-week school project and promised to pay a rental fee of $₱1,000$, but it has been two months and she hasn't returned the laptop or paid the fee.",Money/Debt Disputes
"Nagpautang po ako ng pera sa isang ka-purok para sa clearance ng kanyang motor na nagkakahalaga ng $₱5,500$ ngunit kapag pumupunta ako sa bahay nila ay pinagtataguan ako ng kanyang pamilya.",Money/Debt Disputes
Kumuha po ng pananghalian ang mga tauhan,Money/Debt Disputes
"ng isang contractor sa aking karinderya sa loob ng dalawang linggo na umabot sa $₱8,000$ ang kabuuan, pero iniwan ako ng contractor nang hindi nagbabayad. Humiram po ng pera ang aking kumpare na gagamitin daw para sa binyag ng anak niya na nagkakahalaga ng $₱6,500$. Isang taon na ang nakalipas at nagdaos na ng isa pang binyag pero hindi pa rin nagbabayad.",Money/Debt Disputes
"Nagbenta po ako ng baboy sa aking kapitbahay na nagkakahalaga ng $₱14,000$. Ang sabi niya ay babayaran niya kapag natanggap ang kanyang bonus, pero lumipas na ang Enero ay wala pa rin.",Money/Debt Disputes
"Pinautang ko po ang aking pamangkin ng $₱10,000$ para sa kanyang board exam review, ngayon po ay board passer na siya at",Money/Debt Disputes
may magandang trabaho pero ayaw na akong kilalanin at bayaran. Nagreklamo po ako laban sa aking tiyuhin dahil ayaw niyang ibigay ang bahagi ng aking ama sa napagbilihan ng lupang pamana ng aming mga ninuno na nasa probinsya.,Family Matters
"Ang aking kapatid ay ayaw mag-ambag sa gastusin para sa pagpapakain at pag-aalaga sa aming may-sakit na ina, kahit na sa kanya naiwan ang buong pensyon buwan-buwan.",Family Matters
"paggamit sa lumang bahay ng aming mga magulang. Ginawa po kasi ng panganay naming kapatid na bodega ng kanyang negosyo nang walang paalam. Nagrereklamo po ako sa aking asawa dahil hindi niya binibigyan ng sustento ang aming dalawang anak na nag-aaral pa, sa halip ay ginagastos niya ang kita niya sa pagsusugal.",Family Matters
Ang aking biyenan ay palaging pumapasok sa aming kwarto at pinakikialaman ang aming mga personal na desisyon sa pagpapalaki ng anak na nagiging sanhi ng matinding away naming mag-asawa.,Family Matters
Inirereklamo ko po ang aking pinsan dahil pilit niyang pinapaalis ang aking pamilya sa lupang pinahintulutan naman ng aming lolo na tirhan namin habang buhay pa siya.,Family Matters
Nagkaroon po ng matinding alitan sa pamilya dahil ang aking kapatid ay kinuha ang mga mamahaling kagamitan ng aming pumanaw na lola nang hindi nagpapasabi sa ibang kasapi ng pamilya.,Family Matters
"Ayaw pong ibalik ng aking ate ang mga dokumento ng aking sasakyan na itinago niya nung ako ay nagkasakit, ngayon ay kailangan ko ito para sa aking hanapbuhay bilang driver.",Family Matters
Nag-aaway po kami ng aking asawa dahil dinala niya ang aming anak sa poder ng kanyang mga magulang nang walang,Family Matters
pahintulot ko at ayaw niya akong payagang makita ang bata. Inirereklamo ko po ang aking kuya dahil binenta niya ang natitirang kalabaw na pag-aari ng aming ama nang walang pahintulot mula sa aming tatlong magkakapatid.,Family Matters
"My biological father has not provided any financial support for my college tuition for two years, despite promising to do so under our written family agreement.",Family Matters
Pinagbintangan po ako ng aking tiya na ako raw ang nag-udyok sa aking lolo na baguhin ang kanyang huling habilin tungkol sa pamamahagi ng kanyang mga alagang baka.,Family Matters
Nagrereklamo po ako dahil ang aking pamangkin na nakatira sa aming compound ay palaging nagdadala ng mga kaibigan at nag-iinuman sa harap ng aking pintuan na nagdudulot ng gulo.,Family Matters
Ayaw po akong bigyan ng aking kapatid ng kopya ng titulo ng lupa ng aming mga magulang na kailangan ko para sa pag-apply ng kuryente sa aking munting bahay sa gilid.,Family Matters
Inirereklamo ko po ang aking pinsang buo dahil kinuha niya ang aking nakatagong ipon sa aming shared cabinet para raw pambayad sa kanyang sariling utang nang walang paalam.,Family Matters
"Ang aking bayaw ay palaging nagwawala sa loob ng aming bakuran kapag nalalasing, tinatakot ang aking mga anak at sinisira ang mga gamit sa labas ng bahay namin.",Family Matters
"Nagreklamo po ako laban sa aking nakababatang kapatid dahil ayaw niyang lisanin ang kwarto na nakalaan para sa aking nag-iisang anak, kahit may sarili naman siyang kwarto.",Family Matters
Pinag-aawayan po ng aming pamilya ang,Family Matters
"pamamahala sa maliit na sari-sari store na iniwan ng aming namayapang nanay, dahil ang isa naming kapatid ay kinukuha ang lahat ng kita. Inirereklamo ko po ang aking tiyuhin dahil sinasaka niya ang lupang iniwan sa akin ng aking mga magulang nang hindi nagbibigay ng tamang porsyento ng kita sa akin.",Family Matters
"Nag-away po kami ng aking pinsan dahil ginamit niya ang aking pangalan upang kumuha ng motor sa isang dealer nang walang pahintulot ko, ngayon ako ang hinahabol ng kolektor.",Family Matters
Ayaw po kaming payagan ng aking kapatid na dumaan sa pasilyo ng kanyang bahay na siyang tanging daan patungo sa likod kung saan nakatira ang aming matandang ama.,Family Matters
"Inirereklamo ko po ang aking asawa dahil pinalayas niya ako sa aming bahay matapos ang isang maliit na pagtatalo, at ngayon ay ayaw na niyang ibalik ang aking mga personal na gamit.",Family Matters
Nagreklamo po ako dahil ang aking kapatid ay gumawa ng pekeng pirma ng aming ama upang mailipat sa kanyang pangalan ang isang lumang tricycle na pag-aari ng pamilya.,Family Matters
Pinagbintangan po ako ng aking biyenan na,Family Matters
"nagnanakaw ng kanyang mga alahas na nawawala, na naging dahilan ng pagkasira ng aking reputasyon sa buong pamilya. Ayaw po akong tulungan ng aking mga kapatid sa pagpapagamot ng aming ama na nasa ospital ngayon, samantalang pare-pareho naman kaming may matatag na trabaho at kita.",Family Matters
Inirereklamo ko po ang aking tiya dahil pinutol,Family Matters
niya ang mga puno ng saging na itinanim ko sa bahagi ng lupang pinahiram niya sa akin noong nakaraang taon. Nagreklamo po ako laban sa aking nakakatandang kapatid dahil pinilit niyang kunin ang aking ATM card kung saan pumapasok ang aking buwanang sahod bilang tulong daw sa pamilya.,Family Matters
Pinag-aawayan po namin ng aking pinsan ang paghahati sa mga prutas ng mga puno na nakatanim sa boundary ng aming mga bakuran na iniwan ng aming lolo.,Family Matters
My sister-in-law is spreading false rumors within our family compound that my husband and I are using illegal funds to renovate our small house.,Family Matters
Inirereklamo ko po ang aking kuya dahil giniba niya ang maliit na extension ng aking bahay na abot sa kanyang lote nang hindi man lang nakikipag-usap nang maayos sa akin.,Family Matters
"Sinigawan po ako at pinagmumura ng aking kapitbahay sa harap ng maraming tao sa palengke, tinawag niya akong magnanakaw at manloloko na naging sanhi ng aking matinding kahihiyan.",Petty Criminal Offenses
Binato po ng isang tambay ang salamin ng,Petty Criminal Offenses
"aking tricycle habang ako ay nagpapasada sa gabi, nagkabitak-bitak ito at muntik pa akong maaksidente dahil sa pagkagulat. Pumasok po nang walang pahintulot ang aking katabi sa loob ng aking bakuran habang wala ako, at nung tinanong ko kung bakit ay pinagbantaan pa niya ang aking buhay.",Petty Criminal Offenses
Nagrereklamo po ako dahil sa patuloy na,Petty Criminal Offenses
"pambu-bully at unjust vexation ng isang grupo ng kabataan sa aking anak tuwing uuwi ito galing sa kanyang paaralan. Sinira po ng kapitbahay ko ang aking bagong gawang bakod na gawa sa kawayan, pinagpuputol niya ito gamit ang itak dahil naiinis daw siya sa kulay nito.",Petty Criminal Offenses
Pinagbantaan po ako ng isang lalaki sa aming purok na sasaktan niya raw ako kapag nakita niya pa akong dumadaan sa tapat ng kanilang tindahan tuwing gabi.,Petty Criminal Offenses
Nagreklamo po ako dahil pinagkalat ng isang tsismosa sa aming barangay na ako raw ay may nakakahawang sakit kaya umiiwas na,Petty Criminal Offenses
ang mga tao na bumili sa aking karinderya. Sinasadya pong gasgasan ng isang kapitbahay ang katawan ng aking nakaparadang kotse gamit ang pako tuwing madaling araw na naging sanhi ng malaking pinsala sa pintura nito.,Petty Criminal Offenses
"Pinasok po ng aming kapitbahay ang aming sariling bahay nang walang paalam habang kami ay natutulog, nahuli namin siya sa loob ng kusina na naghahanap ng kung ano.",Petty Criminal Offenses
Nagrereklamo po ako dahil sa ginawang paninira ng puri sa akin ng aking katrabaho sa pamamagitan ng pag-post ng mga malisyosong kwento tungkol sa akin sa Facebook.,Petty Criminal Offenses
Kinuha po ng isang lalaki ang aking dalang basket na may paninda at itinapon sa kanal habang ako ay naglalakad sa kalsada nang walang anumang mabigat na dahilan.,Petty Criminal Offenses
"Sinigawan po ng isang lasing ang aking matandang ina habang ito ay naglalakad patungo sa simbahan, tinakot niya ito na sasapukin kung hindi magbibigay ng pera.",Petty Criminal Offenses
Nagreklamo po ako dahil sinira ng aso ng aking katabi ang aking mga pananim na ornamental plants matapos nitong pumasok sa aking veranda na walang harang.,Petty Criminal Offenses
"Pinahiya po ako ng isang kostumer sa aking computer shop, sinigawan niya ako sa harap ng iba pang mga naglalaro at sinabing madaya raw ang aking mga unit.",Petty Criminal Offenses
Sinasadya pong barahan ng basura ng isang residente ang drainage pipe ng aking bahay na nagdulot ng pagbaha ng maruming tubig sa loob ng aking banyo.,Petty Criminal Offenses
A man from the adjacent compound committed unjust vexation by repeatedly throwing foul-smelling liquid at our front door every time he walked past our house.,Petty Criminal Offenses
Pinagbantaan po ng aking kapitbahay na,Petty Criminal Offenses
lalasunin niya ang aking mga alagang aso kapag narinig niya pa itong tumahol sa gabi habang siya ay nagpapahinga. Sinira po ng isang lasing na dumaan ang,Petty Criminal Offenses
"aming mailbox na nakakabit sa labas ng gate, pinag-sisipa niya ito hanggang sa matanggal at mayupi nang tuluyan. Nagreklamo po ako dahil pinagbintangan ako ng isang babae sa aming purok na ako raw ang kumuha ng kanyang perang nawawala sa loob ng simbahan nung Linggo.",Petty Criminal Offenses
"Binato po ng bato ng aking katabi ang aking alagang pusa na naging sanhi ng pagkabali ng paa nito, dahil lang daw pumasok ang pusa sa kanyang bakuran.",Petty Criminal Offenses
Sinigawan po kami at pinagbantaang papatayin ng isang lalaki sa aming eskinita dahil lang sa hindi namin pagpapahiram ng aming hagdanan nung oras na iyon.,Petty Criminal Offenses
"Nagrereklamo po ako dahil sa ginawang oral defamation ng aking biyenan sa akin sa harap ng aking mga kapitbahay, tinawag niya akong walang kwentang asawa.",Petty Criminal Offenses
Pinasok po ng isang hindi kilalang tao ang aking manukan sa likod ng bahay at pinakawalan ang mga manok na aking inaalagaan para sa darating na pista.,Petty Criminal Offenses
"Sinasadya pong pitikin at sirain ng isang bata ang mga bintanang salamin ng aking bahay gamit ang tirador, at nung sinabihan ko ang magulang ay sila pa ang nagalit.",Petty Criminal Offenses
Pinagbantaan po ako ng aking dating kasamahan sa trabaho na sisirain niya ang aking motorsiklo kapag hindi ko siya binigyan ng bahagi sa aking natanggap na insentibo.,Petty Criminal Offenses
Nagreklamo po ako dahil sa patuloy na pambubuyo at harassment ng isang lalaki sa aking kapatid na babae tuwing ito ay naglalakad papunta sa sakayan ng jeep.,Petty Criminal Offenses
Sinira po ng kapitbahay ko ang aking signage na gawa sa tarpaulin para sa aking munting,Petty Criminal Offenses
"negosyo ng gupitan, pinag-gugupit niya ito nang walang pasabi. Pumasok po sa aking lote ang isang kapitbahay nang walang pahintulot at pinutol ang aking mga pananim na kawayan na ginagamit ko bilang natural na bakod.",Petty Criminal Offenses
"Sinigawan po ako ng aking kumpare habang kami ay nasa gitna ng pagpupulong sa barangay, tinawag niya akong bastos at walang modo sa harap ng mga opisyal.",Petty Criminal Offenses
"Sinasadya pong tapunan ng putik ng aking katabi ang aking bagong labang mga sampay sa labas, kaya kailangan ko na naman itong labhan muli dahil sa dumi.",Petty Criminal Offenses
"Nagtayo po ng permanenteng bakod ang aking kapitbahay na sumakop na ng halos kalahating metro sa aking lote, base sa sukat na ginawa ng aming surveyor noong isang taon.",Property Disputes
Ayaw po kaming paraanin ng may-ari ng katabing lupa sa daanan na matagal na naming ginagamit bilang right-of-way papunta sa pambansang kalsada mula sa aming bahay.,Property Disputes
"Nagrereklamo po ako dahil ang drainage system ng katabing subdivision ay direktang nakatutok sa aking sakahan, na nagiging sanhi ng pagbaha at pagkabulok ng aking mga pananim.",Property Disputes
May alitan po kami sa boundary ng aming lupa dahil ang nakalagay na marker sa lumang titulo ay hindi tugma sa kasalukuyang bakod na itinayo ng aking katabi sa Purok Dos.,Property Disputes
"Sinakop po ng kapitbahay ko ang easement ng ilog na nasa likod ng aming mga bahay, nagtayo siya ng sementadong extension ng kanyang kusina kaya nabarahan ang daluyan ng tubig.",Property Disputes
Nag-aaway po kami ng aking kamag-anak dahil pilit niyang kinukuha ang kalahati ng,Property Disputes
"aking lote na binili ko sa aking sariling pera, sinasabi niya na kasama raw ito sa mana ng pamilya. Inirereklamo ko po ang may-ari ng katabing bakanteng lote dahil hinahayaan lang niyang tumubo ang matataas na talahib at damo na pinamumugaran na ngayon ng mga ahas.",Property Disputes
Nagtayo po ng outpost ang isang samahan sa loob mismo ng aking pribadong ari-arian nang walang anumang pahintulot o koordinasyon sa akin na may-ari ng lupa.,Property Disputes
My neighbor is disputing the boundary line between our properties and has successfully prevented me from completing the construction of my residential perimeter wall.,Property Disputes
Nagreklamo po ako dahil ang ginawang kalsada ng barangay ay lumagpas sa aking ari-arian at nasira ang aking mga pananim na puno nang walang kaukulang bayad-pinsala.,Property Disputes
"Ayaw po akong bigyan ng right-of-way ng aking katabi para sa paglalagay ng tubo ng tubig patungo sa aking bahay, kahit na wala namang ibang pwedeng daanan ang tubo.",Property Disputes
"Nagtayo po ng paupahang kwarto ang aking kapitbahay na ang bubong ay lumampas na sa air space ng aking bakuran, kaya tuwing uulan ay sa amin bumabagsak ang lahat ng tubig.",Property Disputes
"Nag-aaway po kami sa pagmamay-ari ng isang maliit na daanan sa pagitan ng aming dalawang bahay, sinasabi ng katabi ko na sa kanya raw ito kahit na nakasulat sa plano na ito ay para sa lahat.",Property Disputes
Inirereklamo ko po ang aking kapitbahay dahil ginawa niyang paradahan ng kanyang mga sirang sasakyan ang aking bakanteng lote na naging sanhi ng dumi at kalawang sa paligid.,Property Disputes
"Nilagyan po ng harang na bakal ng aking katabi ang pampublikong eskinita na nag-uugnay sa aming komunidad, kaya hindi na makapasok ang mga motor at tricycle dito.",Property Disputes
"Nagreklamo po ako dahil binago ng aking katabi ang daloy ng natural na sapa na dumarating sa aking bukid, kaya ngayon ay natutuyo ang aking mga tanim na palay sa Purok Singko.",Property Disputes
Ayaw pong kilalanin ng bagong may-ari ng katabing lupa ang kasunduan namin ng dating may-ari tungkol sa paggamit ko ng isang metro ng kanyang lupa bilang daanan ko.,Property Disputes
"Nagtayo po sila ng pader na nakasara sa aking bintana na naging sanhi ng kawalan ng bentilasyon sa aking bahay, lumagpas po sila sa pinapayagang distansya ayon sa batas.",Property Disputes
Inirereklamo ko po ang aking kapitbahay dahil pinuwersa niyang gibain ang aking lumang bakod upang makabuo siya ng sarili niyang garahe sa bahagi ng aking lupa.,Property Disputes
Nag-aaway po kami ng aking pinsan dahil pilit,Property Disputes
niyang binabakuran ang bahagi ng aming compound na nakalaan sana bilang common area para sa aming mga anak na naglalaro. Nagreklamo po ako dahil ang pundasyon ng ginagawang gusali sa katabi namin ay nagdulot ng malalaking lamat sa semento ng aking sariling pader at sa sahig ng aking sala.,Property Disputes
Ayaw po kaming payagan ng may-ari ng lupa sa harap na magdaos ng pag-aayos sa aming linya ng kuryente na dumadaan sa ibabaw ng kanyang bakuran mula pa noong unang panahon.,Property Disputes
Inirereklamo ko po ang aking kapitbahay dahil nagtapon siya ng mga hinukay na lupa sa loob ng aking bakod habang nagpapagawa siya ng kanyang sariling septic tank.,Property Disputes
"May alitan po kami tungkol sa boundary ng aming mga sakahan sa bukid, dahil unti-unting inuurong ng aking katabi ang pilapil papunta sa aking bahagi ng lupa tuwing mag-aararo siya.",Property Disputes
Nagtayo po ng isang maliit na chapel ang isang grupo sa tabi ng aking lote na lumampas sa aking boundary line ng halos dalawampung sentimetro base sa aking lumang plano.,Property Disputes
"Nagreklamo po ako dahil ang aking katabi ay naglagay ng tumpok ng mga hollow blocks sa tapat ng aking gate, na nakasagabal sa pagpasok ng sasakyan ng aking mga bisita.",Property Disputes
Ayaw po akong paalisin ng isang pamilya na nakatira sa aking lupa kahit na ilang beses ko na silang binigyan ng pormal na abiso na gagamitin ko na ang lupa para sa aking anak.,Property Disputes
Inirereklamo ko po ang aking kapitbahay dahil giniba niya ang marker ng gobyerno na nagtatakda ng hangganan ng aming mga ari-arian sa tabing kalsada sa Purok Siyete.,Property Disputes
"The owner of the vacant lot behind our house refuses to cut down a massive, decaying tree that is visibly leaning toward our roof, posing an imminent danger to our family.",Property Disputes
Nag-aaway po kami ng aking kapatid dahil pilit niyang inaangkin ang buong lote na donasyon ng aming mga magulang na dapat sana ay hahatiin namin nang pantay sa aming dalawa.,Property Disputes
"Nagreklamo po ako dahil ang aking pinauupahang bahay ay iniwan ng nangungupahan na may hindi bayad na kuryente at tubig na umabot sa labinlimang libong piso ($₱15,000$).",Contract Disputes
"May kasunduan kami ng isang karpintero na aayusin niya ang aking kusina sa loob ng dalawang linggo, ngunit matapos makuha ang down payment ay hindi na siya nagpakita sa amin.",Contract Disputes
"Bumili po ako ng motorsiklo sa isang kakilala sa pamamagitan ng hulugan, ngunit nung matapos ko nang bayaran ang buong halaga ay ayaw niyang ibigay sa akin ang orihinal na rehistro.",Contract Disputes
Nagkasundo po kami ng isang sastre na,Contract Disputes
"gagawa ng mga uniporme para sa aking mga tauhan, nagbayad ako ng deposito pero lumipas ang takdang araw ay wala siyang naibigay na gawa. Inirereklamo ko po ang aking landlord dahil bigla niyang itinaas ang renta ng aking pwesto nang walang kaukulang pasabi o sulat, na labag sa aming pinirmahang kontrata.",Contract Disputes
"Nagpa-cater po ako para sa kasal ng aking anak, ngunit kulang-kulang ang pagkaing dinala at hindi nasunod ang menu na nakasaad sa aming opisyal na pinagkasunduan.",Contract Disputes
"Kumuha po ako ng aircon technician para linisin ang aking tatlong unit, binayaran ko siya ng buo pero matapos ang gawa ay hindi na lumalamig ang mga aircon at ayaw niyang balikan.",Contract Disputes
Nagreklamo po ako dahil ang aking kasosyo sa negosyo ay hindi nagbibigay ng aking buwanang dibidendo na nakasaad sa aming pinirmahang kasunduan sa harap ng abogado.,Contract Disputes
"The contractor I hired to install our stainless steel gates used low-quality, rusting materials instead of the specifications explicitly written in our service agreement.",Contract Disputes
"May kasunduan kami na babayaran niya ang aking lumang laptop sa pamamagitan ng tatlong hulog, ngunit matapos ang unang hulog ay hindi na siya nagbayad ng mga sumunod.",Contract Disputes
Inirereklamo ko po ang isang ahente dahil hindi niya ibinigay sa akin ang opisyal na resibo ng aking down payment para sa isang lote ng lupa na aking binibili sa subdivision.,Contract Disputes
"Nagpa-renovate po ako ng aking banyo sa isang construction worker, iniwan niya ang trabaho na hindi tapos kahit na naibigay ko na sa kanya ang siyamnapung porsyento ng",Contract Disputes
bayad. Nagreklamo po ako laban sa aking tenant sa apartment dahil ayaw nilang umalis sa aking unit kahit na tapos na ang kontrata ng kanilang upa at tatlong buwan na silang hindi nagbabayad.,Contract Disputes
"Bumili po ako ng isang baka sa aking kapitbahay na may kasunduang buntis ito, ngunit nalaman ko sa beterinaryo na baog pala ang hayop kaya nais ko itong ibalik at bawiin ang pera ko.",Contract Disputes
"Nagkasundo po kami ng isang tricycle driver na ihahatid niya ang aking mga anak sa paaralan araw-araw sa loob ng isang buwan, nag-advance ako ng bayad pero madalas siyang hindi sumisipot.",Contract Disputes
"Inirereklamo ko po ang isang supplier ng bigas dahil nagpadala siya ng mga sako ng bigas na may halong uod at amag, na malayo sa kalidad ng sample na kanyang ipinakita sa akin.",Contract Disputes
"Nagreklamo po ako dahil hindi tinupad ng aking kumpare ang kanyang pangako na ibabalik ang aking hiniram na welding machine sa loob ng tatlong araw, nalaman kong ibinenta niya ito.",Contract Disputes
"May kontrata kami sa isang pintor na pipintahan ang aming buong bahay bago ang pista, ngunit kalahati lang ang kanyang napintahan at lumayas na siya kasama ang kanyang mga gamit.",Contract Disputes
Inirereklamo ko po ang aking kasambahay dahil umalis siya nang walang pormal na paalam kahit may kasunduan kami na magtatrabaho siya sa amin sa loob ng isang buong taon.,Contract Disputes
"Nagbenta ako ng aking cellphone sa isang katrabaho na may kasunduang babayaran niya sa katapusan ng buwan, ngunit nagpalit siya ng trabaho at hindi na nagpakita sa akin.",Contract Disputes
Nagreklamo po ako dahil ang kinuha kong sibil na enhinyero para sa plano ng aking,Contract Disputes
bahay ay nagbigay sa akin ng mga maling sukat na naging sanhi ng pagkaantala ng aking permit. Nagreklamo po ako dahil ang kinuha kong sibil na enhinyero para sa plano ng aking bahay ay nagbigay sa akin ng mga maling sukat na naging sanhi ng pagkaantala ng aking permit.,Contract Disputes
"Inirereklamo ko po ang isang mekaniko dahil mahigit isang buwan na ang aking sasakyan sa kanyang talyer para sa simpleng pag-aayos ng preno, ngunit hanggang ngayon ay hindi pa rin tapos.",Contract Disputes
"Nagkasundo kami ng aking kapitbahay na bibilhin ko ang kanyang lumang generator, nagbigay ako ng down payment ngunit ibinenta niya ito sa ibang tao na nag-alok ng mas mataas na presyo.",Contract Disputes
Nagreklamo po ako dahil ang kumpanya ng internet na aking pinapapasukan ay hindi nagbigay ng aking huling sahod at separation pay ayon sa nakasaad sa aking kontrata sa paggawa.,Contract Disputes
Kumuha po ako ng tao para mag-ani ng aking,Contract Disputes
"mga mangga na may usapang hahatian kami sa porsyento ng benta, ngunit itinago niya ang totoong halaga ng napagbilihan sa palengke. Inirereklamo ko po ang isang sastre dahil sinira niya ang mamahaling tela na ibinigay ko para sa aking gown, naging napakaliit ng sukat nito at hindi ko na magagamit sa okasyon.",Contract Disputes
"May kasunduan kami ng aking pinsan na babayaran niya ang aking lumang refrigerator sa pamamagitan ng pagbibigay ng kanyang dalawang biik, ngunit ibinenta niya ang mga biik sa iba.",Contract Disputes
"The event organizer failed to provide the sound system and lights for our barangay youth league, despite receiving a fifty percent cash advance two weeks prior to the event.",Contract Disputes
Nagreklamo po ako dahil ang aking kasosyo,Contract Disputes
"sa talyer ay biglang nagbago ng isip sa hatian ng kita, na lumalabag sa aming pinirmahang kasunduan noong simulan namin ang negosyo. Yung aso ng katabi namin, hinahayaan lang nilang dumumi sa tapat ng aming tindahan. Araw-araw po naming kailangang linisin ang mabahong kalat bago kami makapag-bukas.",Neighbor Disputes
Inirereklamo ko po ang pamilya sa tapat namin dahil ginawa nilang permanenteng sampayan ng mga basahan at mababahong trapo ang aming shared fence.,Neighbor Disputes
"Yung mga anak ng kapitbahay ko, madalas maglaro ng online games sa labas ng aming bintana at sumisigaw ng mga bastos na salita habang nagmumurahan tuwing hatinggabi.",Neighbor Disputes
Ang kapitbahay po namin sa Purok Singko ay,Neighbor Disputes
nagtapon ng mga bulok na gulay at basura sa bakanteng espasyo sa tabi ng aming kusina kaya napakarami na pong langaw ngayon. Nilagyan po ng kapitbahay ng malalaking paso ng halaman ang daanan sa eskinita kaya hindi na po mailabas ang aming motor at nahihirapan kaming dumaan.,Neighbor Disputes
"Yung drainage ng katabing bahay ay sira at ang maruming tubig galing sa kanilang banyo ay tumatagas sa dingding ng aming bahay, nagkakaroon na po ng amag.",Neighbor Disputes
"Nagreklamo po ako dahil yung aircon ng katabi namin ay sobrang ingay at ang tulo ng tubig nito ay direktang bumabagsak sa aming bubong, hindi kami makatulog sa gabi.",Neighbor Disputes
"Palagi pong nagwawalis ng bakuran ang kapitbahay ko kapag nakatapat ang malakas na hangin sa amin, kaya lahat ng alikabok at tuyong dahon ay napupunta sa aming sala.",Neighbor Disputes
Nagtayo po sila ng temporaryong ihawan ng,Neighbor Disputes
"manok sa tapat ng aming bintana, ang makapal na usok ay pumapasok sa kwarto ng aking lola na may sakit sa baga. Ang aso po ng aking katabi ay palaging",Neighbor Disputes
"nakakawala at hinahabol ang aking mga anak tuwing papasok sa paaralan, natatakot na po ang mga bata na lumabas. Binato po ng kapitbahay namin ang aming pusa dahil pumasok lang sa kanilang bakuran, muntik na pong mamatay ang hayop dahil sa sugat nito sa ulo.",Neighbor Disputes
Nagpapatugtog po sila ng napakalakas na musika sa sound system nila tuwing alas-singko pa lang ng umaga kahit alam nilang panggabi ang trabaho ko bilang call center agent.,Neighbor Disputes
"Inirereklamo ko po ang kapitbahay ko dahil sinasadya niyang mag-ingay tuwing oras ng tulog namin, pinupukpok niya ang aming shared wall gamit ang martilyo.",Neighbor Disputes
My neighbor in the apartment complex continuously leaves their stinky kitchen garbage bags outside their door along our narrow shared hallway for days.,Neighbor Disputes
"Nagreklamo po ako dahil yung sanga ng kawayan ng katabi namin ay nakalaylay na sa aming linya ng kuryente, delikado pong magkatitikan at mag-spark pag umuulan.",Neighbor Disputes
"Nag-iinuman po ang mga kabataan sa tapat ng aming gate gabi-gabi, nag-iiwan sila ng mga upos ng sigarilyo at dumi na kami pa ang kailangang maglinis kinaumagahan.",Neighbor Disputes
"Sinunog po ng kapitbahay namin ang mga lumang goma at plastik sa kanilang likod-bahay, sobrang itim at nakakahilong usok ang pumasok sa aming kusina.",Neighbor Disputes
Nagtayo po sila ng karinderya sa tapat ng aming bahay at ang kanilang mga kostumer ay sa tapat ng aming mismong garahe nagpaparada ng kanilang mga motor.,Neighbor Disputes
"Yung mga manok po ng katabi namin ay palaging lumilipad papasok sa aming garden, kinakahig at sinisira nila ang aking mga alagang mamahaling halaman.",Neighbor Disputes
Inirereklamo ko po ang aking kapitbahay dahil ginawa niyang tambakan ng mga kalawanging yero at sirang gamit ang gilid ng aming bahay na nagiging pugad ng mga daga.,Neighbor Disputes
Nag-away po kami ng katabi ko dahil binura niya ang pintura sa pader na ginawa kong boundary line ng aming mga bahay nang walang paalam sa akin.,Neighbor Disputes
"Tuwing naglalaba po ang kapitbahay namin, ang sabon at maruming tubig mula sa kanilang washing machine ay hinahayaan nilang umagos sa tapat ng aming pintuan.",Neighbor Disputes
Nagreklamo po ako dahil ang kapitbahay ko ay nag-aalaga ng mga kalapati na ang mga dumi at balahibo ay nagliliparan sa aming sampayan at mga bintana.,Neighbor Disputes
Sinigawan ako ng katabing tindera dahil lang sa sinabihan ko siyang huwag harangan ng kanyang mga paninda ang tapat ng aking munting pwesto sa palengke.,Neighbor Disputes
"Palaging nag-aaway nang pasigaw ang mag-asawa sa kabilang apartment kahit madaling araw, nagbabalibagan sila ng mga gamit na nakakaabala sa buong floor.",Neighbor Disputes
I am filing a complaint against our next-door neighbor who setup a makeshift car wash station that causes muddy water to flood the front of our residence.,Neighbor Disputes
Naglagay po ng malaking sako ng pataba,Neighbor Disputes
"ang aking kapitbahay malapit sa aming bintana, napakabaho po ng amoy at hindi namin mabuksan ang bintana para sa hangin. Sinisiraan po kami ng aming kapitbahay sa mga bago nating lumipat na residente, sinasabi nila na kami raw ay mga masasamang tao at huwag kaming kakausapin.",Neighbor Disputes
"Nagreklamo po ako dahil yung alulod ng kapitbahay ay walang tubo pababa, kaya ang bagsak ng tubig-ulan ay direktang",Neighbor Disputes
humuhukay sa lupa ng aking bakuran. Inirereklamo ko po ang aming katabi dahil naglagay sila ng CCTV na direktang nakaturo sa aming banyo at likod ng bahay kung saan kami naglalaba.,Neighbor Disputes
"Humiram po ng sampung libong piso ($₱10,000$) ang aking kumpare para raw sa pagpapagamot ng kanyang anak, ngunit nalaman ko na ibinili lang niya ng bagong cellphone at ayaw na akong bayaran ngayon.",Money/Debt Disputes
"Nagpautang ako ng mga paninda tulad ng mga damit at sapatos sa aking katrabaho na umabot sa halagang $₱6,500$, ngunit nag-resign siya sa kumpanya nang hindi nagbabayad ng kanyang balanse.",Money/Debt Disputes
"Kumuha po ng tatlong sako ng feeds para sa baboy ang inirereklamo sa aking agro-vet store sa ilalim ng kasunduang babayaran pagkatapos ng isang buwan, ngunit limang buwan na ang lumipas.",Money/Debt Disputes
"Nag-advance po ako ng pambayad sa upa ng bahay para sa aking kaibigan na nagkakahalaga ng $₱5,000$ dahil mapapalayas na sila, pero ngayon ay blinock na niya ako sa lahat ng komunikasyon.",Money/Debt Disputes
"My online reseller took cosmetic products worth $₱8,200$ from me with a promise to remit the payments every weekend, but she hasn't remitted anything for two months now.",Money/Debt Disputes
Sumali po sa aming buwanang paluwagan,Money/Debt Disputes
"ang aking kapitbahay, nung siya na po ang nakakuha ng kabuuang sweldo na $₱15,000$ ay bigla na lang siyang hindi nagparamdam at ayaw nang maghulog. Nagpabili po ng flat screen TV ang aking tita gamit ang aking credit card, ang usapan ay ibibigay niya sa akin ang hulog buwan-buwan pero dalawang buwan pa lang ang nababayaran niya.",Money/Debt Disputes
"Humiram ng pera ang aking drayber na nagkakahalaga ng $₱3,500$ para raw sa lisensya niya, pero nalaman ko na ipinantaya",Money/Debt Disputes
"lang niya sa e-sabong at hindi na siya pumasok sa trabaho. Ako po ay isang mananahi, nagpagawa sa akin ng mga kurtina at takip ng sofa ang inirereklamo na nagkakahalaga ng $₱4,800$ ang labor at tela, ngunit tinakbuhan ako nung idedeliber ko na.",Money/Debt Disputes
"Nagpadala ako ng puhunan na $₱12,000$ sa aking pinsan para sa kanyang munting negosyong barbecue na may usapang hahatian ako sa tubo, pero kinuha lang niya ang pera at walang negosyong itinayo.",Money/Debt Disputes
"Kumuha po ng maramihang order ng mga kakanin ang aking kapitbahay para sa handaan ng kanyang pamilya, umabot po ito sa $₱5,500$ pero laging sinasabing walang barya kapag sinisingil ko.",Money/Debt Disputes
"Humiram po ng pera ang aking katabi sa palengke ng $₱2,500$ para pambayad sa delivery ng kanyang isda, hanggang ngayon ay puro pangako na bukas o sa susunod na linggo magbabayad.",Money/Debt Disputes
"Nagbenta ako ng aking lumang washing machine sa halagang $₱4,000$. Nag-down siya ng $₱1,500$ at ang sabi ay ibibigay ang kulang sa sweldo, ngunit tatlong buwan na siyang umiiwas sa akin.",Money/Debt Disputes
"Kumuha ng mga order ng tanghalian ang isang contractor para sa kanyang mga manggagawa sa aking karinderya na umabot sa $₱9,000$, pero umalis ang contractor nang hindi nag-aabot ng bayad.",Money/Debt Disputes
"Humiram po ng pera sa akin ang aking kumpare para daw sa binyag ng kanyang anak na nagkakahalaga ng $₱7,000$ ngunit nalaman ko na ipinambili lang niya ng mga alak para sa kanyang mga katropa.",Money/Debt Disputes
"Nagpagawa po ng makina ng tricycle sa akin ang isang operator, matapos kong maayos at magamit niya sa pasada ay ayaw akong bayaran ng aking labor fee na $₱3,000$ dahil",Money/Debt Disputes
"matumal daw ang biyahe. Sinubukan kong singilin ang aking utang na $₱6,000$ sa aking kaibigan pero sa halip na magbayad ay pinahiya niya ako sa harap ng aming mga kapitbahay at tinawag akong madamot.",Money/Debt Disputes
"Nag-arkila po ng aking mga silya at lamesa ang isang pamilya para sa kanilang birthday party sa halagang $₱2,000$ pero matapos ang handaan ay ayaw na nilang ibigay ang napagkasunduang bayad.",Money/Debt Disputes
"Pinahiram ko po ng aking gintong singsing ang aking kapatid para gamitin sa isang interbyu, nalaman ko na lang na isinangla niya pala ito nang walang pasabi sa akin at ayaw niyang ibigay ang resibo.",Money/Debt Disputes
"Nagpautang po ako ng kapital para sa munting loading station ng aking kapitbahay na nagkakahalaga ng $₱5,000$. Ngayong malaki na ang kita niya, ayaw na niyang bayaran ang aking perang hiniram.",Money/Debt Disputes
"Kumuha ng mga sapatos at bag sa aking online shop ang isang kakilala na nagkakahalaga ng $₱7,800$. Naibenta na niya lahat sa mga kaklase niya pero hindi pa rin niya ako binabayaran ng capital.",Money/Debt Disputes
"Humiram po ng pera ang aking katabi sa pwesto ng gulay ng $₱4,000$ para ipandagdag sa paninda niyang saging, ngunit lumipas ang apat na buwan ay puro excuses ang ibinibigay sa akin tuwing sisisingilin ko.",Money/Debt Disputes
"Nagpa-advance ng sahod ang aking tindera na nagkakahalaga ng $₱6,000$ dahil may sakit daw ang kanyang anak sa probinsya, ngunit kinabukasan ay hindi na pumasok at lumipat na pala sa ibang tindahan.",Money/Debt Disputes
"Nagbenta ako ng mga pabango sa isang kapitbahay na nagkakahalaga ng $₱3,500$ sa ilalim ng kasunduang hulugan tuwing katapusan ng buwan, ngunit lumipat na siya ng bahay nang hindi nagbabayad.",Money/Debt Disputes
He rented my high-end DSLR camera for a,Money/Debt Disputes
"weekend event and promised to pay a rental fee of $₱2,500$, but it has been a month and he has not returned the camera or settled the payment. Nagpautang po ako ng pera sa isang ka-purok para sa piyansa ng kanyang anak na nagkakahalaga ng $₱12,000$ ngunit kapag pumupunta ako sa bahay nila ay palagi silang wala at nagtatago sa akin.",Money/Debt Disputes
"Kumuha po ng hapunan ang mga tauhan ng isang karpintero sa aking kainan sa loob ng isang linggo na umabot sa $₱4,500$ ang kabuuan, pero iniwan ako ng karpintero nang hindi nagbabayad ng utang.",Money/Debt Disputes
"Humiram po ng pera ang aking kumpare na gagamitin daw para sa kasal ng kanyang kapatid na nagkakahalaga ng $₱8,000$. Dalawang taon na ang nakalipas ngunit hindi pa rin niya ako binabayaran kahit piso.",Money/Debt Disputes
"Nagbenta po ako ng dalawang kambing sa aking kapitbahay na nagkakahalaga ng $₱9,000$. Ang sabi niya ay babayaran niya kapag natanggap ang sweldo niya sa katapusan, pero lumipas na ang dalawang buwan.",Money/Debt Disputes
"Pinautang ko po ang aking pamangkin ng $₱15,000$ para sa kanyang matrikula sa kolehiyo, ngayon po ay nakatapos na siya at may magandang trabaho ngunit ayaw na niyang ibalik ang aking pautang.",Money/Debt Disputes
Nagreklamo po ako laban sa aking tita dahil ayaw niyang ibigay ang bahagi ng aking ina sa napagbilihan ng lumang lupang pamana ng aming mga ninuno na nasa probinsya.,Family Matters
"Ang aking kapatid ay ayaw mag-ambag sa gastusin para sa pagbili ng mga gamot ng aming may-sakit na ama, kahit na sa kanya naiwan ang buong kita mula sa paupahan ng pamilya.",Family Matters
"paggamit sa lumang sasakyan ng aming mga magulang. Ginawa po kasi ng panganay naming kapatid na pampasada ng kanyang anak nang walang paalam. Nagrereklamo po ako sa aking asawa dahil hindi niya binibigyan ng sustento ang aming tatlong anak na nag-aaral pa, sa halip ay ginagastos niya ang sahod niya sa barkada at alak.",Family Matters
Ang aking biyenan ay palaging pumapasok sa aming bahay at pinakikialaman ang aking mga personal na desisyon sa pag-disiplina sa aking mga anak na nagiging sanhi ng away naming mag-asawa.,Family Matters
Inirereklamo ko po ang aking pinsan dahil pilit niyang pinapaalis ang aking pamilya sa maliit na bahay na pinahintulutan naman ng aming lola na itayo namin habang buhay pa siya.,Family Matters
Nagkaroon po ng matinding alitan sa pamilya dahil ang aking kapatid ay kinuha ang mga natitirang alahas ng aming pumanaw na ina nang hindi nagpapasabi sa ibang kasapi ng pamilya.,Family Matters
"Ayaw pong ibalik ng aking ate ang mga dokumento ng aking lupang binili na itinago niya nung ako ay nag-abroad, ngayon ay kailangan ko ito para sa pagpapatayo ng aking sariling bahay.",Family Matters
Nag-aaway po kami ng aking asawa dahil dinala niya ang aming dalawang anak sa probinsya nang walang pahintulot ko at ayaw niya akong bigyan ng pagkakataon na makausap sila.,Family Matters
Inirereklamo ko po ang aking kuya dahil binenta niya ang natitirang kalabaw na pag-aari ng aming pamilya nang walang pahintulot mula sa aming apat na magkakapatid.,Family Matters
"My biological father has not provided any financial support for my high school tuition for over a year, despite promising to do so under our written agreement before the barangay.",Family Matters
Pinagbintangan po ako ng aking tiya na ako,Family Matters
raw ang nag-udyok sa aking lolo na ilipat sa pangalan ko ang titulo ng kanyang lumang tricycle na pag-aari ng pamilya. Nagrereklamo po ako dahil ang aking pamangkin na nakatira sa aming compound ay palaging nagdadala ng mga kaibigan at nag-iinuman sa harap ng aking bintana na nagdudulot ng ingay.,Family Matters
Ayaw po ako bigyan ng aking kapatid ng kopya ng death certificate ng aming mga magulang na kailangan ko para sa pag-claim ng aking insurance at benepisyo bilang anak.,Family Matters
Inirereklamo ko po ang aking pinsang buo,Family Matters
"dahil kinuha niya ang aking nakatagong alahas sa aming shared cabinet para raw isanla at pambayad sa kanyang sariling utang nang walang paalam. Ang aking bayaw ay palaging nagwawala sa loob ng aming compound kapag nalalasing, tinatakot ang aking mga anak at pinagbabasag ang mga basong nakalagay sa labas.",Family Matters
"Nagreklamo po ako laban sa aking nakababatang kapatid dahil ayaw niyang lisanin ang kwarto na nakalaan para sa aking nag-iisang anak, kahit may sarili naman siyang kwarto sa itaas.",Family Matters
"pamamahala sa maliit na tindahan ng karne na iniwan ng aming namayapang ama, dahil ang isa naming kapatid ay kinukuha ang lahat ng kita. Inirereklamo ko po ang aking tiyuhin dahil sinasaka niya ang lupang iniwan sa akin ng aking mga magulang nang hindi nagbibigay ng tamang porsyento ng kita sa akin tuwing anihan.",Family Matters
"Nag-away po kami ng aking pinsan dahil ginamit niya ang aking pangalan upang kumuha ng mamahaling cellphone sa isang shop nang walang pahintulot ko, ngayon ako ang hinahabol ng kolektor.",Family Matters
Ayaw po kaming payagan ng aking kapatid na dumaan sa pasilyo ng kanyang bahay na siyang tanging daan patungo sa likod kung saan nakatira ang aming matandang ina na may sakit.,Family Matters
"Inirereklamo ko po ang aking asawa dahil pinalayas niya ako sa aming bahay matapos ang isang maliit na pagtatalo, at ngayon ay ayaw na niyang ibalik ang aking mga personal na dokumento.",Family Matters
Nagreklamo po ako dahil ang aking kapatid ay gumawa ng pekeng pirma ng aming ama upang mailipat sa kanyang pangalan ang isang lumang motorsiklo na pag-aari ng pamilya.,Family Matters
"Pinagbintangan po ako ng aking biyenan na nagnanakaw ng kanyang mga natitirang pera na nawawala sa kanyang pitaka, na naging dahilan ng pagkasira ng aking reputasyon sa pamilya.",Family Matters
"Ayaw po akong tulungan ng aking mga kapatid sa pagpapalibing sa aming ama na pumanaw noong isang linggo, samantalang pare-pareho naman kaming may matatag na trabaho at kita rito.",Family Matters
niya ang mga puno ng manga na itinanim ko sa bahagi ng lupang pinahiram niya sa aking pamilya noong nakaraang tatlong taon. Nagreklamo po ako laban sa aking nakakatandang kapatid dahil pinilit niyang kunin ang aking passbook sa bangko kung saan pumapasok ang aking buwanang sahod bilang tulong daw sa pamilya.,Family Matters
Pinag-aawayan po namin ng aking pinsan ang paghahati sa mga bunga ng mga puno ng niyog na nakatanim sa boundary ng aming mga bakuran na iniwan ng aming lolo.,Family Matters
My sister-in-law is spreading false rumors within our family compound that my husband and I are planning to sell the ancestral house without the consent of the other siblings.,Family Matters
Inirereklamo ko po ang aking kuya dahil giniba niya ang maliit na extension ng aking kusina na abot sa kanyang lote nang hindi man lang nakikipag-usap nang maayos sa akin bago ginawa.,Family Matters
"aking tricycle habang ako ay nagpapasada sa gabi, nagkabitak-bitak ito at muntik pa akong maaksidente dahil sa pagkagulat. Pumasok po nang walang pahintulot ang aking katabi sa loob ng aking bakuran habang wala ako, at nung tinanong ko kung bakit ay pinagbantaan pa niya ang aking buhay gamit ang kahoy.",Petty Criminal Offenses
"pambu-bully at unjust vexation ng isang grupo ng kabataan sa aking anak tuwing uuwi ito galing sa kanyang paaralan sa hapon. Sinira po ng kapitbahay ko ang aking bagong gawang bakod na gawa sa kawayan, pinagpuputol niya ito gamit ang itak dahil naiinis daw siya sa kulay at taas nito.",Petty Criminal Offenses
Pinagbantaan po ako ng isang lalaki sa aming purok na sasaktan niya raw ako kapag nakita niya pa akong dumadaan sa tapat ng kanilang tindahan tuwing gabi pagkatapos ng pasada.,Petty Criminal Offenses
Nagreklamo po ako dahil pinagkalat ng isang tsismosa sa aming barangay na ako raw ay may nakakahawang sakit kaya umiiwas na ang mga tao na bumili sa aking karinderya sa tapat.,Petty Criminal Offenses
Sinasadya pong gasgasan ng isang kapitbahay ang katawan ng aking nakaparadang kotse gamit ang pako tuwing madaling araw na naging sanhi ng malaking pinsala sa pintura nito.,Petty Criminal Offenses
"Pinasok po ng aming kapitbahay ang aming sariling bahay nang walang paalam habang kami ay natutulog, nahuli namin siya sa loob ng kusina na naghahanap ng aming mga gamit.",Petty Criminal Offenses
Nagrereklamo po ako dahil sa ginawang paninira ng puri sa akin ng aking katrabaho sa pamamagitan ng pag-post ng mga malisyosong kwento tungkol sa aking pamilya sa Facebook.,Petty Criminal Offenses
Kinuha po ng isang lalaki ang aking dalang basket na may paninda at itinapon sa kanal habang ako ay naglalakad sa kalsada nang walang anumang mabigat na dahilan nung isang araw.,Petty Criminal Offenses
"Sinigawan po ng isang lasing ang aking matandang ina habang ito ay naglalakad patungo sa simbahan, tinakot niya ito na sasapukin kung hindi magbibigay ng barya para sa alak.",Petty Criminal Offenses
Nagreklamo po ako dahil sinira ng aso ng aking katabi ang aking mga pananim na ornamental plants matapos nitong pumasok sa aking veranda na walang harang o nakatali.,Petty Criminal Offenses
"Pinahiya po ako ng isang kostumer sa aking computer shop, sinigawan niya ako sa harap ng iba pang mga naglalaro at sinabing madaya raw ang aking mga unit at lumang system.",Petty Criminal Offenses
Sinasadya pong barahan ng basura ng isang residente ang drainage pipe ng aking bahay na nagdulot ng pagbaha ng maruming tubig sa loob ng aking banyo at kusina kahapon.,Petty Criminal Offenses
A man from the adjacent compound committed unjust vexation by repeatedly throwing foul-smelling liquid at our front door every time he walked past our house during midnight.,Petty Criminal Offenses
Pinagbantaan po ng aking kapitbahay na lalasunin niya ang aking mga alagang aso,Petty Criminal Offenses
kapag narinig niya pa itong tumahol sa gabi habang siya ay nagpapahinga sa kanyang kwarto. Sinira po ng isang lasing na dumaan ang,Petty Criminal Offenses
"aming mailbox na nakakabit sa labas ng gate, pinag-sisipa niya ito hanggang sa matanggal at mayupi nang tuluyan nung Sabado ng gabi. Nagreklamo po ako dahil pinagbintangan ako ng isang babae sa aming purok na ako raw ang kumuha ng kanyang perang nawawala sa loob ng simbahan nung nakaraang Linggo ng umaga.",Petty Criminal Offenses
"Binato po ng bato ng aking katabi ang aking alagang pusa na naging sanhi ng pagkabali ng paa nito, dahil lang daw pumasok ang pusa sa kanyang bakuran upang magtago.",Petty Criminal Offenses
Sinigawan po kami at pinagbantaang papatayin ng isang lalaki sa aming eskinita dahil lang sa hindi namin pagpapahiram ng aming hagdanan nung oras ng kanyang paggawa ng bubong.,Petty Criminal Offenses
"Nagrereklamo po ako dahil sa ginawang oral defamation ng aking biyenan sa akin sa harap ng aking mga kapitbahay, tinawag niya akong walang kwentang asawa at tamad na ina.",Petty Criminal Offenses
Pinasok po ng isang hindi kilalang tao ang aking manukan sa likod ng bahay at pinakawalan ang lahat ng mga manok na aking inaalagaan para sa darating na pista ng barangay.,Petty Criminal Offenses
"Sinasadya pong pitikin at sirain ng isang bata ang mga bintanang salamin ng aking bahay gamit ang tirador, at nung sinabihan ko ang magulang ay sila pa ang nagalit at sumigaw.",Petty Criminal Offenses
Pinagbantaan po ako ng aking dating kasamahan sa trabaho na sisirain niya ang aking motorsiklo kapag hindi ko siya binigyan ng bahagi sa aking natanggap na insentibo sa kumpanya.,Petty Criminal Offenses
Nagreklamo po ako dahil sa patuloy na,Petty Criminal Offenses
"pambubuyo at harassment ng isang lalaki sa aking kapatid na babae tuwing ito ay naglalakad papunta sa sakayan ng jeep sa panulukan ng kalsada. Sinira po ng kapitbahay ko ang aking signage na gawa sa tarpaulin para sa aking munting negosyo ng gupitan, pinag-gugupit niya ito nang walang pasabi o dahilan nung gabi.",Petty Criminal Offenses
Pumasok po sa aking lote ang isang kapitbahay nang walang pahintulot at pinutol ang aking mga pananim na kawayan na ginagamit ko bilang natural na bakod sa aming boundary.,Petty Criminal Offenses
"Sinigawan po ako ng aking kumpare habang kami ay nasa gitna ng pagpupulong sa barangay, tinawag niya akong bastos at walang modo sa harap ng lahat ng mga opisyal ng purok.",Petty Criminal Offenses
"Sinasadya pong tapunan ng putik ng aking katabi ang aking bagong labang mga sampay sa labas, kaya kailangan ko na naman itong labhan muli dahil sa dumi ng kanyang ginawa.",Petty Criminal Offenses
Ayaw po kaming paraanin ng may-ari ng katabing lupa sa daanan na matagal na naming ginagamit bilang right-of-way papunta sa pambansang kalsada mula sa aming munting bahay.,Property Disputes
"Nagrereklamo po ako dahil ang drainage system ng katabing subdivision ay direktang nakatutok sa aking sakahan, na nagiging sanhi ng pagbaha at pagkabulok ng aking mga pananim na gulay.",Property Disputes
May alitan po kami sa boundary ng aming lupa dahil ang nakalagay na marker sa lumang titulo ay hindi tugma sa kasalukuyang,Property Disputes
"bakod na itinayo ng aking katabi sa Purok Dos kahapon. Sinakop po ng kapitbahay ko ang easement ng ilog na nasa likod ng aming mga bahay, nagtayo siya ng sementadong extension ng kanyang kusina kaya nabarahan ang natural na daluyan.",Property Disputes
"Nag-aaway po kami ng aking kamag-anak dahil pilit niyang kinukuha ang kalahati ng aking lote na binili ko sa aking sariling pera, sinasabi niya na kasama raw ito sa mana ng aming pamilya.",Property Disputes
Inirereklamo ko po ang may-ari ng katabing bakanteng lote dahil hinahayaan lang niyang tumubo ang matataas na talahib at damo na pinamumugaran na ngayon ng mga ahas at lamok.,Property Disputes
Nagtayo po ng outpost ang isang samahan sa loob mismo ng aking pribadong ari-arian nang walang anumang pahintulot o koordinasyon sa akin na siyang tunay na may-ari ng lupa.,Property Disputes
My neighbor is disputing the boundary line between our properties and has successfully prevented me from completing the construction of my residential perimeter concrete wall.,Property Disputes
Nagreklamo po ako dahil ang ginawang kalsada ng barangay ay lumagpas sa aking ari-arian at nasira ang aking mga pananim na puno nang walang kaukulang bayad-pinsala sa akin.,Property Disputes
"Ayaw po akong bigyan ng right-of-way ng aking katabi para sa paglalagay ng tubo ng tubig patungo sa aking bahay, kahit na wala namang ibang pwedeng daanan ang tubo na ito.",Property Disputes
"Nagtayo po ng paupahang kwarto ang aking kapitbahay na ang bubong ay lumampas na sa air space ng aking bakuran, kaya tuwing uulan ay sa amin bumabagsak ang lahat ng tubig-ulan.",Property Disputes
"Nag-aaway po kami sa pagmamay-ari ng isang maliit na daanan sa pagitan ng aming dalawang bahay, sinasabi ng katabi ko na sa kanya raw ito kahit na nakasulat sa plano na ito ay para sa komunidad.",Property Disputes
Inirereklamo ko po ang aking kapitbahay dahil ginabi niyang paradahan ng kanyang mga sirang sasakyan ang aking bakanteng lote na naging sanhi ng dumi at kalawang sa aking paligid.,Property Disputes
"Nilagyan po ng harang na bakal ng aking katabi ang pampublikong eskinita na nag-uugnay sa aming komunidad, kaya hindi na makapasok ang mga motor at tricycle dito sa aming dulo.",Property Disputes
"Nagreklamo po ako dahil binago ng aking katabi ang daloy ng natural na sapa na dumarating sa aking bukid, kaya ngayon ay natutuyo ang aking mga tanim na palay sa Purok Singko ngayon.",Property Disputes
Ayaw pong kilalanin ng bagong may-ari ng katabing lupa ang kasunduan namin ng dating may-ari tungkol sa paggamit ko ng isang metro ng kanyang lupa bilang daanan ng aking pamilya.,Property Disputes
"Nagtayo po sila ng pader na nakasara sa aking bintana na naging sanhi ng kawalan ng bentilasyon sa aking bahay, lumagpas po sila sa pinapayagang distansya ayon sa building code.",Property Disputes
Inirereklamo ko po ang aking kapitbahay dahil pinuwersa niyang gibain ang aking lumang bakod upang makabuo siya ng sarili niyang garahe sa bahagi ng aking sariling lupa.,Property Disputes
niyang binabakuran ang bahagi ng aming compound na nakalaan sana bilang common area para sa aming mga anak na naglalaro doon. Nagreklamo po ako dahil ang pundasyon ng,Property Disputes
ginagawang gusali sa katabi namin ay nagdulot ng malalaking lamat sa semento ng aking sariling pader at sa sahig ng aking buong sala. Ayaw po kaming payagan ng may-ari ng lupa sa harap na magdaos ng pag-aayos sa aming linya ng kuryente na dumadaan sa ibabaw ng kanyang bakuran mula pa noong unang panahon rito.,Property Disputes
Inirereklamo ko po ang aking kapitbahay dahil nagtapon siya ng mga hinukay na lupa sa loob ng aking bakod habang nagpapagawa siya ng kanyang sariling malaking septic tank sa tabi.,Property Disputes
"May alitan po kami tungkol sa boundary ng aming mga sakahan sa bukid, dahil unti-unting inuurong ng aking katabi ang pilapil papunta sa aking bahagi ng lupa tuwing mag-aararo siya ng palay.",Property Disputes
Nagtayo po ng isang maliit na chapel ang isang grupo sa tabi ng aking lote na lumampas sa aking boundary line ng halos dalawampung sentimetro base sa aking opisyal na plano.,Property Disputes
"Nagreklamo po ako dahil ang aking katabi ay naglagay ng tumpok ng mga hollow blocks sa tapat ng aking gate, na nakasagabal sa pagpasok ng sasakyan ng aking pamilya at bisita.",Property Disputes
Ayaw po akong paalisin ng isang pamilya na nakatira sa aking lupa kahit na ilang beses ko na silang binigyan ng pormal na abiso na gagamitin ko na ang lupa para sa aking sariling anak.,Property Disputes
Inirereklamo ko po ang aking kapitbahay dahil giniba niya ang marker ng gobyerno na nagtatakda ng hangganan ng aming mga ari-arian sa tabing kalsada sa Purok Siyete nung isang linggo.,Property Disputes
"The owner of the vacant lot behind our house refuses to cut down a massive, decaying tree that is visibly leaning toward our roof, posing an imminent danger to our entire household.",Property Disputes
Nag-aaway po kami ng aking kapatid dahil pilit niyang inaangkin ang buong lote na donasyon ng aming mga magulang na dapat sana ay hahatiin namin nang pantay sa aming dalawa bilang mana.,Property Disputes
"Nagreklamo po ako dahil ang aking pinauupahang bahay ay iniwan ng nangungupahan na may hindi bayad na kuryente at tubig na umabot sa labinlimang libong piso ($₱15,000$) ang kabuuan.",Contract Disputes
"May kasunduan kami ng isang karpintero na aayusin niya ang aking kusina sa loob ng dalawang linggo, ngunit matapos makuha ang down payment ay hindi na siya nagpakita sa aming bahay.",Contract Disputes
"Bumili po ako ng motorsiklo sa isang kakilala sa pamamagitan ng hulugan, ngunit nung matapos ko nang bayaran ang buong halaga ay ayaw niyang ibigay sa akin ang orihinal na dokumento.",Contract Disputes
"Nagkasundo po kami ng isang sastre na gagawa ng mga uniporme para sa aking mga tauhan, nagbayad ako ng deposito pero lumipas ang takdang araw ay wala siyang naibigay na gawa sa akin.",Contract Disputes
"Inirereklamo ko po ang aking landlord dahil bigla niyang itinaas ang renta ng aking pwesto nang walang kaukulang pasabi o sulat, na labag sa aming pinirmahang kontrata ng upahan.",Contract Disputes
"Nagpa-cater po ako para sa kasal ng aking anak, ngunit kulang-kulang ang pagkaing dinala at hindi nasunod ang menu na nakasaad sa aming opisyal na kontrata at pinagkasunduan namin.",Contract Disputes
"Kumuha po ako ng aircon technician para linisin ang aking tatlong unit, binayaran ko siya ng buo pero matapos ang gawa ay hindi na lumalamig ang mga aircon at ayaw na niyang balikan ito.",Contract Disputes
Nagreklamo po ako dahil ang aking kasosyo sa negosyo ay hindi nagbibigay ng aking buwanang dibidendo na nakasaad sa aming,Contract Disputes
"pinirmahang kasunduan sa harap ng aming mga saksi. The contractor I hired to install our stainless steel gates used low-quality, rusting materials instead of the specifications explicitly written in our signed service agreement.",Contract Disputes
"May kasunduan kami na babayaran niya ang aking lumang laptop sa pamamagitan ng tatlong hulog, ngunit matapos ang unang hulog ay hindi na siya nagbayad ng mga sumunod na buwan.",Contract Disputes
Inirereklamo ko po ang isang ahente dahil hindi niya ibinigay sa akin ang opisyal na resibo ng aking down payment para sa isang lote ng lupa na aking binili sa bagong subdivision.,Contract Disputes
"Nagpa-renovate po ako ng aking banyo sa isang construction worker, iniwan niya ang trabaho na hindi tapos kahit na naibigay ko na sa kanya ang siyamnapung porsyento ng aming kontrata.",Contract Disputes
Nagreklamo po ako laban sa aking tenant sa apartment dahil ayaw nilang umalis sa aking unit kahit na tapos na ang kontrata ng kanilang upa at tatlong buwan na silang walang bayad.,Contract Disputes
"Bumili po ako ng isang baka sa aking kapitbahay na may kasunduang buntis ito, ngunit nalaman ko sa beterinaryo na baog pala ang hayop kaya nais ko itong ibalik at bawiin ang aking pera.",Contract Disputes
"Nagkasundo po kami ng isang tricycle driver na ihahatid niya ang aking mga anak sa paaralan araw-araw sa loob ng isang buwan, nag-advance ako ng bayad pero madalas siyang hindi sumisipot dito.",Contract Disputes
"Inirereklamo ko po ang isang supplier ng bigas dahil nagpadala siya ng mga sako ng bigas na may halong uod at amag, na malayo sa kalidad ng sample na kanyang ipinakita sa aking tindahan.",Contract Disputes
"Nagreklamo po ako dahil hindi tinupad ng aking kumpare ang kanyang pangako na ibabalik ang aking hiniram na welding machine sa loob ng tatlong araw, nalaman kong ibinenta niya pala ito.",Contract Disputes
"May kontrata kami sa isang pintor na pipintahan ang aming buong bahay bago ang pista, ngunit kalahati lang ang kanyang napintahan at lumayas na siya kasama ang kanyang mga kagamitan.",Contract Disputes
Inirereklamo ko po ang aking kasambahay dahil umalis siya nang walang pormal na paalam kahit may kasunduan kami na magtatrabaho siya sa aming pamilya sa loob ng isang buong taon.,Contract Disputes
"Nagbenta ako ng aking cellphone sa isang katrabaho na may kasunduang babayaran niya sa katapusan ng buwan, ngunit nagpalit siya ng kumpanya at hindi na nagpakita sa akin kailanman.",Contract Disputes
Nagreklamo po ako dahil ang kinuha kong sibil na enhinyero para sa plano ng aking bahay ay nagbigay sa akin ng mga maling sukat na naging sanhi ng pagkaantala ng aking munting permit.,Contract Disputes
Ayaw po akong ibalik ng aking landlord ang aking dalawang buwan na security deposit kahit na maayos ko namang iniwan ang apartment at wala akong anumang naiwang utang sa kuryente doon.,Contract Disputes
"Inirereklamo ko po ang isang mekaniko dahil mahigit isang buwan na ang aking sasakyan sa kanyang talyer para sa simpleng pag-aayos ng preno, ngunit hanggang ngayon ay hindi pa rin tapos ang gawa.",Contract Disputes
"Nagkasundo kami ng aking kapitbahay na bibilhin ko ang kanyang lumang generator, nagbigay ako ng down payment ngunit ibinenta niya ito sa ibang tao na nag-alok ng mas mataas na halaga.",Contract Disputes
Nagreklamo po ako dahil ang kumpanya ng internet na aking pinapapasukan ay hindi nagbigay ng aking huling sahod at separation,Contract Disputes
pay ayon sa nakasaad sa aking kontrata sa paggawa noon. Kumuha po ako ng tao para mag-ani ng aking,Contract Disputes
"mga mangga na may usapang hahatian kami sa porsyento ng benta, ngunit itinago niya ang totoong halaga ng napagbilihan sa palengke sa amin. Inirereklamo ko po ang isang sastre dahil sinira niya ang mamahaling tela na ibinienbenta ko para sa aking gown, naging napakaliit ng sukat nito at hindi ko na magagamit sa okasyon ngayon.",Contract Disputes
"May kasunduan kami ng aking pinsan na babayaran niya ang aking lumang refrigerator sa pamamagitan ng pagbibigay ng kanyang dalawang biik, ngunit ibinenta niya ang mga biik na ito sa iba.",Contract Disputes
"The event organizer failed to provide the sound system and lights for our barangay youth league, despite receiving a fifty percent cash advance two weeks prior to the target event date.",Contract Disputes
"sa talyer ay biglang nagbago ng isip sa hatian ng kita, na lumalabag sa aming pinirmahang kasunduan noong simulan namin ang aming negosyo rito. NEW_KP_Complaints_Batch1 BarangAI – Katarungang Pambarangay Complaint Dataset Batch 1 of 6 • Synthetic Complaint Records Academic Research / ML Text Classification Dataset • All records fictional Nagreklamo po ako kasi lagi na lang nag-iihaw ng baboy yung kapitbahay namin tuwing Sabado at ang usok ay pumupunta sa aming bintana at nakakasunog ng mata ng aking anak na may asthma.",Neighbor Disputes
DIKO ALAM KUNG ILAN Kagabi po habang naglalakad ako pauwi galing,Petty Criminal Offenses
"sa trabaho, bigla na lang akong hinarang ng lasing kong kapitbahay na si Kiko. Pinagmumura niya ako tapos bigla niya akong sinuntok sa mukha nang walang dahilan. May pasa po ako ngayon sa kaliwang pisngi. Inirereklamo ko po ang aking live-in partner",Family Matters
"dahil gabi-gabi na lang akong inabuso sa salita at pisikal na pananakit. Kapag umuuwi siyang lasing mula sa pasada ng tricycle, pinagbubuhatan niya ako ng kamay at pinagbabantaang sasaktan din ang mga bata. Kinuha po ng katabi kong pwesto sa palengke Money / Debt Disputes ang mga plastic crates ko na puno ng paninda kong saba nang walang paalam. Noong hiningi ko ulit, ayaw na niyang ibalik at pinalalabas niya na sa kanya daw iyon kahit may marka ng pangalan ko ang mga lalagyan. Nagwawala po si Mang Nestor kanina sa tapat",Petty Criminal Offenses
"ng aming bakuran dahil napadpad yung dumi ng aso ko doon. Sinugod niya ako at nanuntok siya, buti na lang naiwasan ko pero tinamaan ang balikat ko kaya nagkasira-sira ang mga paninda ko sa munting mesa. Sobra na po ang ginagawang pag-abuso ng",Family Matters
"aking kapatid sa aming matandang ina. Kinukuha niya ang buong pensyon ni nanay buwan-buwan tapos hindi naman niya binibili ng gamot at pagkain, kaya napipilitan kaming mga kamag-anak ang sumalo sa gastusin. Yung kapitbahay namin, kinuha at sinakop na",Property Disputes
ang kalahating metro ng aming daanan para gawing extension ng kanilang tindahan. Sementado na po ang pagkaka-tayo kaya hindi na makadaan ang mga motorsiklo at traysikel na naghahatid ng mga gamit sa amin. Inirereklamo ko si Berto dahil nanuntok siya,Petty Criminal Offenses
nung nag-aagawan kami sa pila ng pasahero sa sakayan ng tricycle sa kanto. Galit na galit siya dahil nauna akong sumakay tapos bigla na lang akong binalibag at sinuntok sa panga sa harap ng maraming tao. Inabuso po ng may-ari ng pinapaupahan,Contract Disputes
"naming kwarto ang aming kabaitan. Bigla na lang siyang pumapasok sa loob ng bahay kahit wala kami para mag-inspeksyon, at nung huli nga ay may nawalang limang daang piso sa ibabaw ng aming aparador. Kinuha po ng hipag ko ang mga mamahaling",Family Matters
"kurtina at kumot sa lumang kuwarto ng namayapa kong lola nang walang pasabi sa pamilya. Noong kinausap namin siya para ibalik para sa darating na pista, nagalit pa siya at pinagmumura kaming lahat. Nagkaroon ng mainit na pagtatalo tungkol sa",Petty Criminal Offenses
"parking sa tapat ng bahay, tapos bigla na lang akong sinuntok ng kapitbahay ko sa dibdib. Masyado po siyang marahas at palaging naghahanap ng gulo sa tuwing nakakainom siya kasama ang mga tambay. Palagi na lang po akong inabuso ng aking",Petty Criminal Offenses
tiyahin sa pamamagitan ng pagpapalabas ng mga maling kwento sa aming purok na ako daw ay nagbebenta ng katawan. Sira na po ang pangalan ko sa komunidad dahil sa kanyang mga walang basehang paratang. Kinuha ng talyer ang makina ng aking lumang,Contract Disputes
"jeep para daw ayusin ang leak, pero nalaman ko na lang na ipinalit nila ito sa mas sirang makina ng ibang kustomer. Niloko at ninakawan nila ako kaya nais ko silang ireklamo dito sa barangay. Nasagi lang ng aking siko ang kanyang baso",Petty Criminal Offenses
"habang kami ay nasa birthday party, bigla na lang akong sinuntok sa ilong ni Junjun. Dumugo po nang husto ang ilong ko at dinala pa ako sa health center para maasikaso ang sugat ko. Grabe ang pag-abuso ng aking asawa sa",Family Matters
"aming pampamilyang pera. Palagi niyang kinukuha ang aking sweldo para lang ipansugal sa online casino at ipambili ng alak, habang ang mga anak namin ay walang pambaon at nagugutom sa eskwelahan. Kinuha po ng aking pinsan ang titulo ng lupang",Property Disputes
"pamana ng aming mga magulang nang walang pahintulot. Ginamit pala niya ito bilang kolateral sa isang pautang sa labas, at ngayon ay may sulat na kami mula sa nagpautang na kukunin na ang aming lote. Sinugod po ako ng aking biyenan sa loob ng",Family Matters
aking sariling tahanan tapos bigla niya akong sinuntok sa balikat habang nagsisigaw na wala daw akong kwentang asawa sa kanyang anak. Maraming nakarinig na mga kapitbahay sa aming eskinita. Inabuso po ng contractor ang aming,Contract Disputes
"pinirmahang kasunduan para sa pagpapatayo ng bakod. Humingi siya ng karagdagang bente mil para daw sa materyales pero nalaman namin na ginastos lang niya ito sa personal na bagay at iniwan ang trabaho. Kinuha ng kapitbahay ko ang aking alagang Money / Debt Disputes manok na panabong na nakatali sa tapat ng aming gate. Nakita siya sa CCTV ng katabing bahay na binuhat ang manok at pinasok sa kanyang sariling bakuran, pero ayaw niyang aminin nung sisingilin ko. Nagre-rev lang ako ng tricycle ko sa labas,",Petty Criminal Offenses
bigla na lang lumabas ang kapitbahay kong si Lito at nanuntok sa aking mukha. Nagulat ako dahil hindi naman kami nag-uusap tapos bigla na lang siyang nanakit dahil maingay daw ang tambutso ko. Inirereklamo ko ang aking tiyuhin dahil sa,Property Disputes
patuloy na pag-abuso sa karapatan ng aking pamilya sa aming shared property. Pinwersa niyang parentahan ang bakanteng lote sa isang junk shop nang hindi kami kinokonsulta at sa kanya lang napupunta ang kita. Kinuha po ng aking katrabaho ang aking Money / Debt Disputes mamahaling cellphone sa ibabaw ng lamesa sa aming opisina. Nakita siya ng aming guard na nagbulsa nito pero sinasabi niya na napagkamalan lang daw niya na sa kanya kahit magkaiba ang kulay ng case natin. Nanuntok po ang drayber ng jeepney nung,Petty Criminal Offenses
"singilin ko siya sa hindi pagbabayad ng tamang upa sa aking paradahan. Imbis na magbayad ng bente pesos, bumaba siya ng sasakyan at sinuntok ako sa sikmura sabay harurot ng kanyang jeep palayo. Inabuso po ng aking amain ang aming",Family Matters
"katahimikan sa bahay. Tuwing gabi ay dumarating siyang lasing at pinagbabasag ang mga pinggan at appliances namin, tsaka pinagtitulakan ang aking kapatid na nag-aaral lang nang tahimik sa mesa. Kinuha ng landlord ang aking dalawang",Contract Disputes
buwang advance deposit nang pinalayas niya ako nang walang sapat na abiso dahil daw gagamitin ng anak niya ang kwarto. Ayaw na niyang ibalik ang pera ko kahit wala naman akong kahit anong damage doon. Nagkasagutan lang kami tungkol sa basurang,Petty Criminal Offenses
"itinapon sa tapat namin, bigla akong sinuntok ng anak ng kapitbahay ko sa panga. Nawalan po ako ng malay nang ilang segundo at masakit pa rin ang aking ngipin hanggang ngayon dahil sa lakas ng tama. Inabuso po kami ng aming kapitbahay dahil",Neighbor Disputes
"ginawa niyang tambakan ng mga kalawangin at sirang yero ang gilid ng aming pader. Pinamumugaran na ito ng mga daga at ahas na pumapasok sa aming kusina pero nagmamatigas silang huwag linisin. Kinuha po ng aking bayaw ang aking motorsiklo Money / Debt Disputes nang walang paalam habang ako ay natutulog. Ginamit niya ito sa malayong biyahe at nung ibinalik ay may malaking gasgas at basag ang headlight, tapos ayaw niyang magbayad para sa pagpapagawa. Sinugod ako ng katrabaho ko sa labas ng",Petty Criminal Offenses
pabrika tapos nanuntok siya dahil akala niya ay isinumbong ko siya sa aming supervisor tungkol sa kanyang pag-absent. Tinamaan ako sa braso at sinabihan pa akong hinding-hindi niya ako tatantanan. Inabuso po ng aking pinsan ang tiwala ng,Family Matters
"aming pamilya sa pag-aalaga ng aming palayan sa probinsya. Kinuha niya ang buong pondo para sa abono at binhi tapos ibinili niya ng bagong appliances para sa bahay niya, kaya natuyo ang mga pananim namin. Kinuha po ng kapitbahay namin ang mga",Neighbor Disputes
prutas ng aming puno ng mangga na nakalaylay sa kanilang bakuran. Hindi lang po iisang piraso kundi parang binuhat na nila ang buong ani para ibenta sa palengke nang walang pahintulot mula sa amin. Nagtatalo kami sa linya ng tubig nang bigla,Petty Criminal Offenses
akong sinuntok ng aking kapitbahay sa mata. Namamaga at maitim ang aking kanang mata ngayon kaya hindi ako makapasok sa aking trabaho bilang guwardiya dahil sa ginawa niyang pananakit sa akin. Inabuso po ng aking madalas utangan ang Money / Debt Disputes aking sitwasyon sa pamamagitan ng pagpataw ng napakataas at labag sa batas na interes sa aking limang libong utang. Dumoble po ang halaga sa loob lang ng dalawang buwan at binabantaan akong ipapakulong. Kinuha ng tito ko ang buong parte ng aking,Family Matters
yumaong ama sa bentahan ng aming ancestral land. Sila lang ng mga kapatid niya ang nag-hati-hati sa pera at tuluyan nilang kinalimutan ang karapatan naming mga anak na naiwan ng tatay ko. Hinarang ako sa eskinita kagabi ng isang,Petty Criminal Offenses
kilalang tambay sa aming purok tapos sinuntok niya ako sa tiyan nung tumanggi akong bigyan siya ng barya para pambili ng alak. Natatakot na akong lumabas ng bahay kapag sumapit na ang dilim dito. Inabuso po ng aming kapitbahay ang aming,Neighbor Disputes
"bakod dahil doon niya direktang ipinako ang bubong ng kanyang bagong poultry house. Dahil dito, nagkakaroon ng lamat ang aming pader at umaabot ang ingay at amoy ng mga manok sa aming sala. Kinuha po ng aking kasosyo sa online shop ang",Contract Disputes
lahat ng kita ng aming mga benta nitong nakaraang buwan mula sa aming shared account. Bigla siyang nag-deactivate ng account at ayaw nang magpakita para sa pormal na paghahati ng pera. Sinita ko lang ang kapitbahay ko dahil sa,Petty Criminal Offenses
"pag-ihi sa tapat ng aming gate, bigla siyang nagalit at nanuntok sa aking mukha. Lasing na lasing siya noon at naging agresibo kaya kinailangan pa siyang awatin ng mga dumadaang tanod sa aming kalye. Inabuso po ng aking asawa ang aming",Family Matters
"kasunduan ukol sa sustento sa bata. Mula nung naghiwalay kami, pinapadalhan lang niya ako ng limang daang piso kada buwan kahit malaki ang kita niya bilang supervisor sa isang pabrika sa siyudad. Kinuha ng katabing lote ang bahagi ng aming",Property Disputes
front yard upang gawing daanan ng kanilang bagong delivery van. Binaklas nila ang aming pansamantalang harang na kawayan nang walang abiso at ayaw nilang makipag-usap nang maayos sa amin ngayon. Dahil sa away sa trapiko sa loob ng,Petty Criminal Offenses
"subdivision, bumaba ang drayber ng kotse at sinuntok ang windshield ng aking traysikel hanggang sa mabasag ito, tapos sinuntok din niya ako sa balikat bago mabilis na humarurot palayo sa kalsada. Inabuso po ng aking pinsan ang aking tiwala Money / Debt Disputes noong ipinahiram ko sa kanya ang aking pwesto sa palengke habang ako ay may sakit. Pagbalik ko, pinalitan na niya ang kandado at sinasabi sa mga tao na sa kanya na daw ang pwestong iyon ngayon. Kinuha po ng aking tiyahin ang mga alahas na",Family Matters
naiwan ng aking ina sa loob ng aming cabinet noong pumanaw ito. Sinasabi niya na binili daw niya iyon noon pero alam ng buong pamilya na pag-aari iyon ng nanay ko mula pa nung kabataan niya. Pumasok sa aming bakuran ang kapitbahay,Petty Criminal Offenses
"kong galit na galit dahil sa aso kong tumatahol, tapos bigla niya akong sinuntok sa mukha habang hawak ko ang aking bunsong anak. Natrauma po ang bata dahil sa eksenang ginawa niya sa amin. Inabuso po ng kapitbahay namin ang natural na",Neighbor Disputes
"daloy ng sapa sa gilid ng aming bahay. Nagtapon sila ng mga sako ng semento at basura kaya bumara ang tubig at direktang umaapaw sa loob ng aming bakuran tuwing bumubuhos ang ulan. Kinuha po ng aking katrabaho ang aking ATM Money / Debt Disputes card sa loob ng aking pitaka habang ako ay nasa banyo, at nalaman ko na lang na nag-withdraw siya ng sampung libong piso dahil alam niya ang aking pin code mula sa nakaraang transaksyon natin. Nagtalo po kami ng aking kapatid tungkol sa",Family Matters
"bayad sa kuryente ng bahay, tapos bigla na lang siyang nanuntok at pinagbabasag ang mga gamit ko sa kwarto. Sobra na po ang kanyang pagiging marahas tuwing natatalo sa sugal sa labas. Inabuso po ng technician ang aming kontrata",Contract Disputes
sa pag-aayos ng ref. Kinuha niya ang paunang bayad para sa bagong compressor pero ang ikinabit pala niya ay isang lumang surplus na nasira din pagkalipas lang ng dalawang araw na paggamit. Kinuha ng may-ari ng katabing lupa ang aming,Property Disputes
"mga pananim na saging na malapit sa boundary line namin. Sinasabi niya na sa lupa niya tumubo ang mga puno kaya sa kanya ang mga prutas, kahit malinaw na nakatanim ang mga ito sa sakop ko. Bigla na lang akong sinuntok ng aking kumpare",Petty Criminal Offenses
"sa tapat ng sari-sari store dahil lamang sa hindi ko siya binigyan ng sigarilyo. Lasing po siya noon at nagsimulang magwala, kaya napahiya ako sa harap ng mga kapitbahay na bumibili. Inabuso po ng aking landlord ang aming",Contract Disputes
"karapatan bilang tenant. Pinatayan kami ng linya ng kuryente at tubig dahil lang nahuli kami ng tatlong araw sa pagbabayad ng renta, kahit na maayos naman kaming nagpaliwanag sa kanya noon. Kinuha po ng aking hipag ang motor ng aking",Family Matters
"asawa nang walang pahintulot habang kami ay nasa trabaho. Ibinenta pala niya ito sa isang kakilala niya sa kabilang barangay para pambayad sa kanyang mga utang sa bumbay sa palengke. Habang nagdidilig ako sa labas, sinadya akong",Petty Criminal Offenses
sugurin ng kapitbahay ko at nanuntok siya sa aking braso dahil natalsikan daw ng kaunting tubig ang kanyang sapatos. Napakababaw ng dahilan para manakit siya nang pisikal sa tao. Inabuso po ng aking katabi sa compound ang,Neighbor Disputes
shared laundry area namin. Palagi niyang iniiwan ang kanyang mga maruruming balde at basahan doon nang ilang araw kaya nag-aamoy panis at hindi kami makagamit nang maayos ng aking pamilya. Kinuha ng aking pinsan ang delivery truck ng Money / Debt Disputes aming maliit na negosyo at ginamit sa personal niyang paglipat ng bahay nang walang paalam. Nasira po ang clutch nito dahil sa maling paggamit at ayaw niya kaming bayaran sa repair ng sasakyan. Sinita ko lang ang isang lalaki na nagtatapon,Petty Criminal Offenses
"ng basura sa tapat ng aming tindahan, bigla siyang lumapit at sinuntok ako sa mukha sabay mura nang malakas. Marami pong nakakita sa palengke na nagdulot sa akin ng matinding takot at hiya. Inabuso po ng aking tiyuhin ang aming",Family Matters
ancestral house sa pamamagitan ng paggawa nito bilang tagpuan ng kanyang mga kaibigan para mag-inuman gabi-gabi. Hindi makatulog ang aking mga anak dahil sa ingay at kalasingan nila doon. Kinuha po ng kapitbahay namin ang dalawang Money / Debt Disputes sako ng semento na nakatabi sa labas ng aming bahay para sa pagpapatayo ng aming banyo. Nakita sila ng aking anak na binuhat ang mga sako papunta sa kanilang ginagawang garahe kagabi. Nagtalo kami tungkol sa boundary ng aming,Petty Criminal Offenses
"lote nang bigla akong sinuntok ng aking katabi sa balikat. Masyado silang agresibo at ayaw daanin sa maayos na usapan o pagsusukat ng surveyor ang usapin tungkol sa aming mga lupa doon. Inabuso po ng aking katrabaho ang aking credit Money / Debt Disputes card noong ipinahiram ko ito sa kanya para sa isang emergency purchase. Ginamit pala niya ito para sa iba pang personal na luho na umabot sa dalawampung libo, at ngayon ay ayaw niyang bayaran. Kinuha ng aking kapatid ang lumang",Family Matters
refrigerator ng aming magulang nang walang abiso sa aming ibang magkakapatid. Idinala niya ito sa kanyang inuupahang bahay at sinasabing sa kanya na daw iyon dahil siya ang bunso sa pamilya natin. Bigla na lang akong sinuntok sa likod ng isang,Petty Criminal Offenses
kapitbahay habang ako ay nagwawalis sa tapat ng aming pinto. Napagbintangan niya akong nagkakalat ng tsismis tungkol sa kanyang pamilya na hindi naman totoo at wala siyang katibayan. Inabuso po ng operator ng sinasakyan kong,Contract Disputes
"traysikel ang aming usapan ukol sa pamasahe. Dahil marami akong dalang paninda, sinira niya ang regular na taripa at siningil ako ng limang daang pesos imbis na limampung pesos lang papunta sa amin. Kinuha po ng katabing subdivision ang bahagi",Property Disputes
"ng aming natural na drainage pathway upang sementuhan para sa kanilang bagong kalsada. Dahil dito, ang tubig-ulan ay direktang bumabalik at nagdudulot ng baha sa loob ng aming bakuran ngayon. Habang pumipila ako sa bentahan ng bigas sa",Petty Criminal Offenses
"kooperatiba, bigla akong sinuntok ng isang lalaki sa panga dahil akala niya ay sumingit ako sa linya. Sobra pong marahas ang kanyang reaksyon kahit maayos naman akong nakapila sa likod niya. Inabuso po ng aking live-in partner ang aking",Family Matters
"pananahimik sa bahay. Palagi niyang pinapakalat sa aming mga kapitbahay na ako daw ay tamad at walang kwentang tao, na nagiging sanhi ng matinding kahihiyan ko sa buong purok natin doon. Kinuha ng aking kumpare ang aking mga gamit Money / Debt Disputes sa pangingisda tulad ng lambat at katig nang walang pahintulot habang wala ako sa pantalan. Ginamit niya ito at nung ibinalik ay may malalaking butas na ang aking lambat na hindi na magamit. Sinugod ako ng aking tiyuhin sa labas ng aming",Family Matters
bahay tapos nanuntok siya dahil sa away sa lupang pamana. Tinamaan ako sa mukha at nagkaroon ako ng sugat sa labi kaya nais ko siyang ireklamo sa barangay para sa ginawa niyang pananakit. Inabuso po ng aming kapitbahay ang aming,Neighbor Disputes
"shared wall sa pamamagitan ng pagkabit ng kanilang malaking exhaust fan ng kusina na direktang bumubuga ng mantika at usok sa tapat ng aming bintana, kaya nagiging madumi ang aming bahay. Kinuha po ng aking bayaw ang aking generator Money / Debt Disputes noong nagka-brownout at nangakong ibabalik kinabukasan. Isang buwan na ang nakalipas at nalaman ko na lang na isanla pala niya ito sa isang pawnshop para pambayad sa kanyang utang sa sugal. Nagtalo kami sa tamang pila sa carwash nang",Petty Criminal Offenses
bigla akong sinuntok ng isang lalaki sa sikmura. Masyado po siyang mainit ang ulo at pinagbantaan pa akong babalikan sa bahay kung magrereklamo ako sa mga awtoridad tungkol sa nangyari. Inabuso po ng aking asawa ang aming joint,Family Matters
"account sa bangko. Kinuha niya ang lahat ng aming naipon para sa pag-aaral ng aming mga anak at ibinigay sa kanyang mga kamag-anak nang walang konsultasyon o pahintulot mula sa aking sarili. Kinuha ng katabing bahay ang aming lumang Money / Debt Disputes gate na bakal na pansamantala naming binaklas habang ginagawa ang daanan. Ibinenta pala nila ito sa junk shop bilang scrap metal nang walang paalam, kaya nais ko silang ireklamo para magbayad. Bigla na lang akong sinuntok ng aking",Petty Criminal Offenses
kapitbahay sa likod habang ako ay nakasakay sa aking traysikel. Galit na galit siya dahil hindi ko siya napagbigyan sa kanyang gustong hiraming pera noong nakaraang linggo sa aming looban. Inabuso po ng subdibisyon ang aming,Property Disputes
"karapatan sa daanan. Naglagay sila ng malalaking hamba ng semento sa right-of-way na matagal nang ginagamit ng aming pamilya, kaya ngayon ay hindi na namin mailabas ang aming mga sasakyan sa gabi. Kinuha po ng aking tito ang mga dokumento ng",Family Matters
aming pampamilyang negosyo nang walang pahintulot ng aking ina. Ginagamit niya ito ngayon para baguhin ang hatian ng kita sa kooperatiba para sa kanyang sariling kapakinabangan doon. Habang nagwawalis ako sa labas ng aking,Petty Criminal Offenses
"tindahan, bigla akong sinuntok ng isang lasing na kustomer sa balikat dahil hindi ko siya pinautang ng sigarilyo. Maraming tao ang nakasaksi sa pangyayari na nagdulot sa akin ng labis na hiya. Inabuso po ng aking landlord ang aming",Contract Disputes
"kontrata sa upa. Bigla niyang itinaas ang renta ng limampung porsyento ngayong buwan nang walang pormal na abiso, at pinagbabantaan kaming palayasin agad kung hindi kami papayag sa gusto niya. Kinuha ng kapitbahay ko ang aking mga hollow Money / Debt Disputes blocks na nakatambak sa tapat ng aking lote para sa gagawin kong bakod. Nakita sila ng aking anak na binuhat ang mga ito gabi-gabi para gamitin sa pagpapatayo ng kanilang sariling kusina. Nagtalo kami tungkol sa dumi ng kanyang",Petty Criminal Offenses
alagang hayop nang bigla akong sinuntok ng aking kapitbahay sa mukha. Namamaga po ang aking pisngi ngayon kaya nais kong maghain ng reklamo laban sa kanya para sa ginawa niyang marahas na pananakit. Inabuso po ng aking kapatid ang aming lupa sa,Family Matters
"pamamagitan ng pagtatayo ng isang malaking babuyan doon nang walang pahintulot naming ibang magkakapatid. Ang masangsang na amoy ay nagdudulot ng perwisyo sa buong komunidad natin. Kinuha po ng aking katrabaho ang aking Money / Debt Disputes mamahaling jacket sa loob ng locker room ng aming kumpanya. Nakita siya sa security camera na suot-suot ito habang lumalabas ng gate, pero nung hiningi ko ay pinalalabas niya na sa kanya daw iyon. Sinugod ako ng aking pinsan sa tapat ng aming",Family Matters
"bahay tapos nanuntok siya dahil sa selos sa hatian ng ani sa bukid. Tinamaan ako sa panga at nagkasugat ang aking labi, kaya hihilingin ko ang interbensyon ng barangay para sa gulo na ito. Inabuso po ng aming kapitbahay ang aming",Neighbor Disputes
bintana dahil doon niya direktang itinutok ang usok mula sa kanilang pagluluto gamit ang uling araw-araw. Nagiging sanhi ito ng ubo at hika ng aking mga maliliit na anak sa loob ng kwarto. Bigla na lang akong sinuntok sa mukha ng,Petty Criminal Offenses
aking kumpare habang kami ay nag-uusap tungkol sa aming utang sa paluwagan. Masyado siyang naging agresibo nung sabihin kong kailangan na niyang magbayad dahil turn ko na para makuha ang pondo. Inabuso po ng aking asawa ang aking,Family Matters
"katahimikan sa pamamagitan ng pagtawag sa aking mga boss sa trabaho upang gumawa ng mga kwento na ako daw ay nagnanakaw ng pera sa kumpanya, na naging dahilan para suspindihin ako sa aking posisyon. Habang naglalakad ako sa aming eskinita, bigla",Petty Criminal Offenses
akong sinuntok ng isang lasing na tambay sa braso dahil hindi ko siya binigyan ng barya pambili ng pulutan. Natatakot na po ang aking pamilya na dumaan doon tuwing gabi dahil sa kanila. Inabuso po ng contractor ang aming tiwala sa,Contract Disputes
"pag-aayos ng bubong. Kinuha niya ang buong bayad para sa mga bagong yero pero ang inilagay pala niya ay mga lumang yero na may pinta lang, kaya nagkaroon agad ng malaking leak nung umulan. Kinuha ng aking pinsan ang mga lumang",Family Matters
kagamitan sa pagsasaka ng aking yumaong ama nang walang abiso sa pamilya. Idinala niya ito sa kanyang sariling bukid at sinasabing may karapatan siya dahil siya ang nag-asikaso sa tatay ko noon. Nagtalo kami sa pila ng tricycle nang bigla,Petty Criminal Offenses
akong sinuntok ng isang drayber sa mukha. Namamaga po ang aking kanang pisngi ngayon kaya nais kong maghain ng reklamo laban sa kanya para sa ginawa niyang marahas na pananakit sa akin kahapon. Inabuso po ng aming kapitbahay ang aming,Neighbor Disputes
bakod sa pamamagitan ng pagtatambak ng maruruming basura at sako doon na nagiging sanhi ng masangsang na amoy at dagsa ng mga uod na pumapasok na sa loob ng aming sala at kusina araw-araw. Kinuha po ng aking katrabaho ang aking pitaka Money / Debt Disputes sa loob ng aking bag habang ako ay nasa pulong. Nalaman ko na lang na kinuha niya ang aking cash na nagkakahalaga ng apat na libong piso dahil nakita siya ng isang utility worker na naghahalughog. Sinugod ako ng aking kapatid sa loob ng aking,Family Matters
sariling bakuran tapos nanuntok siya dahil sa away sa pampamilyang negosyo. Tinamaan ako sa balikat at pinagbantaan pa akong papatayin kung hindi ko ibibigay ang aking parte sa kanya ngayon. Inabuso po ng aking landlord ang aming,Contract Disputes
"kontrata sa upa sa pamamagitan ng pagpasok sa loob ng aming apartment nang walang paalam habang kami ay nasa trabaho upang maghanap ng kung ano-anong dumi, na nag-aalis sa aming pribadong pamumuhay doon. Kinuha ng katabing lote ang aming mga hollow Money / Debt Disputes blocks na nakatambak sa labas para sa gagawin naming pader. Nakita sila ng aking anak na binuhat ang mga ito gabi-gabi para gamitin sa pagpapatayo ng kanilang sariling kusina sa likod ng bahay. Bigla na lang akong sinuntok ng aking",Petty Criminal Offenses
kapitbahay sa panga habang ako ay nagdidilig ng halaman sa labas. Galit na galit siya dahil natalsikan daw ng kaunting tubig ang kanyang motorsiklo na nakaparada sa pampublikong daan sa tapat namin. Inabuso po ng aking asawa ang aking,Family Matters
"pananahimik sa pamamagitan ng pagpapakalat ng mga maling kwento sa aming subdibisyon na ako daw ay may lalaki, na ganap na kasinungalingan at nagiging sanhi ng matinding kaguluhan sa aming pamilya ngayon. Habang ako ay namimili sa sari-sari store, bigla",Petty Criminal Offenses
akong sinuntok ng isang lasing na lalaki sa likod dahil lamang sa hindi ko siya binigyan ng barya para pambili ng sigarilyo. Maraming tao ang nakasaksi sa pangyayari na nagdulot sa akin ng hiya. Inabuso po kami ng aming kapitbahay dahil,Neighbor Disputes
ginawa nilang permanenteng garahe ng kanilang dalawang traysikel ang tapat ng aming gate. Hindi na tuloy namin mailabas ang aming sariling sasakyan lalo na kapag may emergency kami sa gabi. Kinuha ng aking kumpare ang aking mga gamit Money / Debt Disputes sa construction tulad ng welding machine at grinder nang walang paalam habang ako ay nasa trabaho. Ginamit niya ito at nung ibinalik ay sunog na ang motor nito at ayaw niyang ipagawa sa akin. Nagtalo kami sa tamang linya ng patubig sa,Petty Criminal Offenses
bukid nang bigla akong sinuntok ng aking katabi sa mukha. Namamaga po ang aking kanang mata ngayon kaya hindi ako makasaka nang maayos dahil sa ginawa niyang marahas na pananakit sa akin doon. Inabuso po ng contractor ang aming,Contract Disputes
pinirmahang kasunduan para sa pagpapagawa ng kusina. Kinuha niya ang downpayment na sampung libong piso pero lampas na ang tatlong linggo ay wala pa ring nasisimulan at laging patay ang kanyang cellphone. Kinuha po ng aking pinsan ang buong halaga,Family Matters
ng insurance payout ng aming namatay na lola nang walang abiso sa pamilya. Siya lang ang humawak ng pera at tuluyan niyang kinalimutan ang aming bahagi na napagkasunduan namin noon sa ospital. Sinugod ako ng aking kapitbahay sa loob ng,Petty Criminal Offenses
aking tindahan tapos nanuntok siya dahil napagbintangan niya akong nagnakaw ng kanyang alagang manok. Tinamaan ako sa braso at sinabihan pa akong hinding-hindi niya ako tatantanan sa barangay. Inabuso po ng aming katabi sa compound ang,Neighbor Disputes
"shared laundry area sa pamamagitan ng pag-iwan ng kanilang mga maruruming balde doon nang ilang araw, kaya nag-aamoy panis at hindi kami makagamit nang maayos ng aking pamilya araw-araw doon. Kinuha ng kapitbahay ko ang aking alagang Money / Debt Disputes aso na nakatali sa loob ng aking bakuran habang kami ay nasa simbahan. Nakita siya ng isang bata sa purok na hinalit ang tali at ipinasok sa kanyang sariling bahay, pero ayaw niyang ibalik sa amin. Bigla na lang akong sinuntok sa mukha ng",Petty Criminal Offenses
aking kumpare habang kami ay nag-uusap sa tapat ng barangay hall tungkol sa utang niya sa akin. Masyado siyang naging agresibo nung sabihin kong kailangan na niyang magbayad dahil gipit din ako ngayon. Inabuso po ng aking tiyahin ang aming,Family Matters
ancestral house sa pamamagitan ng paggawa nito bilang bodega ng kanyang mga paninda nang walang pahintulot ng aking pamilya. Nakatambak ang mga kahon kaya hindi na kami makadaan nang maayos sa loob ng sala. Kinuha po ng katabing subdivision ang aming,Property Disputes
right-of-way sa pamamagitan ng pagtatayo ng konkretong pader na humaharang sa aming daanan patungo sa kalsada. Napipilitan tuloy kaming umikot sa napakalayong subdibisyon para lang makalabas gabi-gabi. Habang nagwawalis ako sa labas ng aking,Petty Criminal Offenses
"pinto, bigla akong sinuntok ng isang kapitbahay sa likod dahil napagbintangan niya akong nagkakalat ng tsismis tungkol sa kanyang anak. Wala naman siyang katibayan pero nanakit siya nang pisikal sa akin. Inabuso po ng aking landlord ang aming",Contract Disputes
"karapatan bilang tenant sa pamamagitan ng pagpatay sa linya ng kuryente at tubig dahil lang nahuli kami ng dalawang araw sa pagbabayad ng renta, kahit na maayos naman kaming nagpaliwanag sa kanya kahapon. Kinuha ng aking bayaw ang aking motorsiklo",Family Matters
nang walang pahintulot habang ako ay natutulog sa loob ng bahay. Ibinenta pala niya ito sa isang kakilala niya sa kabilang purok para pambayad sa kanyang mga utang sa online sabong sa palengke. Nagtalo kami tungkol sa basurang itinapon sa,Petty Criminal Offenses
tapat ng aming pinto nang bigla akong sinuntok ng anak ng kapitbahay ko sa panga. Nawalan ako ng malay nang ilang segundo at masakit pa rin ang aking ngipin hanggang ngayon dahil sa lakas ng tama doon. Inabuso po kami ng aming kapitbahay dahil,Neighbor Disputes
"ginawa nilang permanenteng tambakan ng mga kalawangin at sirang yero ang gilid ng aming pader. Pinamumugaran na ito ng mga daga na pumapasok sa aming kusina pero nagmamatigas silang huwag linisin doon. Kinuha po ng aking katrabaho ang aking ATM Money / Debt Disputes card sa loob ng aking bag habang ako ay nasa banyo, at nalaman ko na lang na nag-withdraw siya ng limang libong piso dahil alam niya ang aking pin code mula sa nakaraang transaksyon natin sa bangko. Sinugod ako ng aking pinsan sa tapat ng aming",Family Matters
"gate tapos nanuntok siya dahil sa selos sa hatian ng ani sa aming bukid. Tinamaan ako sa mukha at nagkaroon ako ng sugat sa labi, kaya nais ko siyang ireklamo sa barangay para sa gulo na ito ngayon. Inabuso po ng technician ang aming kontrata",Contract Disputes
sa pag-aayos ng aircon. Kinuha niya ang paunang bayad para sa bagong compressor pero ang ikinabit pala niya ay isang lumang surplus na nasira din pagkalipas lang ng dalawang araw na paggamit sa amin. Kinuha ng may-ari ng katabing lupa ang aming,Property Disputes
"mga pananim na saging na malapit sa aming boundary line. Sinasabi niya na sa lupa niya tumubo ang mga puno kaya sa kanya ang mga prutas, kahit malinaw na nakatanim ang mga ito sa sakop ko sa titulo. Bigla na lang akong sinuntok ng aking",Petty Criminal Offenses
kapitbahay sa mukha habang ako ay nagdidilig ng halaman sa labas ng aming bahay. Galit na galit siya dahil natalsikan daw ng kaunting tubig ang kanyang sapatos na nakatapat sa pampublikong eskinita sa amin. Inabuso po ng aking landlord ang aming,Contract Disputes
"kontrata sa upa sa pamamagitan ng pagtaas ng renta ng limampung porsyento ngayong buwan nang walang pormal na abiso, at pinagbabantaan kaming palayasin agad kung hindi kami papayag sa gusto niya ngayon doon. Kinuha po ng aking hipag ang motor ng aking",Family Matters
"asawa nang walang pahintulot habang kami ay nasa trabaho kahapon. Ibinenta pala niya ito sa isang kakilala niya sa kabilang barangay para pambayad sa kanyang mga utang sa bumbay sa palengke natin. Habang naglalakad ako sa kalsada pauwi, bigla",Petty Criminal Offenses
akong hinarang ng aking kapitbahay na galit na galit at sinuntok ako sa balikat dahil napagbintangan niya akong nagnakaw ng kanyang alagang manok. Napakababaw ng dahilan para manakit siya nang pisikal. Inabuso po ng aming kapitbahay ang aming,Neighbor Disputes
"shared wall sa pamamagitan ng pagkabit ng kanilang malaking exhaust fan na direktang bumubuga ng mantika at usok sa tapat ng aming bintana, kaya nagiging madumi ang aming bahay araw-araw sa loob natin. Kinuha ng aking pinsan ang delivery truck ng Money / Debt Disputes aming maliit na negosyo at ginamit sa personal niyang paglipat ng bahay nang walang paalam sa amin. Nasira po ang clutch nito dahil sa maling paggamit at ayaw niya kaming bayaran sa repair ng sasakyan. Nagtalo kami sa pila ng traysikel sa kanto nang",Petty Criminal Offenses
bigla akong sinuntok ng isang drayber sa mukha. Namamaga po ang aking kanang pisngi ngayon kaya nais kong maghain ng reklamo laban sa kanya para sa ginawa niyang marahas na pananakit sa akin kahapon doon. Inabuso po kami ng aming kapitbahay dahil,Neighbor Disputes
"ginawa nilang permanenteng garahe ng kanilang dalawang kotse ang tapat ng aming gate. Hindi na tuloy namin mailabas ang aming sariling sasakyan lalo na kapag may emergency kami sa gabi sa pamilya namin. Kinuha po ng aking katrabaho ang aking Money / Debt Disputes mamahaling jacket sa loob ng locker room ng aming kumpanya kahapon. Nakita siya sa security camera na suot-suot ito habang lumalabas ng gate, pero nung hiningi ko ay pinalalabas niya na sa kanya daw iyon sa tapat. Sinugod ako ng aking kapatid sa loob ng aking",Family Matters
sariling bakuran tapos nanuntok siya dahil sa away sa pampamilyang negosyo natin. Tinamaan ako sa balikat at pinagbantaan pa akong papatayin kung hindi ko ibibigay ang aking parte sa kanya ngayon sa daan. Inabuso po ng aming kapitbahay ang aming,Neighbor Disputes
bakod sa pamamagitan ng pagtatambak ng maruruming basura at sako doon na nagiging sanhi ng masangsang na amoy at dagsa ng mga uod na pumapasok na sa loob ng aming sala at kusina araw-araw sa amin doon. Kinuha ng kapitbahay ko ang aking mga hollow Money / Debt Disputes blocks na nakatambak sa tapat ng aking lote para sa gagawin kong bakod. Nakita sila ng aking anak na binuhat ang mga ito gabi-gabi para gamitin sa pagpapatayo ng kanilang sariling kusina sa likod nila. Bigla na lang akong sinuntok ng aking,Petty Criminal Offenses
kapitbahay sa panga habang ako ay nagwawalis sa tapat ng aming pinto kagabi. Galit na galit siya dahil natalsikan daw ng kaunting alikabok ang kanyang motorsiklo na nakaparada sa pampublikong daan sa tapat natin. Inabuso po ng aking asawa ang aming joint,Family Matters
account sa bangko. Kinuha niya ang lahat ng aming naipon para sa pag-aaral ng aming mga anak at ibinigay sa kanyang mga kamag-anak nang walang konsultasyon o pahintulot mula sa aking sarili sa pamilya. Kinuha po ng aking tito ang mga dokumento ng,Family Matters
"aming lupang sakahan nang walang pahintulot ng aking ina kahapon. Ginagamit niya ito ngayon upang baguhin ang pangalan sa tax declaration para sa kanyang sariling kapakinabangan sa probinsya natin doon. Habang ako ay namimili sa sari-sari store, bigla",Petty Criminal Offenses
akong sinuntok ng isang lasing na lalaki sa likod dahil lamang sa hindi ko siya binigyan ng barya para pambili ng sigarilyo. Maraming tao ang nakasaksi sa pangyayari na nagdulot sa akin ng hiya doon. Inabuso po ng aming kapitbahay ang aming,Neighbor Disputes
bintana dahil doon niya direktang itinutok ang usok mula sa kanilang pagluluto gamit ang uling araw-araw. Nagiging sanhi ito ng ubo at hika ng aking mga maliliit na anak sa loob ng kwarto namin sa subdibisyon. Kinuha ng aking kumpare ang aking mga gamit Money / Debt Disputes sa construction tulad ng welding machine at grinder nang walang paalam habang ako ay nasa trabaho. Ginamit niya ito at nung ibinalik ay sunog na ang motor nito at ayaw niya akong bayaran sa repair nito. Nagtalo kami sa tamang linya ng patubig sa,Petty Criminal Offenses
bukid nang bigla akong sinuntok ng aking katabi sa mukha. Namamaga po ang aking kanang mata ngayon kaya hindi ako makasaka nang maayos dahil sa ginawa niyang marahas na pananakit sa akin doon sa bukid. Inabuso po ng contractor ang aming,Contract Disputes
pinirmahang kasunduan para sa pagpapagawa ng kusina. Kinuha niya ang downpayment na sampung libong piso pero lampas na ang tatlong linggo ay wala pa ring nasisimulan at laging patay ang kanyang cellphone sa amin. Kinuha po ng aking pinsan ang buong halaga,Family Matters
ng insurance payout ng aming namatay na lola nang walang abiso sa pamilya. Siya lang ang humawak ng pera at tuluyan niyang kinalimutan ang aming bahagi na napagkasunduan namin noon sa ospital sa amin. Sinugod ako ng aking kapitbahay sa loob ng,Petty Criminal Offenses
aking tindahan tapos nanuntok siya dahil napagbintangan niya akong nagnakaw ng kanyang alagang manok. Tinamaan ako sa braso at sinabihan pa akong hinding-hindi niya ako tatantanan sa barangay natin ngayon. Inabuso po ng aming katabi sa compound ang,Neighbor Disputes
"shared laundry area sa pamamagitan ng pag-iwan ng kanilang mga maruruming balde doon nang ilang araw, kaya nag-aamoy panis at hindi kami makagamit nang maayos ng aking pamilya araw-araw doon sa looban. Kinuha ng kapitbahay ko ang aking alagang Money / Debt Disputes aso na nakatali sa loob ng aking bakuran habang kami ay nasa simbahan. Nakita siya ng isang bata sa purok na hinalit ang tali at ipinasok sa kanyang sariling bahay, pero ayaw niyang ibalik sa amin doon. Bigla na lang akong sinuntok sa mukha ng",Petty Criminal Offenses
aking kumpare habang kami ay nag-uusap sa tapat ng barangay hall tungkol sa utang niya sa akin. Masyado siyang naging agresibo nung sabihin kong kailangan na niyang magbayad dahil gipit din ako ngayon sa daan. Inabuso po ng aking tiyahin ang aming,Family Matters
ancestral house sa pamamagitan ng paggawa nito bilang bodega ng kanyang mga paninda nang walang pahintulot ng aking pamilya. Nakatambak ang mga kahon kaya hindi na kami makadaan nang maayos sa loob ng sala natin. Kinuha po ng katabing subdivision ang aming,Property Disputes
right-of-way sa pamamagitan ng pagtatayo ng konkretong pader na humaharang sa aming daanan patungo sa kalsada. Napipilitan tuloy kaming umikot sa napakalayong subdibisyon para lang makalabas gabi-gabi sa amin. Habang nagwawalis ako sa labas ng aking,Petty Criminal Offenses
"pinto, bigla acne sinuntok ng isang kapitbahay sa likod dahil napagbintangan niya akong nagkakalat ng tsismis tungkol sa kanyang anak. Wala naman siyang katibayan pero nanakit siya nang pisikal sa akin doon. Inabuso po ng aking landlord ang aming",Contract Disputes
"karapatan bilang tenant sa pamamagitan ng pagpatay sa linya ng kuryente at tubig dahil lang nahuli kami ng dalawang araw sa pagbabayad ng renta, kahit na maayos naman kaming nagpaliwanag sa kanya kahapon sa daan. Kinuha ng aking bayaw ang aking motorsiklo",Family Matters
nang walang pahintulot habang ako ay natutulog sa loob ng bahay. Ibinenta pala niya ito sa isang kakilala niya sa kabilang purok para pambayad sa kanyang mga utang sa online sabong sa palengke natin doon. Nagtalo kami tungkol sa basurang itinapon sa,Petty Criminal Offenses
tapat ng aming pinto nang bigla akong sinuntok ng anak ng kapitbahay ko sa panga. Nawalan ako ng malay nang ilang segundo at masakit pa rin ang aking ngipin hanggang ngayon dahil sa lakas ng tama doon sa amin. Inabuso po kami ng aming kapitbahay dahil,Neighbor Disputes
"ginawa nilang permanenteng tambakan ng mga kalawangin at sirang yero ang gilid ng aming pader. Pinamumugaran na ito ng mga daga na pumapasok sa aming kusina pero nagmamatigas silang huwag linisin doon sa amin. Kinuha po ng aking katrabaho ang aking ATM Money / Debt Disputes card sa loob ng aking bag habang ako ay nasa banyo, at nalaman ko na lang na nag-withdraw siya ng limang libong piso dahil alam niya ang aking pin code mula sa nakaraang transaksyon natin sa bangko natin. Sinugod ako ng aking pinsan sa tapat ng aming",Family Matters
"gate tapos nanuntok siya dahil sa selos sa hatian ng ani sa aming bukid. Tinamaan ako sa mukha at nagkaroon ako ng sugat sa labi, kaya nais ko siyang ireklamo sa barangay para sa gulo na ito ngayon sa atin. Inabuso po ng technician ang aming kontrata",Contract Disputes
sa pag-aayos ng aircon. Kinuha niya ang paunang bayad para sa bagong compressor pero ang ikinabit pala niya ay isang lumang surplus na nasira din pagkalipas lang ng dalawang araw na paggamit sa amin doon. Kinuha ng may-ari ng katabing lupa ang aming,Property Disputes
"mga pananim na saging na malapit sa aming boundary line. Sinasabi niya na sa lupa niya tumubo ang mga puno kaya sa kanya ang mga prutas, kahit malinaw na nakatanim ang mga ito sa sakop ko sa titulo natin. Bigla na lang akong sinuntok ng aking",Petty Criminal Offenses
kapitbahay sa mukha habang ako ay nagdidilig ng halaman sa labas ng aming bahay. Galit na galit siya dahil natalsikan daw ng kaunting tubig ang kanyang sapatos na nakatapat sa pampublikong eskinita sa amin sa tapat. Inabuso po ng aking landlord ang aming,Contract Disputes
"kontrata sa upa sa pamamagitan ng pagtaas ng renta ng limampung porsyento ngayong buwan nang walang pormal na abiso, at pinagbabantaan kaming palayasin agad kung hindi kami papayag sa gusto niya ngayon doon sa pader. Kinuha po ng aking hipag ang motor ng aking",Family Matters
"asawa nang walang pahintulot habang kami ay nasa trabaho kahapon sa opisina. Ibinenta pala niya ito sa isang kakilala niya sa kabilang barangay para pambayad sa kanyang mga utang sa bumbay sa palengke natin doon. Habang naglalakad ako sa kalsada pauwi, bigla",Petty Criminal Offenses
akong hinarang ng aking kapitbahay na galit na galit at sinuntok ako sa balikat dahil napagbintangan niya akong nagnakaw ng kanyang alagang manok. Napakababaw ng dahilan para manakit siya nang pisikal sa daan. Inabuso po ng aming kapitbahay ang aming,Neighbor Disputes
"shared wall sa pamamagitan ng pagkabit ng kanilang malaking exhaust fan na direktang bumubuga ng mantika at usok sa tapat ng aming bintana, kaya nagiging madumi ang aming bahay araw-araw sa loob natin sa kusina. Kinuha ng aking pinsan ang delivery truck ng Money / Debt Disputes aming maliit na negosyo at ginamit sa personal niyang paglipat ng bahay nang walang paalam sa amin doon. Nasira po ang clutch nito dahil sa maling paggamit at ayaw niya kaming bayaran sa repair ng sasakyan natin. Nagtalo kami sa pila ng traysikel sa kanto nang",Petty Criminal Offenses
bigla akong sinuntok ng isang drayber sa mukha. Namamaga po ang aking kanang pisngi ngayon kaya nais kong maghain ng reklamo laban sa kanya para sa ginawa niyang marahas na pananakit sa akin kahapon doon sa tapat. Inabuso po kami ng aming kapitbahay dahil,Neighbor Disputes
"ginawa nilang permanenteng garahe ng kanilang dalawang kotse ang tapat ng aming gate. Hindi na tuloy namin mailabas ang aming sariling sasakyan lalo na kapag may emergency kami sa gabi sa pamilya namin sa looban. Kinuha po ng aking katrabaho ang aking Money / Debt Disputes mamahaling jacket sa loob ng locker room ng aming kumpanya kahapon sa planta. Nakita siya sa security camera na suot-suot ito habang lumalabas ng gate, pero nung hiningi ko ay pinalalabas niya na sa kanya daw iyon sa tapat. Sinugod ako ng aking kapatid sa loob ng aking",Family Matters
sariling bakuran tapos nanuntok siya dahil sa away sa pampamilyang negosyo natin sa compound. Tinamaan ako sa balikat at pinagbantaan pa akong papatayin kung hindi ko ibibigay ang aking parte sa kanya ngayon sa daan natin. Inabuso po ng aming kapitbahay ang aming,Neighbor Disputes
bakod sa pamamagitan ng pagtatambak ng maruruming basura at sako doon na nagiging sanhi ng masangsang na amoy at dagsa ng mga uod na pumapasok na sa loob ng aming sala at kusina araw-araw sa amin doon sa pader. Kinuha ng kapitbahay ko ang aking mga hollow Money / Debt Disputes blocks na nakatambak sa tapat ng aking lote para sa gagawin kong bakod. Nakita sila ng aking anak na binuhat ang mga ito gabi-gabi para gamitin sa pagpapatayo ng kanilang sariling kusina sa likod nila sa tabi. Bigla na lang akong sinuntok ng aking,Petty Criminal Offenses
kapitbahay sa panga habang ako ay nagwawalis sa tapat ng aming pinto kagabi sa looban. Galit na galit siya dahil natalsikan daw ng kaunting alikabok ang kanyang motorsiklo na nakaparada sa pampublikong daan sa tapat natin sa daan. Inabuso po ng aking asawa ang aming joint,Family Matters
account sa bangko. Kinuha niya ang lahat ng aming naipon para sa pag-aaral ng aming mga anak at ibinigay sa kanyang mga kamag-anak nang walang konsultasyon o pahintulot mula sa aking sarili sa pamilya natin. Kinuha po ng aking tito ang mga dokumento ng,Family Matters
"aming lupang sakahan nang walang pahintulot ng aking ina kahapon sa probinsya. Ginagamit niya ito ngayon upang baguhin ang pangalan sa tax declaration para sa kanyang sariling kapakinabangan sa probinsya natin doon sa bukid. Habang ako ay namimili sa sari-sari store, bigla",Petty Criminal Offenses
akong sinuntok ng isang lasing na lalaki sa likod dahil lamang sa hindi ko siya binigyan ng barya para pambili ng sigarilyo. Maraming tao ang nakasaksi sa pangyayari na nagdulot sa akin ng hiya doon sa palengke. Inabuso po ng aming kapitbahay ang aming,Neighbor Disputes
bintana dahil doon niya direktang itinutok ang usok mula sa kanilang pagluluto gamit ang uling araw-araw. Nagiging sanhi ito ng ubo at hika ng aking mga maliliit na anak sa loob ng kwarto namin sa subdibisyon natin. Kinuha ng aking kumpare ang aking mga gamit Money / Debt Disputes sa construction tulad ng welding machine at grinder nang walang paalam habang ako ay nasa trabaho sa site. Ginamit niya ito at nung ibinalik ay sunog na ang motor nito at ayaw niya akong bayaran sa repair nito sa shop. Nagtalo kami sa tamang linya ng patubig sa,Petty Criminal Offenses
bukid nang bigla akong sinuntok ng aking katabi sa mukha. Namamaga po ang aking kanang mata ngayon kaya hindi ako makasaka nang maayos dahil sa ginawa niyang marahas na pananakit sa akin doon sa bukid natin. Inabuso po ng contractor ang aming,Contract Disputes
pinirmahang kasunduan para sa pagpapagawa ng kusina. Kinuha niya ang downpayment na sampung libong piso pero lampas na ang tatlong linggo ay wala pa ring nasisimulan at laging patay ang kanyang cellphone sa amin sa bahay. Kinuha po ng aking pinsan ang buong halaga,Family Matters
ng insurance payout ng aming namatay na lola nang walang abiso sa pamilya. Siya lang ang humawak ng pera at tuluyan niyang kinalimutan ang aming bahagi na napagkasunduan namin noon sa ospital sa amin sa probinsya. Sinugod ako ng aking kapitbahay sa loob ng,Petty Criminal Offenses
aking tindahan tapos nanuntok siya dahil napagbintangan niya akong nagnakaw ng kanyang alagang manok. Tinamaan ako sa braso at sinabihan pa akong hinding-hindi niya ako tatantanan sa barangay natin ngayon sa tapat. Inabuso po ng aming katabi sa compound ang,Neighbor Disputes
"shared laundry area sa pamamagitan ng pag-iwan ng kanilang mga maruruming balde doon nang ilang araw, kaya nag-aamoy panis at hindi kami makagamit nang maayos ng aking pamilya araw-araw doon sa looban natin. Kinuha ng kapitbahay ko ang aking alagang Money / Debt Disputes aso na nakatali sa loob ng aking bakuran habang kami ay nasa simbahan. Nakita siya ng isang bata sa purok na hinalit ang tali at ipinasok sa kanyang sariling bahay, pero ayaw niyang ibalik sa amin doon sa amin. Bigla na lang akong sinuntok sa mukha ng",Petty Criminal Offenses
aking kumpare habang kami ay nag-uusap sa tapat ng barangay hall tungkol sa utang niya sa akin. Masyado siyang naging agresibo nung sabihin kong kailangan na niyang magbayad dahil gipit din ako ngayon sa daan natin. Inabuso po ng aking tiyahin ang aming,Family Matters
ancestral house sa pamamagitan ng paggawa nito bilang bodega ng kanyang mga paninda nang walang pahintulot ng aking pamilya. Nakatambak ang mga kahon kaya hindi na kami makadaan nang maayos sa loob ng sala natin sa bahay. Kinuha po ng katabing subdivision ang aming,Property Disputes
right-of-way sa pamamagitan ng pagtatayo ng konkretong pader na humaharang sa aming daanan patungo sa kalsada. Napipilitan tuloy kaming umikot sa napakalayong subdibisyon para lang makalabas gabi-gabi sa amin sa kanto. Habang nagwawalis ako sa labas ng aking,Petty Criminal Offenses
"pinto, bigla akong sinuntok ng isang kapitbahay sa likod dahil napagbintangan niya akong nagkakalat ng tsismis tungkol sa kanyang anak. Wala naman siyang katibayan pero nanakit siya nang pisikal sa akin doon sa eskinita. Inabuso po ng aking landlord ang aming",Contract Disputes
"karapatan bilang tenant sa pamamagitan ng pagpatay sa linya ng kuryente at tubig dahil lang nahuli kami ng dalawang araw sa pagbabayad ng renta, kahit na maayos naman kaming nagpaliwanag sa kanya kahapon sa daan natin. Kinuha ng aking bayaw ang aking motorsiklo",Family Matters
nang walang pahintulot habang ako ay natutulog sa loob ng bahay. Ibinenta pala niya ito sa isang kakilala niya sa kabilang purok para pambayad sa kanyang mga utang sa online sabong sa palengke natin doon sa tapat. Nagtalo kami tungkol sa basurang itinapon sa,Petty Criminal Offenses
tapat ng aming pinto nang bigla akong sinuntok ng anak ng kapitbahay ko sa panga. Nawalan ako ng malay nang ilang segundo at masakit pa rin ang aking ngipin hanggang ngayon dahil sa lakas ng tama doon sa amin sa gate. Inabuso po kami ng aming kapitbahay dahil,Neighbor Disputes
"ginawa nilang permanenteng tambakan ng mga kalawangin at sirang yero ang gilid ng aming pader. Pinamumugaran na ito ng mga daga na pumapasok sa aming kusina pero nagmamatigas silang huwag linisin doon sa amin sa tapat. Kinuha po ng aking katrabaho ang aking ATM Money / Debt Disputes card sa loob ng aking bag habang ako ay nasa banyo, at nalaman ko na lang na nag-withdraw siya ng limang libong piso dahil alam niya ang aking pin code mula sa nakaraang transaksyon natin sa bangko natin sa opisina. Sinugod ako ng aking pinsan sa tapat ng aming",Family Matters
"gate tapos nanuntok siya dahil sa selos sa hatian ng ani sa aming bukid. Tinamaan ako sa mukha at nagkaroon ako ng sugat sa labi, kaya nais ko siyang ireklamo sa barangay para sa gulo na ito ngayon sa atin sa looban. Inabuso po ng technician ang aming kontrata",Contract Disputes
sa pag-aayos ng aircon. Kinuha niya ang paunang bayad para sa bagong compressor pero ang ikinabit pala niya ay isang lumang surplus na nasira din pagkalipas lang ng dalawang araw na paggamit sa amin doon sa pader. Kinuha ng may-ari ng katabing lupa ang aming,Property Disputes
"mga pananim na saging na malapit sa aming boundary line. Sinasabi niya na sa lupa niya tumubo ang mga puno kaya sa kanya ang mga prutas, kahit malinaw na nakatanim ang mga ito sa sakop ko sa titulo natin sa likod. Bigla na lang akong sinuntok ng aking",Petty Criminal Offenses
kapitbahay sa mukha habang ako ay nagdidilig ng halaman sa labas ng aming bahay. Galit na galit siya dahil natalsikan daw ng kaunting tubig ang kanyang sapatos na nakatapat sa pampublikong eskinita sa amin sa tapat ng gate. Inabuso po ng aking landlord ang aming,Contract Disputes
"kontrata sa upa sa pamamagitan ng pagtaas ng renta ng limampung porsyento ngayong buwan nang walang pormal na abiso, at pinagbabantaan kaming palayasin agad kung hindi kami papayag sa gusto niya ngayon doon sa pader natin. Kinuha po ng aking hipag ang motor ng aking",Family Matters
"asawa nang walang pahintulot habang kami ay nasa trabaho kahapon sa opisina natin. Ibinenta pala niya ito sa isang kakilala niya sa kabilang barangay para pambayad sa kanyang mga utang sa bumbay sa palengke natin doon sa tapat. Habang naglalakad ako sa kalsada pauwi, bigla",Petty Criminal Offenses
akong hinarang ng aking kapitbahay na galit na galit at sinuntok ako sa balikat dahil napagbintangan niya akong nagnakaw ng kanyang alagang manok. Napakababaw ng dahilan para manakit siya nang pisikal sa daan natin. Inabuso po ng aming kapitbahay ang aming,Neighbor Disputes
"shared wall sa pamamagitan ng pagkabit ng kanilang malaking exhaust fan na direktang bumubuga ng mantika at usok sa tapat ng aming bintana, kaya nagiging madumi ang aming bahay araw-araw sa loob natin sa kusina natin. Kinuha ng aking pinsan ang delivery truck ng Money / Debt Disputes aming maliit na negosyo at ginamit sa personal niyang paglipat ng bahay nang walang paalam sa amin doon. Nasira po ang clutch nito dahil sa maling paggamit at ayaw niya kaming bayaran sa repair ng sasakyan natin sa shop. Nagtalo kami sa pila ng traysikel sa kanto nang",Petty Criminal Offenses
bigla akong sinuntok ng isang drayber sa mukha. Namamaga po ang aking kanang pisngi ngayon kaya nais kong maghain ng reklamo laban sa kanya para sa ginawa niyang marahas na pananakit sa akin kahapon doon sa tapat ng sakayan. Inabuso po kami ng aming kapitbahay dahil,Neighbor Disputes
"ginawa nilang permanenteng garahe ng kanilang dalawang kotse ang tapat ng aming gate. Hindi na tuloy namin mailabas ang aming sariling sasakyan lalo na kapag may emergency kami sa gabi sa pamilya namin sa looban natin. Kinuha po ng aking katrabaho ang aking Money / Debt Disputes mamahaling jacket sa loob ng locker room ng aming kumpanya kahapon sa planta natin. Nakita siya sa security camera na suot-suot ito habang lumalabas ng gate, pero nung hiningi ko ay pinalalabas niya na sa kanya daw iyon sa tapat. Sinugod ako ng aking kapatid sa loob ng aking",Family Matters
sariling bakuran tapos nanuntok siya dahil sa away sa pampamilyang negosyo natin sa compound natin. Tinamaan ako sa balikat at pinagbantaan pa akong papatayin kung hindi ko ibibigay ang aking parte sa kanya ngayon sa daan. Inabuso po ng aming kapitbahay ang aming,Neighbor Disputes
bakod sa pamamagitan ng pagtatambak ng maruruming basura at sako doon na nagiging sanhi ng masangsang na amoy at dagsa ng mga uod na pumapasok na sa loob ng aming sala at kusina araw-araw sa amin doon sa pader natin. Kinuha ng kapitbahay ko ang aking mga hollow Money / Debt Disputes blocks na nakatambak sa tapat ng aking lote para sa gagawin kong bakod. Nakita sila ng aking anak na binuhat ang mga ito gabi-gabi para gamitin sa pagpapatayo ng kanilang sariling kusina sa likod nila sa tabi ng pader. Bigla na lang akong sinuntok ng aking,Petty Criminal Offenses
kapitbahay sa panga bahang ako ay nagwawalis sa tapat ng aming pinto kagabi sa looban natin. Galit na galit siya dahil natalsikan daw ng kaunting alikabok ang kanyang motorsiklo na nakaparada sa pampublikong daan sa tapat natin sa daan natin. Inabuso po ng aking asawa ang aming joint,Family Matters
account sa bangko. Kinuha niya ang lahat ng aming naipon para sa pag-aaral ng aming mga anak at ibinigay sa kanyang mga kamag-anak nang walang konsultasyon o pahintulot mula sa aking sarili sa pamilya natin sa bahay. Kinuha po ng aking tito ang mga dokumento ng,Family Matters
"aming lupang sakahan nang walang pahintulot ng aking ina kahapon sa probinsya natin. Ginagamit niya ito ngayon upang baguhin ang pangalan sa tax declaration para sa kanyang sariling kapakinabangan sa probinsya natin doon sa bukid natin. Habang ako ay namimili sa sari-sari store, bigla",Petty Criminal Offenses
akong sinuntok ng isang lasing na lalaki sa likod dahil lamang sa hindi ko siya binigyan ng barya para pambili ng sigarilyo. Maraming tao ang nakasaksi sa pangyayari na nagdulot sa akin ng hiya doon sa palengke natin. Inabuso po ng aming kapitbahay ang aming,Neighbor Disputes
bintana dahil doon niya direktang itinutok ang usok mula sa kanilang pagluluto gamit ang uling araw-araw. Nagiging sanhi ito ng ubo at hika ng aking mga maliliit na anak sa loob ng kwarto namin sa subdibisyon natin sa block. Kinuha ng aking kumpare ang aking mga gamit Money / Debt Disputes sa construction tulad ng welding machine at grinder nang walang paalam habang ako ay nasa trabaho sa site natin. Ginamit niya ito at nung ibinalik ay sunog na ang motor nito at ayaw niya akong bayaran sa repair nito sa shop natin. Nagtalo kami sa tamang linya ng patubig sa,Petty Criminal Offenses
bukid nang bigla akong sinuntok ng aking katabi sa mukha. Namamaga po ang aking kanang mata ngayon kaya hindi ako makasaka nang maayos dahil sa ginawa niyang marahas na pananakit sa akin doon sa bukid natin sa kanto. Inabuso po ng contractor ang aming,Contract Disputes
pinirmahang kasunduan para sa pagpapagawa ng kusina. Kinuha niya ang downpayment na sampung libong piso pero lampas na ang tatlong linggo ay wala pa ring nasisimulan at laging patay ang kanyang cellphone sa amin sa bahay natin. Kinuha po ng aking pinsan ang buong halaga,Family Matters
ng insurance payout ng aming namatay na lola nang walang abiso sa pamilya. Siya lang ang humawak ng pera at tuluyan niyang kinalimutan ang aming bahagi na napagkasunduan namin noon sa ospital sa amin sa probinsya natin. Sinugod ako ng aking kapitbahay sa loob ng,Petty Criminal Offenses
aking tindahan tapos nanuntok siya dahil napagbintangan niya akong nagnakaw ng kanyang alagang manok. Tinamaan ako sa braso at sinabihan pa akong hinding-hindi niya ako tatantanan sa barangay natin ngayon sa tapat ng daan. Inabuso po ng aming katabi sa compound ang,Neighbor Disputes
"shared laundry area sa pamamagitan ng pag-iwan ng kanilang mga maruruming balde doon nang ilang araw, kaya nag-aamoy panis at hindi kami makagamit nang maayos ng aking pamilya araw-araw doon sa looban natin sa pader. Kinuha ng kapitbahay ko ang aking alagang Money / Debt Disputes aso na nakatali sa loob ng aking bakuran habang kami ay nasa simbahan. Nakita siya ng isang bata sa purok na hinalit ang tali at ipinasok sa kanyang sariling bahay, pero ayaw niyang ibalik sa amin doon sa amin sa looban. Bigla na lang akong sinuntok sa mukha ng",Petty Criminal Offenses
aking kumpare habang kami ay nag-uusap sa tapat ng barangay hall tungkol sa utang niya sa akin. Masyado siyang naging agresibo nung sabihin kong kailangan na niyang magbayad dahil gipit din ako ngayon sa daan natin sa kanto. Inabuso po ng aking tiyahin ang aming,Family Matters
ancestral house sa pamamagitan ng paggawa nito bilang bodega ng kanyang mga paninda nang walang pahintulot ng aking pamilya. Nakatambak ang mga kahon kaya hindi na kami makadaan nang maayos sa loob ng sala natin sa bahay namin. Kinuha po ng katabing subdivision ang aming,Property Disputes
right-of-way sa pamamagitan ng pagtatayo ng konkretong pader na humaharang sa aming daanan patungo sa kalsada. Napipilitan tuloy kaming umikot sa napakalayong subdibisyon para lang makalabas gabi-gabi sa amin sa kanto natin. Habang nagwawalis ako sa labas ng aking,Petty Criminal Offenses
"pinto, bigla akong sinuntok ng isang kapitbahay sa likod dahil napagbintangan niya akong nagkakalat ng tsismis tungkol sa kanyang anak. Wala naman siyang katibayan pero nanakit siya nang pisikal sa akin doon sa eskinita natin. Inabuso po ng aking landlord ang aming",Contract Disputes
"karapatan bilang tenant sa pamamagitan ng pagpatay sa linya ng kuryente at tubig dahil lang nahuli kami ng dalawang araw sa pagbabayad ng renta, kahit na maayos naman kaming nagpaliwanag sa kanya kahapon sa daan natin sa labas. Kinuha ng aking bayaw ang aking motorsiklo",Family Matters
nang walang pahintulot habang ako ay natutulog sa loob ng bahay. Ibinenta pala niya ito sa isang kakilala niya sa kabilang purok para pambayad sa kanyang mga utang sa online sabong sa palengke natin doon sa tapat ng kanto. Nagtalo kami tungkol sa basurang itinapon sa,Petty Criminal Offenses
tapat ng aming pinto nang bigla akong sinuntok ng anak ng kapitbahay ko sa panga. Nawalan ako ng malay nang ilang segundo at masakit pa rin ang aking ngipin hanggang ngayon dahil sa lakas ng tama doon sa amin sa gate natin. Inabuso po kami ng aming kapitbahay dahil,Neighbor Disputes
"ginawa nilang permanenteng tambakan ng mga kalawangin at sirang yero ang gilid ng aming pader. Pinamumugaran na ito ng mga daga na pumapasok sa aming kusina pero nagmamatigas silang huwag linisin doon sa amin sa tapat ng gate. Kinuha po ng aking katrabaho ang aking ATM Money / Debt Disputes card sa loob ng aking bag habang ako ay nasa banyo, at nalaman ko na lang na nag-withdraw siya ng limang libong piso dahil alam niya ang aking pin code mula sa nakaraang transaksyon natin sa bangko natin sa opisina natin. Sinugod ako ng aking pinsan sa tapat ng aming",Family Matters
"gate tapos nanuntok siya dahil sa selos sa hatian ng ani sa aming bukid. Tinamaan ako sa mukha at nagkaroon ako ng sugat sa labi, kaya nais ko siyang ireklamo sa barangay para sa gulo na ito ngayon sa atin sa looban natin. Inabuso po ng technician ang aming kontrata",Contract Disputes
sa pag-aayos ng aircon. Kinuha niya ang paunang bayad para sa bagong compressor pero ang ikinabit pala niya ay isang lumang surplus na nasira din pagkalipas lang ng dalawang araw na paggamit sa amin doon sa pader natin. Kinuha ng may-ari ng katabing lupa ang aming,Property Disputes
"mga pananim na saging na malapit sa aming boundary line. Sinasabi niya na sa lupa niya tumubo ang mga puno kaya sa kanya ang mga prutas, kahit malinaw na nakatanim ang mga ito sa sakop ko sa titulo natin sa likod ng bahay. Bigla na lang akong sinuntok ng aking",Petty Criminal Offenses
kapitbahay sa mukha habang ako ay nagdidilig ng halaman sa labas ng aming bahay. Galit na galit siya dahil natalsikan daw ng kaunting tubig ang kanyang sapatos na nakatapat sa pampublikong eskinita sa amin sa tapat ng gate natin. Inabuso po ng aking landlord ang aming,Contract Disputes
"kontrata sa upa sa pamamagitan ng pagtaas ng renta ng limampung porsyento ngayong buwan nang walang pormal na abiso, at pinagbabantaan kaming palayasin agad kung hindi kami papayag sa gusto niya ngayon doon sa pader natin sa tabi. Kinuha po ng aking hipag ang motor ng aking",Family Matters
"asawa nang walang pahintulot habang kami ay nasa trabaho kahapon sa opisina natin sa kumpanya. Ibinenta pala niya ito sa isang kakilala niya sa kabilang barangay para pambayad sa kanyang mga utang sa bumbay sa palengke natin doon sa tapat ng tindahan. Habang naglalakad ako sa kalsada pauwi, bigla",Petty Criminal Offenses
akong hinarang ng aking kapitbahay na galit na galit at sinuntok ako sa balikat dahil napagbintangan niya akong nagnakaw ng kanyang alagang manok. Napakababaw ng dahilan para manakit siya nang pisikal sa daan natin sa purok. Inabuso po ng aming kapitbahay ang aming,Neighbor Disputes
"shared wall sa pamamagitan ng pagkabit ng kanilang malaking exhaust fan na direktang bumubuga ng mantika at usok sa tapat ng aming bintana, kaya nagiging madumi ang aming bahay araw-araw sa loob natin sa kusina natin sa pader. Kinuha ng aking pinsan ang delivery truck ng Money / Debt Disputes aming maliit na negosyo at ginamit sa personal niyang paglipat ng bahay nang walang paalam sa amin doon. Nasira po ang clutch nito dahil sa maling paggamit at ayaw niya kaming bayaran sa repair ng sasakyan natin sa shop natin. Nagtalo kami sa pila ng traysikel sa kanto nang",Petty Criminal Offenses
bigla akong sinuntok ng isang drayber sa mukha. Namamaga po ang aking kanang pisngi ngayon kaya nais kong maghain ng reklamo laban sa kanya para sa ginawa niyang marahas na pananakit sa akin kahapon doon sa tapat ng sakayan natin. Inabuso po kami ng aming kapitbahay dahil,Neighbor Disputes
"ginawa nilang permanenteng garahe ng kanilang dalawang kotse ang tapat ng aming gate. Hindi na tuloy namin mailabas ang aming sariling sasakyan lalo na kapag may emergency kami sa gabi sa pamilya namin sa looban natin sa subdibisyon. Kinuha po ng aking katrabaho ang aking Money / Debt Disputes mamahaling jacket sa loob ng locker room ng aming kumpanya kahapon sa planta natin sa tabi. Nakita siya sa security camera na suot-suot ito habang lumalabas ng gate, pero nung hiningi ko ay pinalalabas niya na sa kanya daw iyon sa tapat natin. Sinugod ako ng aking kapatid sa loob ng aking",Family Matters
sariling bakuran tapos nanuntok siya dahil sa away sa pampamilyang negosyo natin sa compound natin sa pamilya. Tinamaan ako sa balikat at pinagbantaan pa akong papatayin kung hindi ko ibibigay ang aking parte sa kanya ngayon sa daan natin. Inabuso po ng aming kapitbahay ang aming,Neighbor Disputes
bakod sa pamamagitan ng pagtatambak ng maruruming basura at sako doon na nagiging sanhi ng masangsang na amoy at dagsa ng mga uod na pumapasok na sa loob ng aming sala at kusina araw-araw sa amin doon sa pader natin sa looban. Kinuha ng kapitbahay ko ang aking mga hollow Money / Debt Disputes blocks na nakatambak sa tapat ng aking lote para sa gagawin kong bakod. Nakita sila ng aking anak na binuhat ang mga ito gabi-gabi para gamitin sa pagpapatayo ng kanilang sariling kusina sa likod nila sa tabi ng pader natin. Bigla na lang akong sinuntok ng aking,Petty Criminal Offenses
kapitbahay sa panga habang ako ay nagwawalis sa tapat ng aming pinto kagabi sa looban natin sa daan. Galit na galit siya dahil natalsikan daw ng kaunting alikabok ang kanyang motorsiklo na nakaparada sa pampublikong daan sa tapat natin sa daan natin sa labas. Inabuso po ng aking asawa ang aming joint,Family Matters
account sa bangko. Kinuha niya ang lahat ng aming naipon para sa pag-aaral ng aming mga anak at ibinigay sa kanyang mga kamag-anak nang walang konsultasyon o pahintulot mula sa aking sarili sa pamilya natin sa bahay natin. Kinuha po ng aking tito ang mga dokumento ng,Family Matters
"aming lupang sakahan nang walang pahintulot ng aking ina kahapon sa probinsya natin sa bukid. Ginagamit niya ito ngayon upang baguhin ang pangalan sa tax declaration para sa kanyang sariling kapakinabangan sa probinsya natin doon sa bukid natin sa kalsada. Habang ako ay namimili sa sari-sari store, bigla",Petty Criminal Offenses
akong sinuntok ng isang lasing na lalaki sa likod dahil lamang sa hindi ko siya binigyan ng barya para pambili ng sigarilyo. Maraming tao ang nakasaksi sa pangyayari na nagdulot sa akin ng hiya doon sa palengke natin sa tabi. Inabuso po ng aming kapitbahay ang aming,Neighbor Disputes
bintana dahil doon niya direktang itinutok ang usok mula sa kanilang pagluluto gamit ang uling araw-araw. Nagiging sanhi ito ng ubo at hika ng aking mga maliliit na anak sa loob ng kwarto namin sa subdibisyon natin sa block natin. Kinuha ng aking kumpare ang aking mga gamit Money / Debt Disputes sa construction tulad ng welding machine at grinder nang walang paalam habang ako ay nasa trabaho sa site natin sa kumpanya. Ginamit niya ito at nung ibinalik ay sunog na ang motor nito at ayaw niya akong bayaran sa repair nito sa shop natin sa kanto. Nagtalo kami sa tamang linya ng patubig sa,Petty Criminal Offenses
bukid nang bigla akong sinuntok ng aking katabi sa mukha. Namamaga po ang aking kanang mata ngayon kaya hindi ako makasaka nang maayos dahil sa ginawa niyang marahas na pananakit sa akin doon sa bukid natin sa kanto ng daan. Inabuso po ng contractor ang aming,Contract Disputes
pinirmahang kasunduan para sa pagpapagawa ng kusina. Kinuha niya ang downpayment na sampung libong piso pero lampas na ang tatlong linggo ay wala pa ring nasisimulan at laging patay ang kanyang cellphone sa amin sa bahay natin sa labas. Kinuha po ng aking pinsan ang buong halaga,Family Matters
ng insurance payout ng aming namatay na lola nang walang abiso sa pamilya. Siya lang ang humawak ng pera at tuluyan niyang kinalimutan ang aming bahagi na napagkasunduan namin noon sa ospital sa amin sa probinsya natin sa pamilya. Sinugod ako ng aking kapitbahay sa loob ng,Petty Criminal Offenses
aking tindahan tapos nanuntok siya dahil napagbintangan niya akong nagnakaw ng kanyang alagang manok. Tinamaan ako sa braso at sinabihan pa akong hinding-hindi niya ako tatantanan sa barangay natin ngayon sa tapat ng daan natin. Inabuso po ng aming katabi sa compound ang,Neighbor Disputes
"shared laundry area sa pamamagitan ng pag-iwan ng kanilang mga maruruming balde doon nang ilang araw, kaya nag-aamoy panis at hindi kami makagamit nang maayos ng aking pamilya araw-araw doon sa looban natin sa pader natin. Kinuha ng kapitbahay ko ang aking alagang Money / Debt Disputes aso na nakatali sa loob ng aking bakuran habang kami ay nasa simbahan. Nakita siya ng isang bata sa purok na hinalit ang tali at ipinasok sa kanyang sariling bahay, pero ayaw niyang ibalik sa amin doon sa amin sa looban natin. Bigla na lang akong sinuntok sa mukha ng",Petty Criminal Offenses
aking kumpare habang kami ay nag-uusap sa tapat ng barangay hall tungkol sa utang niya sa akin. Masyado siyang naging agresibo nung sabihin kong kailangan na niyang magbayad dahil gipit din ako ngayon sa daan natin sa kanto natin. Inabuso po ng aking tiyahin ang aming,Family Matters
ancestral house sa pamamagitan ng paggawa nito bilang bodega ng kanyang mga paninda nang walang pahintulot ng aking pamilya. Nakatambak ang mga kahon kaya hindi na kami makadaan nang maayos sa loob ng sala natin sa bahay namin sa looban. Kinuha po ng katabing subdivision ang aming,Property Disputes
right-of-way sa pamamagitan ng pagtatayo ng konkretong pader na humaharang sa aming daanan patungo sa kalsada. Napipilitan tuloy kaming umikot sa napakalayong subdibisyon para lang makalabas gabi-gabi sa amin sa kanto natin sa labas. Habang nagwawalis ako sa labas ng aking,Petty Criminal Offenses
"pinto, bigla akong sinuntok ng isang kapitbahay sa likod dahil napagbintangan niya akong nagkakalat ng tsismis tungkol sa kanyang anak. Wala naman siyang katibayan pero nanakit siya nang pisikal sa akin doon sa eskinita natin sa tapat. Inabuso po ng aking landlord ang aming",Contract Disputes
"karapatan bilang tenant sa pamamagitan ng pagpatay sa linya ng kuryente at tubig dahil lang nahuli kami ng dalawang araw sa pagbabayad ng renta, kahit na maayos naman kaming nagpaliwanag sa kanya kahapon sa daan natin sa labas ng pinto. Kinuha ng aking bayaw ang aking motorsiklo",Family Matters
nang walang pahintulot habang ako ay natutulog sa loob ng bahay. Ibinenta pala niya ito sa isang kakilala niya sa kabilang purok para pambayad sa kanyang mga utang sa online sabong sa palengke natin doon sa tapat ng kanto natin. Nagtalo kami tungkol sa basurang itinapon sa,Petty Criminal Offenses
tapat ng aming pinto nang bigla akong sinuntok ng anak ng kapitbahay ko sa panga. Nawalan ako ng malay nang ilang segundo at masakit pa rin ang aking ngipin hanggang ngayon dahil sa lakas ng tama doon sa amin sa gate natin sa labas. Inabuso po kami ng aming kapitbahay dahil,Neighbor Disputes
"ginawa nilang permanenteng tambakan ng mga kalawangin at sirang yero ang gilid ng aming pader. Pinamumugaran na ito ng mga daga na pumapasok sa aming kusina pero nagmamatigas silang huwag linisin doon sa amin sa tapat ng gate natin. Kinuha po ng aking katrabaho ang aking ATM Money / Debt Disputes card sa loob ng aking bag habang ako ay nasa banyo, at nalaman ko na lang na nag-withdraw siya ng limang libong piso dahil alam niya ang aking pin code mula sa nakaraang transaksyon natin sa bangko natin sa opisina natin sa kumpanya. Sinugod ako ng aking pinsan sa tapat ng aming",Family Matters
"gate tapos nanuntok siya dahil sa selos sa hatian ng ani sa aming bukid. Tinamaan ako sa mukha at nagkaroon ako ng sugat sa labi, kaya nais ko siyang ireklamo sa barangay para sa gulo na ito ngayon sa atin sa looban natin sa compound. Inabuso po ng technician ang aming kontrata",Contract Disputes
sa pag-aayos ng aircon. Kinuha niya ang paunang bayad para sa bagong compressor pero ang ikinabit pala niya ay isang lumang surplus na nasira din pagkalipas lang ng dalawang araw na paggamit sa amin doon sa pader natin sa bahay. Kinuha ng may-ari ng katabing lupa ang aming,Property Disputes
"mga pananim na saging na malapit sa aming boundary line. Sinasabi niya na sa lupa niya tumubo ang mga puno kaya sa kanya ang mga prutas, kahit malinaw na nakatanim ang mga ito sa sakop ko sa titulo natin sa likod ng bahay namin. Bigla na lang akong sinuntok ng aking",Petty Criminal Offenses
kapitbahay sa mukha habang ako ay nagdidilig ng halaman sa labas ng aming bahay. Galit na galit siya dahil natalsikan daw ng kaunting tubig ang kanyang sapatos na nakatapat sa pampublikong eskinita sa amin sa tapat ng gate natin sa kalsada. Inabuso po ng aking landlord ang aming,Contract Disputes
"kontrata sa upa sa pamamagitan ng pagtaas ng renta ng limampung porsyento ngayong buwan nang walang pormal na abiso, at pinagbabantaan kaming palayasin agad kung hindi kami papayag sa gusto niya ngayon doon sa pader natin sa tabi ng daan. Kinuha po ng aking hipag ang motor ng aking",Family Matters
"asawa nang walang pahintulot habang kami ay nasa trabaho kahapon sa opisina natin sa kumpanya natin. Ibinenta pala niya ito sa isang kakilala niya sa kabilang barangay para pambayad sa kanyang mga utang sa bumbay sa palengke natin doon sa tapat ng tindahan natin. Habang naglalakad ako sa kalsada pauwi, bigla",Petty Criminal Offenses
akong hinarang ng aking kapitbahay na galit na galit at sinuntok ako sa balikat dahil napagbintangan niya akong nagnakaw ng kanyang alagang manok. Napakababaw ng dahilan para manakit siya nang pisikal sa daan natin sa purok natin. Inabuso po ng aming kapitbahay ang aming,Neighbor Disputes
"shared wall sa pamamagitan ng pagkabit ng kanilang malaking exhaust fan na direktang bumubuga ng mantika at usok sa tapat ng aming bintana, kaya nagiging madumi ang aming bahay araw-araw sa loob natin sa kusina natin sa pader natin. Kinuha ng aking pinsan ang delivery truck ng Money / Debt Disputes aming maliit na negosyo at ginamit sa personal niyang paglipat ng bahay nang walang paalam sa amin doon. Nasira po ang clutch nito dahil sa maling paggamit at ayaw niya kaming bayaran sa repair ng sasakyan natin sa shop natin sa kanto. Nagtalo kami sa pila ng traysikel sa kanto nang",Petty Criminal Offenses
bigla akong sinuntok ng isang drayber sa mukha. Namamaga po ang aking kanang pisngi ngayon kaya nais kong maghain ng reklamo laban sa kanya para sa ginawa niyang marahas na pananakit sa akin kahapon doon sa tapat ng sakayan natin sa kalsada. Inabuso po kami ng aming kapitbahay dahil,Neighbor Disputes
"ginawa nilang permanenteng garahe ng kanilang dalawang kotse ang tapat ng aming gate. Hindi na tuloy namin mailabas ang aming sariling sasakyan lalo na kapag may emergency kami sa gabi sa pamilya namin sa looban natin sa subdibisyon natin. Kinuha po ng aking katrabaho ang aking Money / Debt Disputes mamahaling jacket sa loob ng locker room ng aming kumpanya kahapon sa planta natin sa tabi ng kalsada. Nakita siya sa security camera na suot-suot ito habang lumalabas ng gate, pero nung hiningi ko ay pinalalabas niya na sa kanya daw iyon sa tapat natin sa labas. Sinugod ako ng aking kapatid sa loob ng aking",Family Matters
sariling bakuran tapos nanuntok siya dahil sa away sa pampamilyang negosyo natin sa compound natin sa pamilya natin. Tinamaan ako sa balikat at pinagbantaan pa akong papatayin kung hindi ko ibibigay ang aking parte sa kanya ngayon sa daan natin. Inabuso po ng aming kapitbahay ang aming,Neighbor Disputes
